JvmtiExport can_access_local_variables 0
JvmtiExport can_hotswap_or_post_breakpoint 0
JvmtiExport can_post_on_exceptions 0
# 543 ciObject found
ciInstanceKlass java/lang/Cloneable 1 0 7 100 1 100 1 1 1
instanceKlass arc/math/geom/Polygon
instanceKlass mindustry/world/blocks/Autotiler$AutotilerHolder
instanceKlass mindustry/world/blocks/ItemSelection
instanceKlass java/util/IdentityHashMap$IdentityHashMapIterator
instanceKlass mindustry/world/Build
instanceKlass arc/math/geom/Bresenham2
instanceKlass mindustry/input/Placement$NormalizeDrawResult
instanceKlass mindustry/input/Placement$NormalizeResult
instanceKlass mindustry/input/Placement
instanceKlass arc/backend/sdl/SdlScanmap
instanceKlass mindustry/world/modules/ItemModule$ItemConsumer
instanceKlass mindustry/world/modules/ItemModule$ItemCalculator
instanceKlass rhino/NativeCollectionIterator$1
instanceKlass mi2u/graphics/HitboxBarDrawer
instanceKlass arc/struct/Queue$QueueIterable$QueueIterator
instanceKlass arc/struct/Queue$QueueIterable
instanceKlass mindustry/entities/EntityCollisions$SolidPred
instanceKlass mindustry/world/blocks/payloads/BuildPayload
instanceKlass mi2u/struct/UnitsData$UnitData
instanceKlass mi2u/struct/UnitsData$WaveData
instanceKlass mindustry/logic/LExecutor$1
instanceKlass mindustry/gen/Building$1
instanceKlass mindustry/entities/Units
instanceKlass adapter13
instanceKlass arc/struct/IntIntMap$Entry
instanceKlass arc/struct/IntIntMap$MapIterator
instanceKlass java/util/concurrent/ForkJoinPool$DefaultCommonPoolForkJoinWorkerThreadFactory$1
instanceKlass arc/graphics/g2d/SpriteBatch$CountingSort$CountingSortTask2
instanceKlass arc/graphics/g2d/SpriteBatch$CountingSort$CountingSortTask
instanceKlass arc/graphics/g2d/SpriteBatch$CountingSort
instanceKlass mi2u/graphics/UnitHealthNumbers$BuildingTracker
instanceKlass mi2u/graphics/UnitHealthNumbers$UnitTracker
instanceKlass mi2u/graphics/UnitHealthNumbers
instanceKlass mindustry/graphics/Layer
instanceKlass mindustry/audio/SoundControl$SoundData
instanceKlass mi2u/game/ExtendZoom
instanceKlass sun/security/ssl/Alert$AlertConsumer
instanceKlass mindustry/ai/ControlPathfinder$FieldCache
instanceKlass arc/struct/IntSet$IntSetIterator
instanceKlass mindustry/io/TypeIO$Boxed
instanceKlass mi2u/graphics/TurretZoneDrawer
instanceKlass mi2u/struct/UnitsData
instanceKlass java/util/zip/Deflater$DeflaterZStreamRef
instanceKlass java/util/zip/Deflater
instanceKlass rhino/DToA
instanceKlass mindustry/gen/PathTile
instanceKlass mindustry/async/PhysicsProcess$PhysicsWorld$PhysicsBody
instanceKlass mindustry/async/PhysicsProcess$PhysicsWorld
instanceKlass mindustry/graphics/BlockRenderer$CacheChunk
instanceKlass arc/graphics/gl/SpriteIndices
instanceKlass mindustry/world/Edges
instanceKlass mindustry/gen/PackTile
instanceKlass mindustry/gen/PackedTileData
instanceKlass mindustry/maps/filters/GenerateFilter$GenerateInput$TileProvider
instanceKlass mindustry/logic/LExecutor$UnitLocateI
instanceKlass mindustry/logic/LExecutor$UnitControlI
instanceKlass mindustry/logic/LExecutor$ReadI
instanceKlass mindustry/logic/LExecutor$PrintFlushI
instanceKlass mindustry/logic/LExecutor$PrintI
instanceKlass mindustry/logic/LExecutor$EffectI
instanceKlass mindustry/logic/LExecutor$UnitBindI
instanceKlass mindustry/logic/LExecutor$EndI
instanceKlass mindustry/logic/LExecutor$FetchI
instanceKlass mindustry/logic/LExecutor$SenseI
instanceKlass mindustry/logic/LExecutor$JumpI
instanceKlass mindustry/logic/LExecutor$OpI
instanceKlass mindustry/logic/LExecutor$GetBlockI
instanceKlass mindustry/logic/LExecutor$SetI
instanceKlass mindustry/logic/LExecutor$WaitI
instanceKlass mindustry/logic/ConditionOp$CondObjOpLambda
instanceKlass mindustry/logic/ConditionOp$CondOpLambda
instanceKlass mindustry/logic/LogicOp$OpLambda1
instanceKlass mindustry/logic/LogicOp$OpObjLambda2
instanceKlass mindustry/logic/LogicOp$OpLambda2
instanceKlass mindustry/gen/LogicIO
instanceKlass mindustry/logic/LParser
instanceKlass mindustry/logic/LAssembler
instanceKlass mi2u/struct/WorldData
instanceKlass java/lang/annotation/Documented
instanceKlass arc/util/Nullable
instanceKlass mindustry/mod/DataPatcher$PatchRecord
instanceKlass mindustry/mod/NoPatch
instanceKlass java/lang/reflect/WildcardType
instanceKlass sun/reflect/generics/tree/Wildcard
instanceKlass sun/reflect/generics/tree/BottomSignature
instanceKlass mindustry/mod/DataPatcher$FieldData
instanceKlass java/util/UUID$Holder
instanceKlass java/util/UUID
instanceKlass mindustry/io/SaveReadState
instanceKlass java/text/CalendarBuilder
instanceKlass java/text/ParsePosition
instanceKlass mindustry/mod/ModListing
instanceKlass sun/security/ssl/PreSharedKeyExtension$SHPreSharedKeySpec
instanceKlass sun/security/ssl/SSLEngineOutputRecord$RecordMemo
instanceKlass sun/security/ssl/SSLEngineOutputRecord$HandshakeFragment
instanceKlass sun/security/ssl/PreSharedKeyExtension$CHPreSharedKeySpec
instanceKlass sun/security/ssl/PreSharedKeyExtension$PskIdentity
instanceKlass mi2u/io/ModUpdateChecker$ReleaseAsset
instanceKlass sun/security/ec/ECDSAOperations
instanceKlass mindustry/logic/LExecutor$LocalePrintI
instanceKlass mindustry/logic/LExecutor$SetPropI
instanceKlass mindustry/logic/LExecutor$SetFlagI
instanceKlass mindustry/logic/LExecutor$SyncI
instanceKlass mindustry/logic/LExecutor$SetRateI
instanceKlass mindustry/logic/LExecutor$ExplosionI
instanceKlass mindustry/logic/LExecutor$SetRuleI
instanceKlass mindustry/logic/LExecutor$SpawnWaveI
instanceKlass mindustry/logic/LExecutor$SetWeatherI
instanceKlass mindustry/logic/LExecutor$ApplyEffectI
instanceKlass mindustry/logic/LExecutor$SpawnUnitI
instanceKlass mindustry/logic/LExecutor$SetBlockI
instanceKlass mindustry/logic/LExecutor$StopI
instanceKlass mindustry/logic/LExecutor$ControlI
instanceKlass mindustry/logic/LExecutor$WriteI
instanceKlass arc/func/Func3
instanceKlass mi2u/MI2UFuncs
instanceKlass mi2u/game/AutoUnit
instanceKlass mi2u/interact/AutoFill
instanceKlass jdk/internal/math/FormattedFloatingDecimal$2
instanceKlass jdk/internal/math/FormattedFloatingDecimal
instanceKlass mi2u/ModifyFuncs
instanceKlass mindustry/entities/Mover
instanceKlass mindustry/async/PhysicsProcess$PhysicRef
instanceKlass mindustry/world/ItemBuffer
instanceKlass mi2u/graphics/RendererExt
instanceKlass arc/scene/event/ElementGestureListener$2
instanceKlass arc/graphics/g2d/ScissorStack
instanceKlass mindustry/gen/UnderwaterMovec
instanceKlass mindustry/gen/Segmentc
instanceKlass mindustry/world/blocks/payloads/UnitPayload
instanceKlass arc/scene/event/InputListener$1
instanceKlass mindustry/graphics/Lod
instanceKlass arc/func/Longf
instanceKlass rhino/Hashtable$Entry
instanceKlass rhino/Hashtable$Iter
instanceKlass mindustry/net/WorldReloader
instanceKlass mindustry/net/Administration$Config
instanceKlass adapter9
instanceKlass adapter8
instanceKlass testing/editor/TerrainPaintbrush
instanceKlass testing/editor/PaintOperationStack
instanceKlass testing/editor/TerrainPainter
instanceKlass testing/util/TUVars
instanceKlass testing/dialogs/sound/LoadedSounds
instanceKlass arc/util/Time$DelayRun
instanceKlass arc/util/UnsafeRunnable
instanceKlass testing/buttons/LightSwitch
instanceKlass testing/buttons/Death
instanceKlass testing/buttons/Health
instanceKlass testing/buttons/TeamChanger
instanceKlass testing/buttons/Sandbox
instanceKlass testing/buttons/Effect
instanceKlass testing/buttons/Environment
instanceKlass testing/buttons/Spawn
instanceKlass rhino/v8dtoa/CachedPowers$CachedPower
instanceKlass rhino/v8dtoa/CachedPowers
instanceKlass rhino/v8dtoa/DiyFp
instanceKlass rhino/v8dtoa/DoubleHelper
instanceKlass rhino/v8dtoa/FastDtoaBuilder
instanceKlass rhino/v8dtoa/FastDtoa
instanceKlass adapter7
instanceKlass jdk/internal/icu/impl/NormalizerImpl$ReorderingBuffer
instanceKlass jdk/internal/icu/text/NormalizerBase$NFDModeImpl
instanceKlass jdk/internal/icu/text/ReplaceableString
instanceKlass jdk/internal/icu/text/Replaceable
instanceKlass jdk/internal/icu/text/UCharacterIterator
instanceKlass sun/text/CollatorUtilities
instanceKlass java/text/CollationElementIterator
instanceKlass sun/text/ComposedCharIter
instanceKlass java/text/EntryPair
instanceKlass java/text/PatternEntry
instanceKlass java/text/PatternEntry$Parser
instanceKlass java/text/MergeCollation
instanceKlass jdk/internal/icu/text/UTF16
instanceKlass jdk/internal/icu/impl/NormalizerImpl$UTF16Plus
instanceKlass jdk/internal/icu/impl/Norm2AllModes$NFCSingleton
instanceKlass sun/text/UCompactIntArray
instanceKlass sun/text/IntHashtable
instanceKlass java/text/RBCollationTables$BuildAPI
instanceKlass java/text/RBTableBuilder
instanceKlass java/text/RBCollationTables
instanceKlass sun/util/resources/provider/NonBaseLocaleDataMetaInfo
instanceKlass sun/util/locale/provider/BaseLocaleDataMetaInfo
instanceKlass java/text/Collator
instanceKlass rhino/Sorting
instanceKlass rhino/v8dtoa/DoubleConversion
instanceKlass rhino/IteratorLikeIterable$Itr
instanceKlass rhino/IteratorLikeIterable
instanceKlass silicondevil/ModConfig
instanceKlass fail/other/AutoBuild
instanceKlass mi2u/input/InputUtils
instanceKlass mi2u/alerts/AlertsManager
instanceKlass mi2u/alerts/AlertsUI
instanceKlass mi2u/alerts/AlertsMindow$1
instanceKlass mi2u/ui/MonitorCanvas$3
instanceKlass mi2u/ui/stats/Monitor
instanceKlass mi2u/ui/stats/Monitors$MonitorMeta
instanceKlass mi2u/ui/stats/Monitors
instanceKlass mi2u/struct/WorldData$WorldFinder
instanceKlass sun/net/www/http/KeepAliveEntry
instanceKlass sun/net/www/http/KeepAliveCache$1
instanceKlass sun/net/www/http/KeepAliveStreamCleaner$2
instanceKlass sun/net/www/http/KeepAliveStreamCleaner$1
instanceKlass arc/scene/actions/Actions
instanceKlass arc/util/Align
instanceKlass sun/net/www/http/Hurryable
instanceKlass sun/net/www/HeaderParser
instanceKlass mi2u/struct/FloatDataRecorder
instanceKlass mindustry/gen/Iconc
instanceKlass sun/net/www/protocol/http/AuthCacheImpl
instanceKlass sun/net/www/protocol/http/AuthCache
instanceKlass sun/net/www/protocol/http/AuthCacheValue
instanceKlass sun/net/DefaultProgressMeteringPolicy
instanceKlass sun/net/ProgressMeteringPolicy
instanceKlass sun/net/ProgressMonitor
instanceKlass sun/security/ssl/TransportContext$NotifyHandshake$1
instanceKlass sun/security/ssl/TransportContext$NotifyHandshake
instanceKlass java/util/EventObject
instanceKlass com/sun/crypto/provider/GaloisCounterMode$GCTRGHASH
instanceKlass java/util/Formattable
instanceKlass java/util/Formatter$Flags
instanceKlass java/util/Formatter$FormatSpecifier
instanceKlass java/util/Formatter$Conversion
instanceKlass java/util/Formatter$FixedString
instanceKlass java/util/Formatter$FormatString
instanceKlass java/util/Formatter
instanceKlass mi2u/game/FpsController
instanceKlass sun/security/ssl/SSLBasicKeyDerivation$SecretSizeSpec
instanceKlass sun/security/ssl/SSLBasicKeyDerivation
instanceKlass sun/security/ssl/Finished$1
instanceKlass sun/security/ssl/Finished$T13VerifyDataGenerator
instanceKlass sun/security/ssl/Finished$T12VerifyDataGenerator
instanceKlass sun/security/ssl/Finished$T10VerifyDataGenerator
instanceKlass sun/security/ssl/Finished$S30VerifyDataGenerator
instanceKlass sun/security/ssl/Finished$VerifyDataGenerator
instanceKlass sun/security/rsa/MGF1
instanceKlass mi2u/input/MBinding
instanceKlass sun/security/ssl/X509Authentication$X509Credentials
instanceKlass sun/security/util/DomainName$RegisteredDomainImpl
instanceKlass sun/security/util/DomainName$CommonMatch
instanceKlass sun/security/util/DomainName$Match
instanceKlass sun/security/util/DomainName$1
instanceKlass java/util/LinkedList$DescendingIterator
instanceKlass mi2u/MI2Utils$IntervalMillis
instanceKlass sun/security/util/DomainName$Rule
instanceKlass sun/security/util/DomainName$Rules$RuleSet
instanceKlass sun/security/util/DomainName$Rules$1
instanceKlass sun/security/util/DomainName$Rules
instanceKlass sun/security/util/DomainName
instanceKlass sun/security/util/RegisteredDomain
instanceKlass sun/security/util/HostnameChecker
instanceKlass mi2u/MI2UTmp
instanceKlass arc/func/FloatFloatf
instanceKlass sun/security/util/AnchorCertificates$1
instanceKlass sun/security/util/AnchorCertificates
instanceKlass sun/security/validator/SymantecTLSPolicy
instanceKlass java/util/RegularEnumSet$EnumSetIterator
instanceKlass mi2u/ai/Presets$MAI
instanceKlass sun/security/validator/CADistrustPolicy$2
instanceKlass mi2u/ai/Presets
instanceKlass java/util/Vector$Itr
instanceKlass java/security/cert/PKIXCertPathValidatorResult
instanceKlass java/security/cert/CertPathValidatorResult
instanceKlass mi2u/MI2Utils
instanceKlass mi2u/io/SettingHandler
instanceKlass mi2u/ai/FullAI$Mode$ModeMeta
instanceKlass mi2u/ai/FullAI$Mode
instanceKlass mi2u/MI2UVars
instanceKlass sun/security/rsa/RSAPadding
instanceKlass sun/security/rsa/RSACore
instanceKlass java/security/interfaces/RSAPrivateCrtKey
instanceKlass java/security/interfaces/RSAPrivateKey
instanceKlass sun/security/util/SignatureUtil
instanceKlass java/security/interfaces/DSAPublicKey
instanceKlass java/security/interfaces/DSAKey
instanceKlass sun/security/util/Length
instanceKlass sun/security/provider/certpath/CertPathConstraintsParameters
instanceKlass sun/security/util/ConstraintsParameters
instanceKlass sun/security/provider/certpath/PKIXMasterCertPathValidator
instanceKlass sun/security/provider/certpath/PolicyNodeImpl
instanceKlass java/security/cert/PolicyNode
instanceKlass testing/ui/TerrainPainterFragment
instanceKlass sun/security/util/UntrustedCertificates$1
instanceKlass sun/security/util/UntrustedCertificates
instanceKlass blui/ui/SafeReflect
instanceKlass java/security/cert/X509CertSelector
instanceKlass java/security/cert/CertSelector
instanceKlass sun/security/provider/certpath/PKIX$ValidatorParams
instanceKlass sun/security/provider/certpath/PKIX
instanceKlass java/security/cert/CertPath
instanceKlass java/security/cert/CertPathValidatorSpi
instanceKlass java/security/cert/CertPathValidator
instanceKlass sun/security/util/DisabledAlgorithmConstraints$CertPathHolder
instanceKlass java/security/cert/PKIXCertPathChecker
instanceKlass java/security/cert/CertPathChecker
instanceKlass java/security/Timestamp
instanceKlass sun/security/ssl/SSLAlgorithmConstraints$SupportedSignatureAlgorithmConstraints
instanceKlass blui/ui/BLStyles
instanceKlass blui/ui/BLSetup
instanceKlass testing/dialogs/sound/STable
instanceKlass jdk/internal/icu/util/CodePointTrie$Data
instanceKlass jdk/internal/icu/util/CodePointTrie$1
instanceKlass jdk/internal/icu/util/CodePointMap
instanceKlass jdk/internal/icu/impl/NormalizerImpl$IsAcceptable
instanceKlass jdk/internal/icu/impl/NormalizerImpl
instanceKlass jdk/internal/icu/impl/Norm2AllModes$Norm2AllModesSingleton
instanceKlass jdk/internal/icu/impl/Norm2AllModes$NFKCSingleton
instanceKlass jdk/internal/icu/impl/Norm2AllModes
instanceKlass jdk/internal/icu/text/Normalizer2
instanceKlass jdk/internal/icu/text/NormalizerBase$ModeImpl
instanceKlass jdk/internal/icu/text/NormalizerBase$NFKDModeImpl
instanceKlass jdk/internal/icu/text/NormalizerBase$1
instanceKlass jdk/internal/icu/text/NormalizerBase$Mode
instanceKlass jdk/internal/icu/text/NormalizerBase
instanceKlass java/text/Normalizer
instanceKlass sun/security/pkcs/SignerInfo
instanceKlass sun/security/pkcs/PKCS9Attribute
instanceKlass sun/security/x509/AVAKeyword
instanceKlass java/security/cert/PKIXParameters
instanceKlass java/security/cert/CertPathParameters
instanceKlass sun/security/provider/certpath/CertPathHelper
instanceKlass java/security/cert/TrustAnchor
instanceKlass sun/security/validator/EndEntityChecker
instanceKlass sun/security/validator/Validator
instanceKlass javax/net/ssl/SSLEngine
instanceKlass sun/security/ssl/CertificateMessage$CertificateEntry
instanceKlass sun/security/ssl/ServerNameExtension$SHServerNamesSpec
instanceKlass com/sun/crypto/provider/GHASH
instanceKlass com/sun/crypto/provider/GCM
instanceKlass com/sun/crypto/provider/GaloisCounterMode$GCMEngine
instanceKlass javax/crypto/spec/GCMParameterSpec
instanceKlass sun/security/ssl/ChangeCipherSpec$T13ChangeCipherSpecConsumer
instanceKlass sun/security/ssl/ChangeCipherSpec$T10ChangeCipherSpecProducer
instanceKlass sun/security/ssl/ChangeCipherSpec$T10ChangeCipherSpecConsumer
instanceKlass sun/security/ssl/ChangeCipherSpec
instanceKlass javax/crypto/spec/IvParameterSpec
instanceKlass sun/security/ssl/SSLTrafficKeyDerivation$T13TrafficKeyDerivation
instanceKlass sun/security/ssl/SSLTrafficKeyDerivation$1
instanceKlass sun/security/ssl/SSLTrafficKeyDerivation$T13TrafficKeyDerivationGenerator
instanceKlass sun/security/ssl/SSLTrafficKeyDerivation$T12TrafficKeyDerivationGenerator
instanceKlass sun/security/ssl/SSLTrafficKeyDerivation$T10TrafficKeyDerivationGenerator
instanceKlass sun/security/ssl/SSLTrafficKeyDerivation$S30TrafficKeyDerivationGenerator
instanceKlass sun/security/ssl/SSLKeyDerivationGenerator
instanceKlass sun/security/ssl/SSLSecretDerivation
instanceKlass javax/crypto/MacSpi
instanceKlass javax/crypto/Mac
instanceKlass sun/security/ssl/HKDF
instanceKlass javax/crypto/spec/SecretKeySpec$1
instanceKlass jdk/internal/access/JavaxCryptoSpecAccess
instanceKlass javax/crypto/spec/SecretKeySpec
instanceKlass javax/crypto/SecretKey
instanceKlass javax/crypto/KeyAgreementSpi
instanceKlass sun/security/ssl/KAKeyDerivation
instanceKlass sun/security/ssl/XDHKeyExchange$XDHEKAGenerator
instanceKlass sun/security/ssl/XDHKeyExchange
instanceKlass java/security/spec/XECPublicKeySpec
instanceKlass sun/security/ssl/XDHKeyExchange$XDHECredentials
instanceKlass sun/security/ssl/NamedGroupCredentials
instanceKlass sun/security/ssl/KeyShareExtension$SHKeyShareSpec
instanceKlass sun/security/ssl/HandshakeHash$CloneableHash
instanceKlass sun/security/ssl/HandshakeHash$T13HandshakeHash
instanceKlass sun/security/ssl/SupportedVersionsExtension$SHSupportedVersionsSpec
instanceKlass sun/security/ssl/TransportContext$1
instanceKlass sun/security/ssl/Plaintext
instanceKlass blui/ui/BLElements
instanceKlass mindustry/world/meta/StatUnit
instanceKlass testing/ui/TUDialogs
instanceKlass blui/BLVars
instanceKlass testing/util/Setup
instanceKlass mindustry/ui/dialogs/SettingsMenuDialog$SettingsCategory
instanceKlass testing/util/TUSettings
instanceKlass testing/ui/TUStyles
instanceKlass testing/util/TUIcons
instanceKlass mindustry/ui/fragments/FadeInFragment
instanceKlass mindustry/ui/fragments/MenuFragment$MenuButton
instanceKlass arc/graphics/g2d/SpriteCache$Cache
instanceKlass arc/graphics/g2d/SpriteCache
instanceKlass mindustry/world/Tiles$TileIterator
instanceKlass mindustry/graphics/MenuRenderer
instanceKlass mindustry/ui/IntFormat
instanceKlass sun/security/ssl/OutputRecord$T13PaddingHolder
instanceKlass sun/security/ssl/KeyShareExtension$CHKeyShareSpec
instanceKlass sun/security/util/ArrayUtil
instanceKlass java/security/interfaces/ECPrivateKey
instanceKlass mindustry/ui/layout/TreeLayout$TreeNode
instanceKlass sun/security/ec/ECOperations
instanceKlass sun/security/ssl/ECDHKeyExchange$ECDHEPossession
instanceKlass sun/security/ssl/KeyShareExtension$KeyShareEntry
instanceKlass sun/security/ssl/XDHKeyExchange$1
instanceKlass sun/security/pkcs/PKCS8Key
instanceKlass java/security/interfaces/XECPrivateKey
instanceKlass java/security/interfaces/XECPublicKey
instanceKlass java/security/interfaces/XECKey
instanceKlass java/security/KeyPair
instanceKlass sun/security/util/math/MutableIntegerModuloP
instanceKlass sun/security/jca/JCAUtil$CachedSecureRandomHolder
instanceKlass sun/security/ec/XECOperations
instanceKlass sun/security/ec/XECParameters
instanceKlass sun/security/ssl/XDHKeyExchange$XDHEPossession
instanceKlass sun/security/ssl/ECDHKeyExchange$ECDHEXDHKAGenerator
instanceKlass sun/security/ssl/ECDHKeyExchange$ECDHEKAGenerator
instanceKlass sun/security/ssl/ECDHKeyExchange$ECDHKAGenerator
instanceKlass sun/security/ssl/ECDHKeyExchange$ECDHEPossessionGenerator
instanceKlass sun/security/ssl/ECDHKeyExchange
instanceKlass sun/security/ssl/DHKeyExchange$DHEKAGenerator
instanceKlass sun/security/ssl/DHKeyExchange$DHEPossessionGenerator
instanceKlass sun/security/ssl/DHKeyExchange
instanceKlass sun/security/ssl/RSAKeyExchange$RSAKAGenerator
instanceKlass sun/security/ssl/RSAKeyExchange$EphemeralRSAPossessionGenerator
instanceKlass sun/security/ssl/RSAKeyExchange
instanceKlass sun/security/ssl/SSLKeyExchange$T13KeyAgreement
instanceKlass sun/security/ssl/SSLKeyAgreement
instanceKlass sun/security/ssl/SSLPossessionGenerator
instanceKlass sun/security/ssl/SSLKeyExchange
instanceKlass sun/security/ssl/SSLHandshakeBinding
instanceKlass sun/security/ssl/SSLKeyAgreementGenerator
instanceKlass sun/security/ssl/PskKeyExchangeModesExtension$PskKeyExchangeModesSpec
instanceKlass sun/security/ssl/SupportedVersionsExtension$CHSupportedVersionsSpec
instanceKlass sun/security/ssl/SignatureAlgorithmsExtension$SignatureSchemesSpec
instanceKlass sun/security/ssl/ExtendedMasterSecretExtension$ExtendedMasterSecretSpec
instanceKlass sun/security/ssl/CertStatusExtension$CertStatusRequestV2Spec
instanceKlass sun/security/ssl/ECPointFormatsExtension$ECPointFormatsSpec
instanceKlass sun/security/ssl/SupportedGroupsExtension$SupportedGroupsSpec
instanceKlass sun/security/ssl/CertStatusExtension$CertStatusRequest
instanceKlass sun/security/ssl/CertStatusExtension$CertStatusRequestSpec
instanceKlass sun/security/ssl/ServerNameExtension$CHServerNamesSpec
instanceKlass sun/security/ssl/SSLExtension$SSLExtensionSpec
instanceKlass sun/security/ssl/SSLExtension$ClientExtensions
instanceKlass sun/security/ssl/PreSharedKeyExtension$SHPreSharedKeyStringizer
instanceKlass sun/security/ssl/PreSharedKeyExtension$SHPreSharedKeyAbsence
instanceKlass sun/security/ssl/PreSharedKeyExtension$SHPreSharedKeyConsumer
instanceKlass sun/security/ssl/PreSharedKeyExtension$SHPreSharedKeyProducer
instanceKlass sun/security/ssl/PreSharedKeyExtension$CHPreSharedKeyStringizer
instanceKlass sun/security/ssl/PreSharedKeyExtension$CHPreSharedKeyOnTradeAbsence
instanceKlass sun/security/ssl/PreSharedKeyExtension$CHPreSharedKeyUpdate
instanceKlass sun/security/ssl/PreSharedKeyExtension$CHPreSharedKeyOnLoadAbsence
instanceKlass sun/security/ssl/PreSharedKeyExtension$CHPreSharedKeyConsumer
instanceKlass sun/security/ssl/PreSharedKeyExtension$CHPreSharedKeyProducer
instanceKlass sun/security/ssl/PreSharedKeyExtension
instanceKlass sun/security/ssl/RenegoInfoExtension$RenegotiationInfoStringizer
instanceKlass sun/security/ssl/RenegoInfoExtension$SHRenegotiationInfoAbsence
instanceKlass sun/security/ssl/RenegoInfoExtension$SHRenegotiationInfoConsumer
instanceKlass sun/security/ssl/RenegoInfoExtension$SHRenegotiationInfoProducer
instanceKlass sun/security/ssl/RenegoInfoExtension$CHRenegotiationInfoAbsence
instanceKlass sun/security/ssl/RenegoInfoExtension$CHRenegotiationInfoConsumer
instanceKlass sun/security/ssl/RenegoInfoExtension$CHRenegotiationInfoProducer
instanceKlass sun/security/ssl/RenegoInfoExtension
instanceKlass sun/security/ssl/KeyShareExtension$HRRKeyShareStringizer
instanceKlass sun/security/ssl/KeyShareExtension$HRRKeyShareReproducer
instanceKlass sun/security/ssl/KeyShareExtension$HRRKeyShareConsumer
instanceKlass sun/security/ssl/KeyShareExtension$HRRKeyShareProducer
instanceKlass sun/security/ssl/KeyShareExtension$SHKeyShareStringizer
instanceKlass sun/security/ssl/KeyShareExtension$SHKeyShareAbsence
instanceKlass sun/security/ssl/KeyShareExtension$SHKeyShareConsumer
instanceKlass sun/security/ssl/KeyShareExtension$SHKeyShareProducer
instanceKlass sun/security/ssl/KeyShareExtension$CHKeyShareStringizer
instanceKlass sun/security/ssl/KeyShareExtension$CHKeyShareOnTradeAbsence
instanceKlass sun/security/ssl/KeyShareExtension$CHKeyShareConsumer
instanceKlass sun/security/ssl/KeyShareExtension$CHKeyShareProducer
instanceKlass sun/security/ssl/KeyShareExtension
instanceKlass sun/security/ssl/CertSignAlgsExtension$CertSignatureSchemesStringizer
instanceKlass sun/security/ssl/CertSignAlgsExtension$CRCertSignatureSchemesUpdate
instanceKlass sun/security/ssl/CertSignAlgsExtension$CRCertSignatureSchemesConsumer
instanceKlass sun/security/ssl/CertSignAlgsExtension$CRCertSignatureSchemesProducer
instanceKlass sun/security/ssl/CertSignAlgsExtension$CHCertSignatureSchemesUpdate
instanceKlass sun/security/ssl/CertSignAlgsExtension$CHCertSignatureSchemesConsumer
instanceKlass sun/security/ssl/CertSignAlgsExtension$CHCertSignatureSchemesProducer
instanceKlass sun/security/ssl/CertSignAlgsExtension
instanceKlass sun/security/ssl/CertificateAuthoritiesExtension$CertificateAuthoritiesStringizer
instanceKlass sun/security/ssl/CertificateAuthoritiesExtension$CRCertificateAuthoritiesConsumer
instanceKlass sun/security/ssl/CertificateAuthoritiesExtension$CRCertificateAuthoritiesProducer
instanceKlass sun/security/ssl/CertificateAuthoritiesExtension$CHCertificateAuthoritiesConsumer
instanceKlass sun/security/ssl/CertificateAuthoritiesExtension$CHCertificateAuthoritiesProducer
instanceKlass sun/security/ssl/CertificateAuthoritiesExtension
instanceKlass sun/security/ssl/PskKeyExchangeModesExtension$PskKeyExchangeModesStringizer
instanceKlass sun/security/ssl/PskKeyExchangeModesExtension$PskKeyExchangeModesOnTradeAbsence
instanceKlass sun/security/ssl/PskKeyExchangeModesExtension$PskKeyExchangeModesOnLoadAbsence
instanceKlass sun/security/ssl/PskKeyExchangeModesExtension$PskKeyExchangeModesConsumer
instanceKlass sun/security/ssl/PskKeyExchangeModesExtension$PskKeyExchangeModesProducer
instanceKlass sun/security/ssl/PskKeyExchangeModesExtension
instanceKlass sun/security/ssl/CookieExtension$CookieStringizer
instanceKlass sun/security/ssl/CookieExtension$HRRCookieReproducer
instanceKlass sun/security/ssl/CookieExtension$HRRCookieConsumer
instanceKlass sun/security/ssl/CookieExtension$HRRCookieProducer
instanceKlass sun/security/ssl/CookieExtension$CHCookieUpdate
instanceKlass sun/security/ssl/CookieExtension$CHCookieConsumer
instanceKlass sun/security/ssl/CookieExtension$CHCookieProducer
instanceKlass sun/security/ssl/CookieExtension
instanceKlass sun/security/ssl/SupportedVersionsExtension$HRRSupportedVersionsReproducer
instanceKlass sun/security/ssl/SupportedVersionsExtension$HRRSupportedVersionsConsumer
instanceKlass sun/security/ssl/SupportedVersionsExtension$HRRSupportedVersionsProducer
instanceKlass sun/security/ssl/SupportedVersionsExtension$SHSupportedVersionsStringizer
instanceKlass sun/security/ssl/SupportedVersionsExtension$SHSupportedVersionsConsumer
instanceKlass sun/security/ssl/SupportedVersionsExtension$SHSupportedVersionsProducer
instanceKlass sun/security/ssl/SupportedVersionsExtension$CHSupportedVersionsStringizer
instanceKlass sun/security/ssl/SupportedVersionsExtension$CHSupportedVersionsConsumer
instanceKlass sun/security/ssl/SupportedVersionsExtension$CHSupportedVersionsProducer
instanceKlass sun/security/ssl/SupportedVersionsExtension
instanceKlass sun/security/ssl/SignatureAlgorithmsExtension$SignatureSchemesStringizer
instanceKlass sun/security/ssl/SignatureAlgorithmsExtension$CRSignatureSchemesUpdate
instanceKlass sun/security/ssl/SignatureAlgorithmsExtension$CRSignatureSchemesAbsence
instanceKlass sun/security/ssl/SignatureAlgorithmsExtension$CRSignatureSchemesConsumer
instanceKlass sun/security/ssl/SignatureAlgorithmsExtension$CRSignatureSchemesProducer
instanceKlass sun/security/ssl/SignatureAlgorithmsExtension$CHSignatureSchemesOnTradeAbsence
instanceKlass sun/security/ssl/SignatureAlgorithmsExtension$CHSignatureSchemesUpdate
instanceKlass sun/security/ssl/SignatureAlgorithmsExtension$CHSignatureSchemesOnLoadAbsence
instanceKlass sun/security/ssl/SignatureAlgorithmsExtension$CHSignatureSchemesConsumer
instanceKlass sun/security/ssl/SignatureAlgorithmsExtension$CHSignatureSchemesProducer
instanceKlass sun/security/ssl/SignatureAlgorithmsExtension
instanceKlass sun/security/ssl/SessionTicketExtension$SessionTicketStringizer
instanceKlass sun/security/ssl/SessionTicketExtension$T12SHSessionTicketConsumer
instanceKlass sun/security/ssl/SessionTicketExtension$T12CHSessionTicketConsumer
instanceKlass sun/security/ssl/SessionTicketExtension
instanceKlass sun/security/ssl/ExtendedMasterSecretExtension$ExtendedMasterSecretStringizer
instanceKlass sun/security/ssl/ExtendedMasterSecretExtension$SHExtendedMasterSecretAbsence
instanceKlass sun/security/ssl/ExtendedMasterSecretExtension$SHExtendedMasterSecretConsumer
instanceKlass sun/security/ssl/ExtendedMasterSecretExtension$SHExtendedMasterSecretProducer
instanceKlass sun/security/ssl/ExtendedMasterSecretExtension$CHExtendedMasterSecretAbsence
instanceKlass sun/security/ssl/ExtendedMasterSecretExtension$CHExtendedMasterSecretConsumer
instanceKlass sun/security/ssl/ExtendedMasterSecretExtension$CHExtendedMasterSecretProducer
instanceKlass sun/security/ssl/ExtendedMasterSecretExtension
instanceKlass sun/security/ssl/AlpnExtension$AlpnStringizer
instanceKlass sun/security/ssl/AlpnExtension$SHAlpnAbsence
instanceKlass sun/security/ssl/AlpnExtension$SHAlpnConsumer
instanceKlass sun/security/ssl/AlpnExtension$SHAlpnProducer
instanceKlass sun/security/ssl/AlpnExtension$CHAlpnAbsence
instanceKlass sun/security/ssl/AlpnExtension$CHAlpnConsumer
instanceKlass sun/security/ssl/AlpnExtension$CHAlpnProducer
instanceKlass sun/security/ssl/AlpnExtension
instanceKlass sun/security/ssl/ECPointFormatsExtension$ECPointFormatsStringizer
instanceKlass sun/security/ssl/ECPointFormatsExtension$SHECPointFormatsConsumer
instanceKlass sun/security/ssl/ECPointFormatsExtension$CHECPointFormatsConsumer
instanceKlass sun/security/ssl/ECPointFormatsExtension$CHECPointFormatsProducer
instanceKlass sun/security/ssl/ECPointFormatsExtension
instanceKlass sun/security/ssl/SupportedGroupsExtension$EESupportedGroupsConsumer
instanceKlass sun/security/ssl/SupportedGroupsExtension$SupportedGroupsStringizer
instanceKlass sun/security/ssl/SupportedGroupsExtension$CHSupportedGroupsOnTradeAbsence
instanceKlass sun/security/ssl/SupportedGroupsExtension$CHSupportedGroupsConsumer
instanceKlass sun/security/ssl/SupportedGroupsExtension
instanceKlass sun/security/ssl/CertStatusExtension$CertStatusRespStringizer
instanceKlass sun/security/ssl/CertStatusExtension$CertStatusRequestsStringizer
instanceKlass sun/security/ssl/CertStatusExtension$SHCertStatusReqV2Consumer
instanceKlass sun/security/ssl/CertStatusExtension$SHCertStatusReqV2Producer
instanceKlass sun/security/ssl/CertStatusExtension$CHCertStatusReqV2Consumer
instanceKlass sun/security/ssl/CertStatusExtension$CHCertStatusReqV2Producer
instanceKlass sun/security/ssl/CertStatusExtension$CertStatusRequestStringizer
instanceKlass sun/security/ssl/CertStatusExtension$CTCertStatusResponseConsumer
instanceKlass sun/security/ssl/CertStatusExtension$CTCertStatusResponseProducer
instanceKlass sun/security/ssl/CertStatusExtension$SHCertStatusReqConsumer
instanceKlass sun/security/ssl/CertStatusExtension$SHCertStatusReqProducer
instanceKlass sun/security/ssl/CertStatusExtension$CHCertStatusReqConsumer
instanceKlass sun/security/ssl/CertStatusExtension$CHCertStatusReqProducer
instanceKlass sun/security/ssl/CertStatusExtension
instanceKlass sun/security/ssl/MaxFragExtension$MaxFragLenStringizer
instanceKlass sun/security/ssl/MaxFragExtension$EEMaxFragmentLengthUpdate
instanceKlass sun/security/ssl/MaxFragExtension$EEMaxFragmentLengthConsumer
instanceKlass sun/security/ssl/MaxFragExtension$EEMaxFragmentLengthProducer
instanceKlass sun/security/ssl/MaxFragExtension$SHMaxFragmentLengthUpdate
instanceKlass sun/security/ssl/MaxFragExtension$SHMaxFragmentLengthConsumer
instanceKlass sun/security/ssl/MaxFragExtension$SHMaxFragmentLengthProducer
instanceKlass sun/security/ssl/MaxFragExtension$CHMaxFragmentLengthConsumer
instanceKlass sun/security/ssl/MaxFragExtension$CHMaxFragmentLengthProducer
instanceKlass sun/security/ssl/MaxFragExtension
instanceKlass sun/security/ssl/ServerNameExtension$EEServerNameConsumer
instanceKlass sun/security/ssl/ServerNameExtension$EEServerNameProducer
instanceKlass sun/security/ssl/ServerNameExtension$SHServerNamesStringizer
instanceKlass sun/security/ssl/ServerNameExtension$SHServerNameConsumer
instanceKlass sun/security/ssl/ServerNameExtension$SHServerNameProducer
instanceKlass sun/security/ssl/ServerNameExtension$CHServerNamesStringizer
instanceKlass sun/security/ssl/ServerNameExtension$CHServerNameConsumer
instanceKlass sun/security/ssl/SSLExtension$ExtensionConsumer
instanceKlass sun/security/ssl/ServerNameExtension$CHServerNameProducer
instanceKlass sun/security/ssl/ServerNameExtension
instanceKlass sun/security/ssl/SSLStringizer
instanceKlass sun/security/ssl/SSLExtensions
instanceKlass sun/security/ssl/SSLHandshake$HandshakeMessage
instanceKlass sun/security/ssl/RandomCookie
instanceKlass java/util/ComparableTimSort
instanceKlass sun/security/util/KeyUtil
instanceKlass sun/security/ssl/SupportedGroupsExtension$SupportedGroups
instanceKlass sun/security/ssl/SSLKeyDerivation
instanceKlass sun/security/ssl/SSLCredentials
instanceKlass sun/security/ssl/NamedGroupPossession
instanceKlass sun/security/ssl/SSLPossession
instanceKlass sun/security/ssl/HandshakeContext
instanceKlass sun/security/ssl/SSLConfiguration$1
instanceKlass javax/net/ssl/SSLParameters
instanceKlass sun/net/www/protocol/http/AuthenticatorKeys
instanceKlass sun/nio/ch/ExtendedSocketOption$1
instanceKlass sun/nio/ch/ExtendedSocketOption
instanceKlass sun/nio/ch/OptionKey
instanceKlass sun/nio/ch/SocketOptionRegistry$LazyInitialization
instanceKlass sun/nio/ch/SocketOptionRegistry$RegistryKey
instanceKlass sun/nio/ch/SocketOptionRegistry
instanceKlass java/net/StandardSocketOptions$StdSocketOption
instanceKlass java/net/StandardSocketOptions
instanceKlass jdk/internal/icu/impl/Trie2$UTrie2Header
instanceKlass jdk/internal/icu/impl/Trie2$1
instanceKlass jdk/internal/icu/impl/Trie2$ValueMapper
instanceKlass jdk/internal/icu/impl/Trie2
instanceKlass jdk/internal/icu/impl/UCharacterProperty$IsAcceptable
instanceKlass jdk/internal/icu/impl/ICUBinary$1
instanceKlass jdk/internal/icu/impl/UCharacterProperty$IntProperty
instanceKlass jdk/internal/icu/impl/UCharacterProperty
instanceKlass jdk/internal/icu/lang/UCharacter
instanceKlass jdk/internal/icu/util/VersionInfo
instanceKlass jdk/internal/icu/impl/Trie
instanceKlass jdk/internal/icu/text/StringPrep$StringPrepTrieImpl
instanceKlass jdk/internal/icu/impl/Trie$DataManipulate
instanceKlass jdk/internal/icu/impl/ICUBinary
instanceKlass jdk/internal/icu/impl/StringPrepDataReader
instanceKlass jdk/internal/icu/impl/ICUBinary$Authenticate
instanceKlass jdk/internal/icu/text/StringPrep
instanceKlass java/net/IDN
instanceKlass javax/net/ssl/SNIServerName
instanceKlass sun/net/NetHooks
instanceKlass java/net/SocksSocketImpl$3
instanceKlass java/net/InetSocketAddress$InetSocketAddressHolder
instanceKlass java/util/concurrent/atomic/Striped64$1
instanceKlass java/net/InetAddress$CachedAddresses
instanceKlass sun/net/InetAddressCachePolicy$2
instanceKlass sun/net/InetAddressCachePolicy$1
instanceKlass sun/net/InetAddressCachePolicy
instanceKlass java/net/InetAddress$NameServiceAddresses
instanceKlass java/net/InetAddress$Addresses
instanceKlass java/util/concurrent/ConcurrentSkipListMap$Iter
instanceKlass sun/security/ssl/SessionId
instanceKlass java/util/concurrent/ConcurrentLinkedQueue$Node
instanceKlass java/security/spec/MGF1ParameterSpec
instanceKlass sun/security/ec/ParametersMap$1
instanceKlass sun/security/ec/ed/EdDSAParameters$SHAKE256DigesterFactory
instanceKlass sun/security/ec/point/ProjectivePoint
instanceKlass sun/security/ec/ed/EdDSAParameters$Digester
instanceKlass sun/security/ec/ed/EdDSAParameters$SHA512DigesterFactory
instanceKlass sun/security/ec/point/ExtendedHomogeneousPoint
instanceKlass sun/security/ec/point/AffinePoint
instanceKlass sun/security/util/math/intpoly/IntegerPolynomial$Limb
instanceKlass sun/security/util/math/SmallValue
instanceKlass sun/security/ec/point/MutablePoint
instanceKlass sun/security/ec/point/ImmutablePoint
instanceKlass sun/security/util/math/intpoly/IntegerPolynomial$Element
instanceKlass sun/security/util/math/ImmutableIntegerModuloP
instanceKlass sun/security/util/math/IntegerModuloP
instanceKlass java/math/MutableBigInteger
instanceKlass sun/security/util/math/intpoly/IntegerPolynomial
instanceKlass sun/security/ec/ParametersMap
instanceKlass sun/security/ec/ed/EdECOperations
instanceKlass sun/security/ec/ed/EdDSAParameters$DigesterFactory
instanceKlass sun/security/util/math/IntegerFieldModuloP
instanceKlass sun/security/ec/ed/EdDSAParameters
instanceKlass java/security/spec/EdDSAParameterSpec
instanceKlass sun/security/ec/ed/EdDSASignature$MessageAccumulator
instanceKlass javax/crypto/spec/DHParameterSpec
instanceKlass sun/security/ssl/PredefinedDHParameterSpecs$1
instanceKlass sun/security/ssl/PredefinedDHParameterSpecs
instanceKlass javax/net/ssl/ExtendedSSLSession
instanceKlass javax/net/ssl/SSLSession
instanceKlass sun/security/ssl/SSLConfiguration$CustomizedClientSignatureSchemes
instanceKlass javax/crypto/KeyGeneratorSpi
instanceKlass javax/crypto/KeyGenerator
instanceKlass sun/security/ssl/SSLConfiguration
instanceKlass sun/security/ssl/SSLCipher$SSLWriteCipher
instanceKlass sun/security/ssl/KeyUpdate$KeyUpdateProducer
instanceKlass sun/security/ssl/KeyUpdate$KeyUpdateConsumer
instanceKlass sun/security/ssl/KeyUpdate$KeyUpdateKickstartProducer
instanceKlass sun/security/ssl/KeyUpdate
instanceKlass sun/security/ssl/CertificateStatus$CertificateStatusAbsence
instanceKlass sun/security/ssl/HandshakeAbsence
instanceKlass sun/security/ssl/CertificateStatus$CertificateStatusProducer
instanceKlass sun/security/ssl/CertificateStatus$CertificateStatusConsumer
instanceKlass sun/security/ssl/CertificateStatus
instanceKlass sun/security/ssl/Finished$T13FinishedProducer
instanceKlass sun/security/ssl/Finished$T13FinishedConsumer
instanceKlass sun/security/ssl/Finished$T12FinishedProducer
instanceKlass sun/security/ssl/Finished$T12FinishedConsumer
instanceKlass sun/security/ssl/Finished
instanceKlass sun/security/ssl/ClientKeyExchange$ClientKeyExchangeProducer
instanceKlass sun/security/ssl/ClientKeyExchange$ClientKeyExchangeConsumer
instanceKlass sun/security/ssl/ClientKeyExchange
instanceKlass sun/security/ssl/CertificateVerify$T13CertificateVerifyProducer
instanceKlass sun/security/ssl/CertificateVerify$T13CertificateVerifyConsumer
instanceKlass sun/security/ssl/CertificateVerify$T12CertificateVerifyProducer
instanceKlass sun/security/ssl/CertificateVerify$T12CertificateVerifyConsumer
instanceKlass sun/security/ssl/CertificateVerify$T10CertificateVerifyProducer
instanceKlass sun/security/ssl/CertificateVerify$T10CertificateVerifyConsumer
instanceKlass sun/security/ssl/CertificateVerify$S30CertificateVerifyProducer
instanceKlass sun/security/ssl/CertificateVerify$S30CertificateVerifyConsumer
instanceKlass sun/security/ssl/CertificateVerify
instanceKlass sun/security/ssl/ServerHelloDone$ServerHelloDoneProducer
instanceKlass sun/security/ssl/ServerHelloDone$ServerHelloDoneConsumer
instanceKlass sun/security/ssl/ServerHelloDone
instanceKlass sun/security/ssl/CertificateRequest$T13CertificateRequestProducer
instanceKlass sun/security/ssl/CertificateRequest$T13CertificateRequestConsumer
instanceKlass sun/security/ssl/CertificateRequest$T12CertificateRequestProducer
instanceKlass sun/security/ssl/CertificateRequest$T12CertificateRequestConsumer
instanceKlass sun/security/ssl/CertificateRequest$T10CertificateRequestProducer
instanceKlass sun/security/ssl/CertificateRequest$T10CertificateRequestConsumer
instanceKlass sun/security/ssl/CertificateRequest
instanceKlass sun/security/ssl/ServerKeyExchange$ServerKeyExchangeProducer
instanceKlass sun/security/ssl/ServerKeyExchange$ServerKeyExchangeConsumer
instanceKlass sun/security/ssl/ServerKeyExchange
instanceKlass sun/security/ssl/CertificateMessage$T13CertificateProducer
instanceKlass sun/security/ssl/CertificateMessage$T13CertificateConsumer
instanceKlass sun/security/ssl/CertificateMessage$T12CertificateProducer
instanceKlass sun/security/ssl/CertificateMessage$T12CertificateConsumer
instanceKlass sun/security/ssl/CertificateMessage
instanceKlass sun/security/ssl/EncryptedExtensions$EncryptedExtensionsConsumer
instanceKlass sun/security/ssl/EncryptedExtensions$EncryptedExtensionsProducer
instanceKlass sun/security/ssl/EncryptedExtensions
instanceKlass sun/security/ssl/NewSessionTicket$T12NewSessionTicketProducer
instanceKlass sun/security/ssl/NewSessionTicket$T13NewSessionTicketProducer
instanceKlass sun/security/ssl/NewSessionTicket$T12NewSessionTicketConsumer
instanceKlass sun/security/ssl/NewSessionTicket$T13NewSessionTicketConsumer
instanceKlass sun/security/ssl/NewSessionTicket
instanceKlass sun/security/ssl/HelloVerifyRequest$HelloVerifyRequestProducer
instanceKlass sun/security/ssl/HelloVerifyRequest$HelloVerifyRequestConsumer
instanceKlass sun/security/ssl/HelloVerifyRequest
instanceKlass sun/security/ssl/ServerHello$T13HelloRetryRequestConsumer
instanceKlass sun/security/ssl/ServerHello$T13ServerHelloConsumer
instanceKlass sun/security/ssl/ServerHello$T12ServerHelloConsumer
instanceKlass sun/security/ssl/ServerHello$T13HelloRetryRequestReproducer
instanceKlass sun/security/ssl/ServerHello$T13HelloRetryRequestProducer
instanceKlass sun/security/ssl/ServerHello$T13ServerHelloProducer
instanceKlass sun/security/ssl/ServerHello$T12ServerHelloProducer
instanceKlass sun/security/ssl/ServerHello$ServerHelloConsumer
instanceKlass sun/security/ssl/ServerHello
instanceKlass sun/security/ssl/ClientHello$D13ClientHelloConsumer
instanceKlass sun/security/ssl/ClientHello$D12ClientHelloConsumer
instanceKlass sun/security/ssl/ClientHello$T13ClientHelloConsumer
instanceKlass sun/security/ssl/ClientHello$T12ClientHelloConsumer
instanceKlass sun/security/ssl/HandshakeConsumer
instanceKlass sun/security/ssl/ClientHello$ClientHelloProducer
instanceKlass sun/security/ssl/ClientHello$ClientHelloConsumer
instanceKlass sun/security/ssl/ClientHello$ClientHelloKickstartProducer
instanceKlass sun/security/ssl/ClientHello
instanceKlass sun/security/ssl/HelloRequest$HelloRequestProducer
instanceKlass sun/security/ssl/HelloRequest$HelloRequestConsumer
instanceKlass sun/security/ssl/HelloRequest$HelloRequestKickstartProducer
instanceKlass sun/security/ssl/SSLProducer
instanceKlass sun/security/ssl/HelloRequest
instanceKlass sun/security/ssl/HandshakeProducer
instanceKlass sun/security/ssl/SSLConsumer
instanceKlass sun/security/ssl/Authenticator$MacImpl
instanceKlass sun/security/ssl/Authenticator$MAC
instanceKlass sun/security/ssl/Authenticator
instanceKlass sun/security/ssl/SSLCipher$SSLReadCipher
instanceKlass sun/security/ssl/InputRecord
instanceKlass sun/security/ssl/SSLRecord
instanceKlass sun/security/ssl/Record
instanceKlass sun/security/ssl/TransportContext
instanceKlass sun/security/ssl/ConnectionContext
instanceKlass sun/security/ssl/HandshakeHash$CacheOnlyHash
instanceKlass sun/security/ssl/HandshakeHash$TranscriptHash
instanceKlass sun/security/ssl/HandshakeHash
instanceKlass java/net/SocksConsts
instanceKlass sun/net/PlatformSocketImpl
instanceKlass java/net/SocketImpl
instanceKlass java/net/SocketOptions
instanceKlass java/net/Socket
instanceKlass sun/security/ssl/SSLTransport
instanceKlass sun/net/www/http/KeepAliveKey
instanceKlass sun/net/NetworkClient$1
instanceKlass sun/net/NetworkClient
instanceKlass javax/net/ssl/HandshakeCompletedListener
instanceKlass java/util/EventListener
instanceKlass sun/net/spi/DefaultProxySelector$3
instanceKlass sun/net/spi/DefaultProxySelector$NonProxyInfo
instanceKlass sun/net/spi/DefaultProxySelector$1
instanceKlass java/net/Proxy
instanceKlass java/net/ProxySelector
instanceKlass sun/net/www/protocol/http/HttpURLConnection$7
instanceKlass java/net/ResponseCache
instanceKlass sun/net/www/protocol/http/HttpURLConnection$3
instanceKlass java/net/CookieHandler
instanceKlass sun/net/www/protocol/http/HttpURLConnection$2
instanceKlass java/util/Collections$3
instanceKlass javax/net/ssl/X509ExtendedKeyManager
instanceKlass javax/net/ssl/X509KeyManager
instanceKlass javax/net/ssl/KeyManager
instanceKlass javax/net/ssl/KeyManagerFactorySpi
instanceKlass javax/net/ssl/KeyManagerFactory$1
instanceKlass javax/net/ssl/KeyManagerFactory
instanceKlass sun/security/ssl/SSLContextImpl$DefaultManagersHolder$1
instanceKlass javax/net/ssl/X509ExtendedTrustManager
instanceKlass javax/net/ssl/X509TrustManager
instanceKlass javax/net/ssl/TrustManager
instanceKlass java/util/Hashtable$Enumerator
instanceKlass sun/security/validator/TrustStoreUtil
instanceKlass java/text/FieldPosition$Delegate
instanceKlass sun/security/x509/AccessDescription
instanceKlass mindustry/ui/dialogs/SettingsMenuDialog$StringProcessor
instanceKlass mindustry/ui/dialogs/SettingsMenuDialog$SettingsTable$Setting
instanceKlass sun/security/x509/RFC822Name
instanceKlass sun/security/x509/NetscapeCertTypeExtension$MapEntry
instanceKlass sun/security/x509/DNSName
instanceKlass sun/security/x509/URIName
instanceKlass sun/security/x509/DistributionPoint
instanceKlass java/security/cert/PolicyQualifierInfo
instanceKlass sun/security/x509/CertificatePolicyId
instanceKlass sun/security/x509/PolicyInformation
instanceKlass java/security/interfaces/ECPublicKey
instanceKlass sun/security/x509/GeneralName
instanceKlass sun/util/logging/PlatformLogger
instanceKlass sun/util/logging/PlatformLogger$ConfigurableBridge$LoggerConfiguration
instanceKlass jdk/internal/logger/BootstrapLogger$RedirectedLoggers
instanceKlass jdk/internal/logger/LazyLoggers$LazyLoggerAccessor
instanceKlass jdk/internal/logger/LazyLoggers$LoggerAccessor
instanceKlass jdk/internal/logger/AbstractLoggerWrapper
instanceKlass sun/util/logging/internal/LoggingProviderImpl$LogManagerAccess
instanceKlass jdk/internal/logger/BootstrapLogger$DetectBackend$1
instanceKlass jdk/internal/logger/BootstrapLogger$DetectBackend
instanceKlass jdk/internal/logger/BootstrapLogger
instanceKlass sun/util/logging/PlatformLogger$ConfigurableBridge
instanceKlass sun/util/logging/PlatformLogger$Bridge
instanceKlass jdk/internal/logger/DefaultLoggerFinder$1
instanceKlass java/lang/System$LoggerFinder
instanceKlass jdk/internal/logger/LazyLoggers$LazyLoggerFactories
instanceKlass jdk/internal/logger/LazyLoggers$1
instanceKlass jdk/internal/logger/LazyLoggers
instanceKlass jdk/internal/misc/ThreadTracker
instanceKlass jdk/internal/event/EventHelper$ThreadTrackHolder
instanceKlass java/lang/System$Logger
instanceKlass jdk/internal/event/EventHelper
instanceKlass sun/security/jca/JCAUtil
instanceKlass sun/security/util/MemoryCache$CacheEntry
instanceKlass sun/security/x509/X509AttributeName
instanceKlass sun/security/x509/GeneralNames
instanceKlass sun/security/x509/KeyIdentifier
instanceKlass sun/security/x509/OIDMap$OIDInfo
instanceKlass sun/security/x509/PKIXExtensions
instanceKlass sun/security/x509/OIDMap
instanceKlass sun/security/x509/Extension
instanceKlass java/security/cert/Extension
instanceKlass sun/security/x509/CertificateExtensions
instanceKlass sun/security/rsa/RSAUtil
instanceKlass java/security/interfaces/RSAPublicKey
instanceKlass java/security/interfaces/RSAKey
instanceKlass java/security/spec/PSSParameterSpec
instanceKlass java/security/spec/RSAPrivateKeySpec
instanceKlass java/security/spec/RSAPublicKeySpec
instanceKlass java/security/spec/EncodedKeySpec$1
instanceKlass jdk/internal/access/JavaSecuritySpecAccess
instanceKlass java/security/spec/EncodedKeySpec
instanceKlass java/security/spec/KeySpec
instanceKlass sun/security/util/BitArray
instanceKlass sun/security/x509/X509Key
instanceKlass sun/security/x509/CertificateX509Key
instanceKlass sun/security/x509/CertificateValidity
instanceKlass sun/security/x509/AVA
instanceKlass sun/security/x509/RDN
instanceKlass javax/security/auth/x500/X500Principal
instanceKlass sun/security/x509/X500Name$1
instanceKlass sun/security/x509/X500Name
instanceKlass sun/security/x509/GeneralNameInterface
instanceKlass sun/security/x509/CertificateAlgorithmId
instanceKlass sun/security/x509/SerialNumber
instanceKlass sun/security/x509/CertificateSerialNumber
instanceKlass sun/security/x509/CertificateVersion
instanceKlass sun/security/x509/X509CertInfo
instanceKlass sun/security/x509/CertAttrSet
instanceKlass sun/security/x509/AlgorithmId
instanceKlass java/security/cert/X509Extension
instanceKlass sun/security/util/Cache$EqualByteArray
instanceKlass sun/security/util/IOUtils
instanceKlass java/security/cert/CertificateFactorySpi
instanceKlass java/security/cert/CertificateFactory
instanceKlass sun/security/provider/JavaKeyStore$TrustedCertEntry
instanceKlass sun/security/util/DerInputStream
instanceKlass sun/security/util/DerValue
instanceKlass java/util/Collections$SynchronizedMap
instanceKlass sun/security/action/OpenFileInputStreamAction
instanceKlass java/security/KeyStoreSpi
instanceKlass java/security/KeyStore$1
instanceKlass java/security/KeyStore
instanceKlass sun/security/ssl/TrustStoreManager$TrustStoreDescriptor$1
instanceKlass sun/security/util/FilePaths
instanceKlass sun/security/ssl/TrustStoreManager$TrustStoreDescriptor
instanceKlass sun/security/ssl/TrustStoreManager$TrustAnchorManager
instanceKlass sun/security/ssl/TrustStoreManager
instanceKlass javax/net/ssl/TrustManagerFactorySpi
instanceKlass javax/net/ssl/TrustManagerFactory$1
instanceKlass javax/net/ssl/TrustManagerFactory
instanceKlass sun/security/ssl/SSLContextImpl$DefaultManagersHolder
instanceKlass sun/security/util/Cache
instanceKlass sun/security/ssl/SSLSessionContextImpl
instanceKlass javax/net/ssl/SSLSessionContext
instanceKlass sun/security/ssl/EphemeralKeyManager$EphemeralKeyPair
instanceKlass sun/security/ssl/EphemeralKeyManager
instanceKlass sun/security/ssl/SSLContextImpl$CustomizedSSLProtocols
instanceKlass java/security/spec/NamedParameterSpec
instanceKlass sun/security/util/ECKeySizeParameterSpec
instanceKlass java/security/AlgorithmParametersSpi
instanceKlass java/security/AlgorithmParameters
instanceKlass sun/security/util/ECUtil
instanceKlass sun/security/ec/point/Point
instanceKlass java/security/KeyPairGeneratorSpi
instanceKlass java/security/PrivateKey
instanceKlass javax/security/auth/Destroyable
instanceKlass java/security/PublicKey
instanceKlass java/security/KeyFactorySpi
instanceKlass java/security/KeyFactory
instanceKlass javax/crypto/KeyAgreement
instanceKlass java/security/interfaces/ECKey
instanceKlass java/security/Key
instanceKlass java/security/Signature$1
instanceKlass jdk/internal/access/JavaSecuritySignatureAccess
instanceKlass java/security/SignatureSpi
instanceKlass sun/security/ssl/JsseJce$EcAvailability
instanceKlass sun/security/ssl/SSLAlgorithmDecomposer$1
instanceKlass sun/security/ssl/Utilities
instanceKlass sun/security/ssl/JsseJce
instanceKlass sun/security/ssl/NamedGroup$XDHScheme
instanceKlass sun/security/ssl/NamedGroup$FFDHEScheme
instanceKlass sun/security/ssl/NamedGroup$ECDHEScheme
instanceKlass sun/security/ssl/NamedGroup$NamedGroupScheme
instanceKlass sun/security/ssl/SSLCipher$1
instanceKlass sun/security/ssl/SSLCipher$T13CC20P1305WriteCipherGenerator
instanceKlass sun/security/ssl/SSLCipher$T12CC20P1305WriteCipherGenerator
instanceKlass sun/security/ssl/SSLCipher$T13CC20P1305ReadCipherGenerator
instanceKlass sun/security/ssl/SSLCipher$T12CC20P1305ReadCipherGenerator
instanceKlass sun/security/ssl/SSLCipher$T13GcmWriteCipherGenerator
instanceKlass sun/security/ssl/SSLCipher$T13GcmReadCipherGenerator
instanceKlass sun/security/ssl/SSLCipher$T12GcmWriteCipherGenerator
instanceKlass sun/security/ssl/SSLCipher$T12GcmReadCipherGenerator
instanceKlass com/sun/crypto/provider/AESConstants
instanceKlass javax/crypto/JceSecurityManager$1
instanceKlass java/util/HashMap$HashMapSpliterator
instanceKlass java/util/stream/ForEachOps$ForEachOp
instanceKlass java/util/stream/ForEachOps
instanceKlass java/util/Spliterators$IteratorSpliterator
instanceKlass sun/security/ssl/SSLCipher$T11BlockWriteCipherGenerator
instanceKlass sun/security/ssl/SSLCipher$T11BlockReadCipherGenerator
instanceKlass com/sun/crypto/provider/PKCS5Padding
instanceKlass com/sun/crypto/provider/Padding
instanceKlass com/sun/crypto/provider/FeedbackCipher
instanceKlass com/sun/crypto/provider/SymmetricCipher
instanceKlass com/sun/crypto/provider/DESConstants
instanceKlass com/sun/crypto/provider/CipherCore
instanceKlass sun/security/ssl/SSLCipher$T10BlockWriteCipherGenerator
instanceKlass sun/security/ssl/SSLCipher$T10BlockReadCipherGenerator
instanceKlass javax/crypto/CipherSpi
instanceKlass javax/crypto/ProviderVerifier$1
instanceKlass javax/crypto/ProviderVerifier
instanceKlass javax/crypto/JceSecurity$2
instanceKlass javax/crypto/JceSecurity$IdentityWrapper
instanceKlass java/util/Vector$1
instanceKlass javax/crypto/CryptoPolicyParser$CryptoPermissionEntry
instanceKlass javax/crypto/CryptoPolicyParser$GrantEntry
instanceKlass java/io/StreamTokenizer
instanceKlass javax/crypto/CryptoPolicyParser
instanceKlass java/nio/channels/Channels
instanceKlass sun/nio/ch/FileChannelImpl$Closer
instanceKlass sun/nio/fs/WindowsSecurityDescriptor
instanceKlass java/nio/file/Files$1
instanceKlass sun/nio/fs/WindowsFileSystem$2
instanceKlass java/nio/file/PathMatcher
instanceKlass sun/nio/fs/Globs
instanceKlass sun/nio/fs/WindowsChannelFactory$Flags
instanceKlass sun/nio/fs/WindowsChannelFactory$1
instanceKlass sun/nio/fs/WindowsChannelFactory
instanceKlass sun/nio/fs/WindowsFileSystemProvider$1
instanceKlass sun/nio/fs/ExtendedFileSystemProvider
instanceKlass javax/crypto/JceSecurity$1
instanceKlass javax/crypto/JceSecurity
instanceKlass sun/security/jca/ProviderList$ServiceList$1
instanceKlass sun/security/jca/ServiceId
instanceKlass javax/crypto/Cipher$Transform
instanceKlass javax/crypto/Cipher
instanceKlass java/text/DontCareFieldPosition$1
instanceKlass java/text/Format$FieldDelegate
instanceKlass sun/security/ssl/SSLCipher$StreamWriteCipherGenerator
instanceKlass sun/security/ssl/SSLCipher$StreamReadCipherGenerator
instanceKlass sun/security/ssl/SSLCipher$NullWriteCipherGenerator
instanceKlass sun/security/ssl/SSLCipher$WriteCipherGenerator
instanceKlass sun/security/ssl/SSLCipher$NullReadCipherGenerator
instanceKlass sun/security/ssl/SSLCipher$ReadCipherGenerator
instanceKlass java/util/AbstractMap$SimpleImmutableEntry
instanceKlass java/time/Instant
instanceKlass java/time/zone/ZoneOffsetTransition
instanceKlass java/time/LocalTime
instanceKlass java/time/temporal/ValueRange
instanceKlass java/time/Duration
instanceKlass java/time/temporal/TemporalAmount
instanceKlass java/time/temporal/TemporalUnit
instanceKlass java/time/temporal/TemporalField
instanceKlass java/time/LocalDate
instanceKlass java/time/chrono/ChronoLocalDate
instanceKlass java/time/ZonedDateTime
instanceKlass java/time/chrono/ChronoZonedDateTime
instanceKlass java/time/LocalDateTime
instanceKlass java/time/chrono/ChronoLocalDateTime
instanceKlass java/time/temporal/Temporal
instanceKlass java/time/zone/ZoneOffsetTransitionRule
instanceKlass java/time/zone/ZoneRules
instanceKlass java/time/temporal/TemporalAdjuster
instanceKlass java/time/temporal/TemporalAccessor
instanceKlass java/time/ZoneId
instanceKlass sun/security/util/DisabledAlgorithmConstraints$Constraints$Holder
instanceKlass sun/security/util/DisabledAlgorithmConstraints$1
instanceKlass sun/security/util/DisabledAlgorithmConstraints$Constraint
instanceKlass arc/util/Timer$TimerThread
instanceKlass sun/security/util/DisabledAlgorithmConstraints$Constraints
instanceKlass sun/security/util/AbstractAlgorithmConstraints$1
instanceKlass sun/security/util/AlgorithmDecomposer
instanceKlass sun/security/util/AbstractAlgorithmConstraints
instanceKlass sun/security/ssl/SSLAlgorithmConstraints
instanceKlass java/security/AlgorithmConstraints
instanceKlass sun/security/ssl/SSLLogger
instanceKlass javax/net/ssl/SSLContextSpi
instanceKlass javax/net/ssl/SSLContext
instanceKlass javax/net/ssl/SSLSocketFactory$1
instanceKlass javax/net/ssl/SSLSocketFactory$DefaultFactoryHolder
instanceKlass javax/net/SocketFactory
instanceKlass javax/net/ssl/HttpsURLConnection$DefaultHostnameVerifier
instanceKlass javax/net/ssl/HostnameVerifier
instanceKlass java/net/spi/URLStreamHandlerProvider
instanceKlass java/net/URL$1
instanceKlass java/net/URL$2
instanceKlass arc/util/Http$HttpResponse
instanceKlass arc/func/ConsT
instanceKlass arc/util/Http$HttpRequest
instanceKlass arc/util/Http
instanceKlass mindustry/ui/dialogs/JoinDialog$Server
instanceKlass mindustry/editor/MapResizeDialog$ResizeListener
instanceKlass arc/scene/ui/TextField$TextFieldValidator
instanceKlass mindustry/mod/data/DataAsset
instanceKlass mindustry/editor/data/MapAudioView
instanceKlass mindustry/editor/data/MapImagesView
instanceKlass mindustry/editor/data/MapBundlesView
instanceKlass mindustry/editor/data/MapContentView
instanceKlass mindustry/editor/data/MapPatchesView
instanceKlass mindustry/editor/data/AssetView
instanceKlass mindustry/game/MapObjectives$LabelFlag
instanceKlass mindustry/game/MapObjectives$Alignment
instanceKlass mindustry/game/MapObjectives$Vertices
instanceKlass java/lang/Override
instanceKlass mindustry/editor/MapObjectivesDialog$FieldInterpreter
instanceKlass mindustry/editor/MapObjectivesDialog$TypeInfo
instanceKlass mindustry/editor/MapObjectivesDialog$FieldProvider
instanceKlass arc/scene/event/ResizeListener
instanceKlass mindustry/maps/filters/GenerateFilter$GenerateInput
instanceKlass arc/scene/event/ChangeListener
instanceKlass arc/scene/utils/Elem
instanceKlass arc/scene/ui/ButtonGroup
instanceKlass arc/math/geom/Geometry
instanceKlass arc/math/geom/Geometry$SolidChecker
instanceKlass arc/input/GestureDetector$VelocityTracker
instanceKlass arc/scene/event/ElementGestureListener$1
instanceKlass arc/input/GestureDetector
instanceKlass arc/scene/event/ElementGestureListener
instanceKlass mindustry/graphics/Drawf
instanceKlass arc/math/Angles$ParticleConsumer
instanceKlass mindustry/logic/LogicFx$EffectEntry
instanceKlass mindustry/logic/LogicFx
instanceKlass arc/scene/event/VisibilityListener
instanceKlass arc/scene/ui/TextField$TextFieldListener
instanceKlass mindustry/ui/fragments/HintsFragment$Hint
instanceKlass mindustry/ui/fragments/PlacementFragment
instanceKlass mindustry/core/Renderer$EnvRenderer
instanceKlass mindustry/graphics/EnvRenderers
instanceKlass arc/graphics/gl/FacedCubemapData
instanceKlass arc/graphics/CubemapData
instanceKlass mindustry/graphics/CubemapMesh
instanceKlass mindustry/graphics/g3d/MeshBuilder$1
instanceKlass arc/graphics/g3d/VertexBatch3D
instanceKlass mindustry/audio/SoundPriority
instanceKlass mindustry/ai/BaseRegistry$BasePart
instanceKlass mindustry/graphics/g3d/MatMesh
instanceKlass mindustry/graphics/g3d/NoiseMesh$2
instanceKlass mindustry/graphics/g3d/HexSkyMesh$1
instanceKlass mindustry/graphics/g3d/MultiMesh
instanceKlass arc/util/noise/VectorTable
instanceKlass arc/util/noise/Ridged
instanceKlass arc/util/noise/Simplex
instanceKlass mindustry/graphics/g3d/SunMesh$1
instanceKlass mindustry/graphics/g3d/PlanetMesh
instanceKlass mindustry/world/blocks/TileBitmask
instanceKlass mindustry/gen/ContentRegions
instanceKlass mindustry/world/modules/BlockModule
instanceKlass mindustry/type/PayloadSeq
instanceKlass mindustry/logic/LExecutor$LInstruction
instanceKlass mindustry/logic/LExecutor
instanceKlass rhino/ContextAction
instanceKlass mindustry/logic/LStatement
instanceKlass mindustry/logic/LVar
instanceKlass mindustry/logic/GlobalVars$VarEntry
instanceKlass mindustry/game/SectorInfo$ExportStat
instanceKlass mindustry/graphics/Trail
instanceKlass mindustry/entities/Leg
instanceKlass mindustry/gen/WaterCrawlc
instanceKlass mindustry/entities/units/StatusEntry
instanceKlass mindustry/type/StatusEffect$TransitionHandler
instanceKlass mindustry/world/meta/StatValue
instanceKlass mindustry/world/meta/StatValues
instanceKlass java/lang/Throwable$PrintStreamOrWriter
instanceKlass mindustry/io/TypeIO$ContentMapper
instanceKlass arc/struct/ObjectIntMap$Entry
instanceKlass arc/struct/ObjectIntMap$MapIterator
instanceKlass arc/struct/IntMap$Entry
instanceKlass arc/struct/IntMap$MapIterator
instanceKlass arc/util/Timer$Task
instanceKlass arc/scene/ui/Tooltip$Tooltips
instanceKlass arc/scene/ui/TreeElement$TreeStyle
instanceKlass mindustry/ui/Styles
instanceKlass mindustry/gen/Icon
instanceKlass arc/graphics/g2d/NinePatch
instanceKlass mindustry/gen/Tex
instanceKlass arc/graphics/gl/HdpiUtils
instanceKlass arc/scene/Scene$TouchFocus
instanceKlass arc/util/viewport/Viewport
instanceKlass mindustry/input/InputHandler$QueryEachable
instanceKlass mindustry/ui/fragments/PlanConfigFragment
instanceKlass mindustry/ui/fragments/BlockConfigFragment
instanceKlass mindustry/ui/fragments/BlockInventoryFragment
instanceKlass mindustry/input/InputHandler$PlaceLine
instanceKlass java/lang/Byte$ByteCache
instanceKlass mindustry/io/versions/LegacyIO
instanceKlass mindustry/game/Saves$SaveSlot
instanceKlass arc/util/Timer
instanceKlass arc/util/serialization/JsonValue$JsonIterator
instanceKlass mindustry/io/SaveMeta
instanceKlass arc/struct/ObjectFloatMap$MapIterator
instanceKlass arc/struct/ObjectFloatMap$Entry
instanceKlass java/util/concurrent/CountDownLatch
instanceKlass mindustry/mod/Mods$1RegionEntry
instanceKlass arc/graphics/g2d/Bloom
instanceKlass mindustry/graphics/g3d/PlanetRenderer
instanceKlass mindustry/graphics/g3d/PlanetRenderer$PlanetInterfaceRenderer
instanceKlass mindustry/ui/fragments/PerformanceFragment
instanceKlass mindustry/ui/fragments/HintsFragment
instanceKlass mindustry/ui/fragments/LoadingFragment
instanceKlass mindustry/ui/fragments/PlayerListFragment
instanceKlass mindustry/ui/fragments/MinimapFragment
instanceKlass mindustry/ui/fragments/HudFragment
instanceKlass mindustry/ui/fragments/MenuFragment
instanceKlass arc/func/Intc
instanceKlass arc/math/geom/Geometry$Raycaster
instanceKlass adapter3
instanceKlass java/util/LinkedList$ListItr
instanceKlass adapter2
instanceKlass arc/func/Func2
instanceKlass mindustry/core/NetServer$VoteSession
instanceKlass mindustry/net/Administration$PlayerInfo
instanceKlass adapter1
instanceKlass rhino/JavaAdapter$JavaAdapterSignature
instanceKlass rhino/JavaAdapter
instanceKlass rhino/ScriptRuntimeES6
instanceKlass jdk/internal/vm/annotation/ForceInline
instanceKlass java/util/stream/Sink$ChainedReference
instanceKlass java/util/stream/ReduceOps$AccumulatingSink
instanceKlass java/util/stream/ReduceOps$Box
instanceKlass java/util/stream/ReduceOps$ReduceOp
instanceKlass java/util/stream/ReduceOps
instanceKlass java/util/function/BiConsumer
instanceKlass java/util/stream/Collectors$CollectorImpl
instanceKlass java/util/stream/Collector
instanceKlass java/util/stream/Collectors
instanceKlass java/lang/Class$AnnotationData
instanceKlass java/lang/reflect/AnnotatedType
instanceKlass sun/reflect/annotation/AnnotationInvocationHandler
instanceKlass sun/reflect/annotation/AnnotationParser$1
instanceKlass sun/reflect/annotation/ExceptionProxy
instanceKlass java/lang/annotation/Target
instanceKlass java/lang/annotation/Inherited
instanceKlass java/lang/annotation/Retention
instanceKlass sun/reflect/annotation/AnnotationType$1
instanceKlass sun/reflect/annotation/AnnotationType
instanceKlass java/lang/reflect/GenericArrayType
instanceKlass jdk/internal/vm/annotation/IntrinsicCandidate
instanceKlass mindustry/net/Streamable$StreamBuilder
instanceKlass arc/net/Server$ServerConnectFilter
instanceKlass rhino/ObjToIntMap$Iterator
instanceKlass rhino/EmbeddedSlotMap$Iter
instanceKlass rhino/ScriptRuntime$IdEnumeration
instanceKlass rhino/json/JsonParser
instanceKlass java/io/FileFilter
instanceKlass mindustry/mod/ContentParser$ParseListener
instanceKlass rhino/optimizer/BodyCodegen$ExceptionManager$ExceptionInfo
instanceKlass arc/math/Affine2
instanceKlass rhino/ResolvedOverload
instanceKlass arc/func/Floatc2
instanceKlass arc/scene/Scene
instanceKlass arc/func/Floatc
instanceKlass arc/scene/ui/layout/Table$DrawRect
instanceKlass arc/func/Boolc
instanceKlass arc/scene/ui/TextField$TextFieldFilter
instanceKlass arc/func/Intc2
instanceKlass rhino/module/ModuleScript
instanceKlass rhino/module/provider/ModuleSource
instanceKlass rhino/InterfaceAdapter
instanceKlass rhino/Kit$ComplexKey
instanceKlass rhino/ConsString
instanceKlass mindustry/game/EventType$WinEvent
instanceKlass mindustry/game/EventType$LoseEvent
instanceKlass mindustry/game/EventType$ResizeEvent
instanceKlass mindustry/game/EventType$MapMakeEvent
instanceKlass mindustry/game/EventType$MapPublishEvent
instanceKlass mindustry/game/EventType$ServerLoadEvent
instanceKlass mindustry/game/EventType$DisposeEvent
instanceKlass mindustry/game/EventType$TurnEvent
instanceKlass mindustry/game/EventType$LineConfirmEvent
instanceKlass mindustry/game/EventType$BlockInfoEvent
instanceKlass mindustry/game/EventType$AtlasPackEvent
instanceKlass mindustry/game/EventType$ModContentLoadEvent
instanceKlass mindustry/game/EventType$MusicRegisterEvent
instanceKlass mindustry/game/EventType$WorldLoadBeginEvent
instanceKlass mindustry/game/EventType$WorldLoadEndEvent
instanceKlass mindustry/game/EventType$DataPatchLoadEvent
instanceKlass mindustry/game/EventType$SectorInvasionEvent
instanceKlass mindustry/game/EventType$LaunchItemEvent
instanceKlass mindustry/game/EventType$SectorLaunchEvent
instanceKlass mindustry/game/EventType$SectorLaunchLoadoutEvent
instanceKlass mindustry/game/EventType$SchematicCreateEvent
instanceKlass mindustry/net/Host
instanceKlass mindustry/game/EventType$ClientPreConnectEvent
instanceKlass mindustry/game/EventType$ClientServerConnectEvent
instanceKlass mindustry/game/EventType$MenuOptionChooseEvent
instanceKlass mindustry/game/EventType$TextInputEvent
instanceKlass mindustry/game/EventType$PlayerChatEvent
instanceKlass mindustry/game/EventType$ClientChatEvent
instanceKlass mindustry/game/EventType$WithdrawEvent
instanceKlass mindustry/game/EventType$DepositEvent
instanceKlass mindustry/game/EventType$ConfigEvent
instanceKlass mindustry/game/EventType$TapEvent
instanceKlass mindustry/game/EventType$PickupEvent
instanceKlass mindustry/game/EventType$UnitControlEvent
instanceKlass mindustry/game/EventType$BuildingCommandEvent
instanceKlass mindustry/game/EventType$ResearchEvent
instanceKlass mindustry/game/EventType$BuildRotateEvent
instanceKlass mindustry/game/EventType$BuildSelectEvent
instanceKlass mindustry/game/EventType$GeneratorPressureExplodeEvent
instanceKlass mindustry/game/EventType$BuildingBulletDestroyEvent
instanceKlass mindustry/game/EventType$UnitBulletDestroyEvent
instanceKlass mindustry/game/EventType$UnitDrownEvent
instanceKlass mindustry/game/EventType$UnitSpawnEvent
instanceKlass mindustry/game/EventType$UnitUnloadEvent
instanceKlass mindustry/game/EventType$UnitChangeEvent
instanceKlass mindustry/game/EventType$ConnectionEvent
instanceKlass mindustry/game/EventType$ConnectPacketEvent
instanceKlass mindustry/game/EventType$PlayerConnectionConfirmed
instanceKlass mindustry/game/EventType$PlayerJoin
instanceKlass mindustry/game/EventType$PlayerConnect
instanceKlass mindustry/game/EventType$PlayerLeave
instanceKlass mindustry/game/EventType$PlayerBanEvent
instanceKlass mindustry/game/EventType$PlayerUnbanEvent
instanceKlass mindustry/game/EventType$PlayerIpBanEvent
instanceKlass mindustry/game/EventType$PlayerIpUnbanEvent
instanceKlass mindustry/game/EventType$AdminRequestEvent
instanceKlass mindustry/game/EventType
instanceKlass java/util/function/IntToLongFunction
instanceKlass java/util/function/IntFunction
instanceKlass java/util/function/IntUnaryOperator
instanceKlass java/util/function/IntToDoubleFunction
instanceKlass java/util/function/BinaryOperator
instanceKlass java/util/function/LongBinaryOperator
instanceKlass java/util/function/DoubleBinaryOperator
instanceKlass java/util/function/IntBinaryOperator
instanceKlass java/util/stream/DoubleStream
instanceKlass java/util/stream/LongStream
instanceKlass rhino/BeanProperty
instanceKlass rhino/JavaMembers$MethodSignature
instanceKlass mindustry/net/Administration$TraceInfo
instanceKlass mindustry/entities/Units$UnitSyncContainer
instanceKlass rhino/JavaMembers
instanceKlass rhino/NativeJavaObject
instanceKlass rhino/Wrapper
instanceKlass rhino/WrapFactory
instanceKlass rhino/classfile/ExceptionTableEntry
instanceKlass rhino/optimizer/BodyCodegen$ExceptionManager
instanceKlass rhino/optimizer/BodyCodegen
instanceKlass java/lang/Short$ShortCache
instanceKlass rhino/classfile/TypeInfo
instanceKlass rhino/classfile/SuperBlock
instanceKlass rhino/classfile/ClassFileWriter$StackMapTable
instanceKlass java/util/DualPivotQuicksort
instanceKlass rhino/classfile/FieldOrMethodRef
instanceKlass rhino/classfile/ClassFileMethod
instanceKlass rhino/classfile/ClassFileField
instanceKlass rhino/UintMap
instanceKlass rhino/classfile/ConstantPool
instanceKlass rhino/classfile/ClassFileWriter
instanceKlass java/util/BitSet
instanceKlass rhino/optimizer/Block$FatBlock
instanceKlass rhino/optimizer/Block
instanceKlass rhino/optimizer/Optimizer
instanceKlass rhino/NodeTransformer
instanceKlass rhino/optimizer/OptFunctionNode
instanceKlass rhino/Node$NodeIterator
instanceKlass rhino/Decompiler
instanceKlass rhino/Token
instanceKlass rhino/Parser$ConditionData
instanceKlass rhino/Node$PropListItem
instanceKlass rhino/Parser$PerFunctionVariables
instanceKlass rhino/ast/Symbol
instanceKlass rhino/ast/NodeVisitor
instanceKlass rhino/ObjToIntMap
instanceKlass rhino/TokenStream
instanceKlass rhino/ast/IdeErrorReporter
instanceKlass rhino/ast/DestructuringForm
instanceKlass rhino/Parser
instanceKlass rhino/DefaultErrorReporter
instanceKlass rhino/CompilerEnvirons
instanceKlass rhino/module/provider/DefaultUrlConnectionExpiryCalculator
instanceKlass rhino/module/provider/UrlConnectionExpiryCalculator
instanceKlass rhino/module/provider/ModuleSourceProviderBase
instanceKlass rhino/module/provider/CachingModuleScriptProviderBase
instanceKlass rhino/module/RequireBuilder
instanceKlass rhino/regexp/REProgState
instanceKlass rhino/regexp/REBackTrackData
instanceKlass rhino/regexp/REGlobalData
instanceKlass rhino/regexp/RECompiled
instanceKlass rhino/regexp/RECharSet
instanceKlass rhino/regexp/RENode
instanceKlass rhino/regexp/CompilerState
instanceKlass rhino/regexp/RegExpImpl
instanceKlass rhino/RegExpProxy
instanceKlass rhino/ScriptRuntime$StringIdOrIndex
instanceKlass rhino/Hashtable
instanceKlass rhino/SymbolKey
instanceKlass rhino/LazilyLoadedCtor
instanceKlass rhino/NativeWith
instanceKlass rhino/NativeArray$ElementComparator
instanceKlass rhino/NativeArray$StringLikeComparator
instanceKlass java/lang/reflect/Proxy$ProxyBuilder$1
instanceKlass jdk/internal/org/objectweb/asm/Edge
instanceKlass java/lang/reflect/ProxyGenerator$PrimitiveTypeInfo
instanceKlass java/util/StringJoiner
instanceKlass java/lang/reflect/ProxyGenerator$ProxyMethod
instanceKlass jdk/internal/module/Checks
instanceKlass java/lang/module/ModuleDescriptor$Builder
instanceKlass java/lang/PublicMethods
instanceKlass java/util/Collections$1
instanceKlass java/lang/reflect/Proxy$ProxyBuilder
instanceKlass java/lang/reflect/Proxy
instanceKlass java/lang/reflect/InvocationHandler
instanceKlass rhino/Undefined
instanceKlass rhino/NativeGlobal
instanceKlass rhino/MemberBox
instanceKlass rhino/NativeError$ProtoProps
instanceKlass rhino/EmbeddedSlotMap$1
instanceKlass rhino/IdScriptableObject$PrototypeValues
instanceKlass rhino/UniqueTag
instanceKlass rhino/ClassCache
instanceKlass rhino/ObjArray
instanceKlass rhino/ScriptableObject$Slot
instanceKlass rhino/EmbeddedSlotMap
instanceKlass rhino/VMBridge
instanceKlass rhino/Script
instanceKlass rhino/Icode
instanceKlass rhino/Node
instanceKlass rhino/optimizer/Codegen
instanceKlass rhino/Evaluator
instanceKlass rhino/ScriptRuntime$DefaultMessageProvider
instanceKlass rhino/ScriptableObject$KeyComparator
instanceKlass rhino/ExternalArrayData
instanceKlass rhino/SlotMapContainer
instanceKlass rhino/SlotMap
instanceKlass rhino/GeneratedClassLoader
instanceKlass rhino/ContextFactory$GlobalSetter
instanceKlass rhino/ContextFactory
instanceKlass rhino/Kit
instanceKlass rhino/Symbol
instanceKlass rhino/Function
instanceKlass rhino/ScriptRuntime$MessageProvider
instanceKlass rhino/ScriptRuntime
instanceKlass rhino/ErrorReporter
instanceKlass rhino/Callable
instanceKlass rhino/IdFunctionCall
instanceKlass rhino/ScriptableObject
instanceKlass rhino/ConstProperties
instanceKlass rhino/debug/DebuggableObject
instanceKlass rhino/SymbolScriptable
instanceKlass rhino/Context
instanceKlass rhino/module/ModuleScriptProvider
instanceKlass rhino/module/provider/ModuleSourceProvider
instanceKlass rhino/Scriptable
instanceKlass mindustry/mod/Scripts
instanceKlass mindustry/world/ColorMapper
instanceKlass mindustry/game/Objectives$OnPlanet
instanceKlass mindustry/content/ErekirTechTree
instanceKlass mindustry/game/Objectives$Produce
instanceKlass mindustry/game/Objectives$OnSector
instanceKlass mindustry/game/Objectives$SectorComplete
instanceKlass mindustry/game/Objectives$Research
instanceKlass mindustry/content/TechTree$TechNode
instanceKlass mindustry/content/TechTree
instanceKlass mindustry/content/SerpuloTechTree
instanceKlass mindustry/maps/SectorSubmissions$MapSubmission
instanceKlass mindustry/maps/SectorSubmissions
instanceKlass mindustry/type/Planet$PlanetData
instanceKlass mindustry/maps/generators/FileMapGenerator
instanceKlass mindustry/content/SectorPresets
instanceKlass mindustry/maps/generators/BaseGenerator
instanceKlass arc/struct/ShortSeq
instanceKlass mindustry/type/Sector$SectorRect
instanceKlass mindustry/game/SectorInfo
instanceKlass mindustry/game/CampaignStats
instanceKlass mindustry/game/CampaignRules
instanceKlass mindustry/content/Weathers
instanceKlass mindustry/game/Schematic$Stile
instanceKlass mindustry/io/TypeIO
instanceKlass arc/util/serialization/Base64Coder$CharMap
instanceKlass arc/util/serialization/Base64Coder
instanceKlass mindustry/content/Loadouts
instanceKlass mindustry/world/blocks/logic/TileableLogicDisplay$MergeBuffer
instanceKlass mindustry/world/blocks/logic/LogicDisplay$DisplayCmdStruct
instanceKlass mindustry/world/blocks/logic/LogicBlock$LogicLink
instanceKlass mindustry/world/blocks/campaign/LaunchPad$LaunchPayloadComp
instanceKlass mindustry/world/blocks/payloads/PayloadMassDriver$PayloadMassDriverData
instanceKlass mindustry/type/PayloadStack
instanceKlass mindustry/world/blocks/units/UnitAssembler$YeetData
instanceKlass mindustry/world/blocks/units/UnitAssembler$AssemblerUnitPlan
instanceKlass mindustry/world/blocks/units/UnitFactory$UnitPlan
instanceKlass mindustry/entities/Units$BuildingPriorityf
instanceKlass mindustry/entities/UnitSorts
instanceKlass mindustry/world/blocks/defense/turrets/Turret$AmmoEntry
instanceKlass mindustry/world/meta/StatCat
instanceKlass mindustry/world/meta/Stat
instanceKlass mindustry/world/blocks/UnitTetherBlock
instanceKlass mindustry/world/blocks/distribution/MassDriver$DriverBulletData
instanceKlass mindustry/world/blocks/storage/Unloader$ContainerStat
instanceKlass mindustry/world/blocks/distribution/ChainedBuilding
instanceKlass mindustry/world/blocks/RotBlock
instanceKlass mindustry/world/blocks/ControlBlock
instanceKlass mindustry/world/blocks/ExplosionShield
instanceKlass mindustry/world/blocks/heat/HeatBlock
instanceKlass mindustry/world/blocks/heat/HeatConsumer
instanceKlass mindustry/type/LiquidStack
instanceKlass mindustry/world/blocks/environment/CharacterOverlay$CharOverlayDataStruct
instanceKlass java/lang/Class$EnclosingMethodInfo
instanceKlass arc/struct/EnumSet
instanceKlass mindustry/type/UnitType$UnitEngine
instanceKlass mindustry/entities/part/DrawPart$PartMove
instanceKlass mindustry/entities/part/DrawPart$CompatFix
instanceKlass mindustry/entities/part/DrawPart$PartParams
instanceKlass mindustry/entities/units/WeaponMount
instanceKlass mindustry/gen/Tankc
instanceKlass mindustry/gen/WaterMovec
instanceKlass mindustry/gen/TimedKillc
instanceKlass mindustry/gen/LaunchPayload
instanceKlass mindustry/gen/LaunchPayloadc
instanceKlass mindustry/gen/PowerGraphUpdater
instanceKlass mindustry/gen/IndexableEntity__powerGraph
instanceKlass mindustry/gen/PosTeam
instanceKlass mindustry/gen/LaunchCore
instanceKlass mindustry/gen/LaunchCorec
instanceKlass mindustry/gen/EffectState
instanceKlass mindustry/gen/EffectStatec
instanceKlass mindustry/gen/Childc
instanceKlass mindustry/gen/Decal
instanceKlass mindustry/gen/Decalc
instanceKlass mindustry/gen/Payloadc
instanceKlass mindustry/gen/BuildingTetherc
instanceKlass mindustry/gen/Mechc
instanceKlass mindustry/gen/Crawlc
instanceKlass mindustry/gen/ElevationMovec
instanceKlass mindustry/gen/BlockUnitc
instanceKlass mindustry/gen/Legsc
instanceKlass mindustry/world/blocks/payloads/Payload
instanceKlass mindustry/gen/EntityMapping
instanceKlass arc/math/Interp$BounceOut
instanceKlass arc/math/Interp$SwingOut
instanceKlass arc/math/Interp$SwingIn
instanceKlass arc/math/Interp$Swing
instanceKlass arc/math/Interp$Elastic
instanceKlass arc/math/Interp$Exp
instanceKlass arc/math/Interp$Pow
instanceKlass mindustry/game/EventType$UnitDamageEvent
instanceKlass mindustry/content/Bullets
instanceKlass mindustry/content/Liquids
instanceKlass mindustry/entities/Effect$EffectContainer
instanceKlass mindustry/content/Fx
instanceKlass mindustry/content/StatusEffects
instanceKlass mindustry/world/meta/Stats
instanceKlass mindustry/content/TeamEntries
instanceKlass mindustry/ctype/Content$ModContentInfo
instanceKlass mindustry/entities/units/AIController
instanceKlass java/util/concurrent/Executors$RunnableAdapter
instanceKlass arc/util/Pack
instanceKlass arc/graphics/g2d/GlyphLayout$GlyphRun
instanceKlass arc/graphics/g2d/GlyphLayout
instanceKlass arc/graphics/g2d/TextureAtlas$TextureAtlasData$Region
instanceKlass arc/graphics/g2d/TextureAtlas$TextureAtlasData$AtlasPage
instanceKlass arc/graphics/g2d/TextureAtlas$TextureAtlasData
instanceKlass arc/graphics/g2d/FontCache
instanceKlass arc/util/Java16Buffers
instanceKlass arc/graphics/g2d/PixmapPacker$GuillotineStrategy$Node
instanceKlass arc/graphics/g2d/PixmapRegion
instanceKlass arc/freetype/FreeTypeFontGenerator$1
instanceKlass arc/graphics/g2d/Font$Glyph
instanceKlass java/io/RandomAccessFile$1
instanceKlass jdk/internal/access/foreign/MemorySegmentProxy
instanceKlass sun/nio/ch/Util$4
instanceKlass sun/nio/ch/FileChannelImpl$Unmapper
instanceKlass jdk/internal/access/foreign/UnmapperProxy
instanceKlass jdk/internal/misc/ExtendedMapMode
instanceKlass sun/nio/ch/NativeThreadSet
instanceKlass java/nio/file/attribute/FileAttribute
instanceKlass java/nio/channels/SeekableByteChannel
instanceKlass java/nio/channels/FileChannel$MapMode
instanceKlass arc/freetype/FreeType$Pointer
instanceKlass arc/freetype/FreeType
instanceKlass arc/graphics/g2d/Font$FontData
instanceKlass arc/struct/ComparableTimSort
instanceKlass mindustry/io/SaveFileReader$IORunnerLength
instanceKlass mindustry/io/SaveFileReader$IORunner
instanceKlass mindustry/io/SaveIO
instanceKlass mindustry/io/SaveOptions
instanceKlass mindustry/io/MapIO
instanceKlass mi2u/graphics/MI2UShaders
instanceKlass arc/func/Intf
instanceKlass mindustry/logic/LWritable
instanceKlass mindustry/logic/LReadable
instanceKlass mindustry/game/EventType$BlockBuildBeginEvent
instanceKlass mindustry/game/EventType$FileTreeInitEvent
instanceKlass sun/invoke/util/VerifyAccess$1
instanceKlass mi2u/io/ModUpdateChecker
instanceKlass mi2u/input/InputOverwrite
instanceKlass mindustry/mod/Mod
instanceKlass java/io/FilePermissionCollection$1
instanceKlass sun/security/util/SecurityProperties
instanceKlass sun/security/util/FilePermCompat
instanceKlass java/io/FilePermission$1
instanceKlass jdk/internal/access/JavaIOFilePermissionAccess
instanceKlass java/net/URLClassLoader$1
instanceKlass mindustry/mod/Mods$ModDependency
instanceKlass mindustry/mod/Mods$ModResolutionContext
instanceKlass jdk/internal/math/FDBigInteger
instanceKlass arc/struct/ObjectFloatMap
instanceKlass arc/util/serialization/JsonReader
instanceKlass arc/struct/ArrayMap$Entries
instanceKlass arc/util/serialization/Jval$Jwriter
instanceKlass arc/util/serialization/Jval$Hwriter
instanceKlass arc/struct/ArrayMap
instanceKlass arc/util/serialization/Jval$Hparser
instanceKlass arc/struct/ObjectSet$ObjectSetIterator
instanceKlass java/util/zip/ZipFile$ZipEntryIterator
instanceKlass mindustry/game/EventType$ContentInitEvent
instanceKlass mindustry/mod/DataBundleLoader
instanceKlass mindustry/mod/DataAudioLoader
instanceKlass mindustry/mod/DataImagePacker
instanceKlass mindustry/mod/Mods$LoadedMod
instanceKlass mindustry/mod/Mods$ModMeta
instanceKlass mindustry/mod/DataPatcher
instanceKlass mindustry/graphics/MultiPacker
instanceKlass mindustry/game/Teams$BlockPlan
instanceKlass arc/struct/Queue
instanceKlass mindustry/game/Teams$TeamData
instanceKlass mindustry/content/Planets
instanceKlass mindustry/game/MapObjectives$TextureHolder
instanceKlass mindustry/content/UnitTypes
instanceKlass mindustry/game/MapObjectives$ObjectiveMarker
instanceKlass mindustry/game/MapObjectives$MapObjective
instanceKlass mindustry/content/Items
instanceKlass mindustry/game/Rules$TeamRule
instanceKlass mindustry/mod/DataAssetCache
instanceKlass mindustry/logic/GlobalVars
instanceKlass mindustry/io/SaveFileReader
instanceKlass mindustry/game/FogControl
instanceKlass mindustry/io/SaveFileReader$CustomChunk
instanceKlass mindustry/ai/PathfindQueue
instanceKlass arc/struct/LongMap
instanceKlass mindustry/ai/ControlPathfinder$Cluster
instanceKlass mindustry/ai/ControlPathfinder$PathfindResult
instanceKlass mindustry/ai/ControlPathfinder
instanceKlass mindustry/ai/Pathfinder$PathCost
instanceKlass mindustry/ai/Pathfinder$Flowfield
instanceKlass mindustry/ai/Pathfinder
instanceKlass mindustry/ai/BlockIndexer
instanceKlass mindustry/game/EventType$TileOverlayChangeEvent
instanceKlass mindustry/ai/WaveSpawner
instanceKlass mindustry/maps/Maps$MapProvider
instanceKlass mindustry/editor/OperationStack
instanceKlass mindustry/editor/MapEditor$Context
instanceKlass mindustry/editor/EditorRenderer
instanceKlass mindustry/editor/MapEditor
instanceKlass mindustry/async/AvoidanceProcess
instanceKlass mindustry/async/PhysicsProcess
instanceKlass mindustry/async/AsyncProcess
instanceKlass mindustry/async/AsyncCore
instanceKlass mindustry/net/BeControl
instanceKlass mindustry/type/ItemSeq
instanceKlass mindustry/game/Universe
instanceKlass mindustry/game/EventType$TileFloorChangeEvent
instanceKlass mindustry/world/Tiles
instanceKlass mindustry/core/World$Context
instanceKlass mindustry/world/WorldContext
instanceKlass mindustry/core/World
instanceKlass mindustry/entities/EntityCollisions
instanceKlass mindustry/game/Waves
instanceKlass arc/util/pooling/Pool
instanceKlass arc/util/pooling/Pools
instanceKlass arc/scene/ui/layout/Cell
instanceKlass java/util/TimSort
instanceKlass java/util/Arrays$LegacyMergeSort
instanceKlass arc/scene/event/FocusListener
instanceKlass arc/scene/utils/Disableable
instanceKlass arc/scene/event/SceneEvent
instanceKlass arc/scene/event/InputListener
instanceKlass mindustry/gen/PowerGraphUpdaterc
instanceKlass mindustry/gen/WorldLabel
instanceKlass mindustry/gen/WorldLabelc
instanceKlass mindustry/gen/IndexableEntity__label
instanceKlass mindustry/gen/WeatherState
instanceKlass mindustry/gen/WeatherStatec
instanceKlass mindustry/gen/IndexableEntity__weather
instanceKlass mindustry/gen/Puddle
instanceKlass mindustry/gen/Puddlec
instanceKlass mindustry/gen/IndexableEntity__puddle
instanceKlass mindustry/gen/Fire
instanceKlass mindustry/gen/IndexableEntity__fire
instanceKlass mindustry/gen/Firec
instanceKlass mindustry/gen/Unit
instanceKlass mindustry/gen/Unitc
instanceKlass mindustry/logic/Ranged
instanceKlass mindustry/gen/Weaponsc
instanceKlass mindustry/gen/Shieldc
instanceKlass mindustry/gen/Physicsc
instanceKlass mindustry/gen/Velc
instanceKlass mindustry/gen/Minerc
instanceKlass mindustry/gen/Itemsc
instanceKlass mindustry/gen/IndexableEntity__unit
instanceKlass mindustry/gen/Builderc
instanceKlass mindustry/gen/Statusc
instanceKlass mindustry/gen/Rotc
instanceKlass mindustry/gen/Bullet
instanceKlass mindustry/gen/IndexableEntity__bullet
instanceKlass mindustry/gen/Bulletc
instanceKlass mindustry/gen/Timedc
instanceKlass arc/math/Scaled
instanceKlass mindustry/gen/Shielderc
instanceKlass mindustry/gen/Ownerc
instanceKlass mindustry/gen/Hitboxc
instanceKlass mindustry/gen/Damagec
instanceKlass mindustry/entities/EntityIndexer
instanceKlass mindustry/entities/EntityGroup
instanceKlass mindustry/gen/Groups
instanceKlass java/util/Locale$1
instanceKlass arc/input/KeyBind$Axis
instanceKlass arc/input/KeyBind$KeybindValue
instanceKlass mindustry/input/Binding
instanceKlass arc/input/KeyBind
instanceKlass mindustry/world/blocks/Autotiler
instanceKlass mindustry/content/Blocks
instanceKlass mindustry/maps/filters/FilterOption
instanceKlass mindustry/maps/filters/GenerateFilter
instanceKlass mindustry/maps/Maps
instanceKlass mindustry/io/JsonIO$16
instanceKlass mindustry/io/JsonIO$15
instanceKlass mindustry/io/JsonIO$14
instanceKlass mindustry/io/JsonIO$13
instanceKlass mindustry/io/JsonIO$12
instanceKlass mindustry/io/JsonIO$11
instanceKlass mindustry/io/JsonIO$10
instanceKlass mindustry/io/JsonIO$9
instanceKlass mindustry/io/JsonIO$8
instanceKlass mindustry/io/JsonIO$7
instanceKlass mindustry/io/JsonIO$6
instanceKlass mindustry/io/JsonIO$5
instanceKlass mindustry/io/JsonIO$4
instanceKlass mindustry/io/JsonIO$3
instanceKlass mindustry/io/JsonIO$2
instanceKlass mindustry/type/Weather$WeatherEntry
instanceKlass mindustry/type/ItemStack
instanceKlass sun/reflect/generics/reflectiveObjects/LazyReflectiveObjectGenerator
instanceKlass java/lang/reflect/TypeVariable
instanceKlass sun/reflect/generics/tree/TypeVariableSignature
instanceKlass sun/reflect/generics/tree/ClassSignature
instanceKlass sun/reflect/generics/tree/Signature
instanceKlass sun/reflect/generics/tree/FormalTypeParameter
instanceKlass sun/reflect/generics/reflectiveObjects/ParameterizedTypeImpl
instanceKlass mindustry/audio/MusicContainer
instanceKlass sun/reflect/generics/visitor/Reifier
instanceKlass sun/reflect/generics/visitor/TypeTreeVisitor
instanceKlass sun/reflect/generics/tree/ClassTypeSignature
instanceKlass sun/reflect/generics/tree/SimpleClassTypeSignature
instanceKlass sun/reflect/generics/tree/FieldTypeSignature
instanceKlass sun/reflect/generics/tree/TypeArgument
instanceKlass sun/reflect/generics/tree/BaseType
instanceKlass sun/reflect/generics/tree/TypeSignature
instanceKlass sun/reflect/generics/tree/ReturnType
instanceKlass sun/reflect/generics/tree/TypeTree
instanceKlass sun/reflect/generics/tree/Tree
instanceKlass sun/reflect/generics/parser/SignatureParser
instanceKlass sun/reflect/generics/repository/AbstractRepository
instanceKlass sun/reflect/generics/factory/CoreReflectionFactory
instanceKlass sun/reflect/generics/factory/GenericsFactory
instanceKlass sun/reflect/generics/scope/AbstractScope
instanceKlass sun/reflect/generics/scope/Scope
instanceKlass java/lang/reflect/ParameterizedType
instanceKlass arc/util/serialization/Json$FieldMetadata
instanceKlass arc/util/Reflect
instanceKlass mindustry/game/SpawnGroup
instanceKlass arc/util/serialization/Json$Serializer
instanceKlass mindustry/io/JsonIO
instanceKlass arc/assets/AssetManager$RefCountedContainer
instanceKlass java/util/concurrent/locks/AbstractQueuedSynchronizer$Node
instanceKlass arc/graphics/gl/FileTextureData
instanceKlass arc/assets/AssetLoadingTask
instanceKlass arc/graphics/g2d/ScreenQuad
instanceKlass arc/graphics/g2d/Lines
instanceKlass arc/math/Angles
instanceKlass arc/graphics/g2d/Fill
instanceKlass arc/math/geom/Bezier
instanceKlass arc/math/geom/Path
instanceKlass arc/math/geom/Point2
instanceKlass arc/math/geom/Circle
instanceKlass arc/util/Tmp
instanceKlass arc/graphics/g2d/Draw
instanceKlass arc/backend/sdl/SdlInput$EditEvent
instanceKlass mindustry/ai/BaseRegistry
instanceKlass mindustry/core/ContentLoader
instanceKlass mindustry/core/NetClient
instanceKlass arc/util/CommandHandler$CommandParam
instanceKlass arc/util/CommandHandler$Command
instanceKlass arc/func/Boolf
instanceKlass arc/util/CommandHandler$CommandRunner
instanceKlass arc/util/CommandHandler$CommandResponse
instanceKlass mindustry/core/NetServer$InvalidCommandHandler
instanceKlass mindustry/core/NetServer$ChatFormatter
instanceKlass mindustry/core/NetServer$TeamAssigner
instanceKlass arc/util/CommandHandler
instanceKlass mindustry/net/Administration$PlayerAction
instanceKlass mindustry/net/Administration$ActionFilter
instanceKlass mindustry/gen/Player
instanceKlass mindustry/gen/Playerc
instanceKlass mindustry/gen/Syncc
instanceKlass mindustry/entities/units/UnitController
instanceKlass mindustry/gen/IndexableEntity__sync
instanceKlass mindustry/gen/IndexableEntity__player
instanceKlass mindustry/gen/IndexableEntity__draw
instanceKlass mindustry/gen/IndexableEntity__all
instanceKlass mindustry/gen/Drawc
instanceKlass mindustry/net/Administration$ChatFilter
instanceKlass mindustry/net/Administration
instanceKlass arc/util/Timekeeper
instanceKlass mindustry/core/NetServer
instanceKlass mindustry/graphics/Shaders
instanceKlass arc/graphics/Camera
instanceKlass arc/scene/ui/layout/Scl
instanceKlass mindustry/graphics/Pixelator
instanceKlass mindustry/graphics/LightRenderer$CircleLight
instanceKlass mindustry/graphics/LightRenderer
instanceKlass mindustry/graphics/OverlayRenderer
instanceKlass mindustry/game/EventType$BuildTeamChangeEvent
instanceKlass mindustry/graphics/MinimapRenderer
instanceKlass mindustry/graphics/FogRenderer
instanceKlass mindustry/game/EventType$TileChangeEvent
instanceKlass mindustry/game/EventType$TilePreChangeEvent
instanceKlass arc/math/geom/QuadTree
instanceKlass mindustry/world/blocks/environment/Floor$UpdateRenderState
instanceKlass mindustry/gen/Building
instanceKlass mindustry/gen/IndexableEntity__build
instanceKlass mindustry/gen/Buildingc
instanceKlass mindustry/logic/Settable
instanceKlass mindustry/logic/Controllable
instanceKlass mindustry/gen/Timerc
instanceKlass mindustry/gen/Teamc
instanceKlass mindustry/gen/Healthc
instanceKlass mindustry/gen/Posc
instanceKlass mindustry/entities/Sized
instanceKlass mindustry/audio/AmbientSource
instanceKlass mindustry/world/Tile
instanceKlass mindustry/ui/Displayable
instanceKlass mindustry/graphics/FloorRenderer
instanceKlass mindustry/graphics/BlockRenderer
instanceKlass mindustry/core/Renderer
instanceKlass mindustry/game/EventType$HostEvent
instanceKlass mindustry/game/EventType$SaveWriteEvent
instanceKlass mindustry/game/EventType$BuildDamageEvent
instanceKlass arc/struct/IntIntMap
instanceKlass mindustry/game/AttackIndicators
instanceKlass arc/audio/AudioFilter
instanceKlass mindustry/audio/SoundControl
instanceKlass mindustry/game/EventType$StateChangeEvent
instanceKlass java/util/Date
instanceKlass java/text/DigitList
instanceKlass java/text/FieldPosition
instanceKlass java/lang/StringUTF16$CharsSpliterator
instanceKlass java/util/stream/Sink$ChainedInt
instanceKlass java/util/function/Predicate
instanceKlass java/util/OptionalInt
instanceKlass java/util/stream/FindOps$FindOp
instanceKlass java/util/stream/TerminalOp
instanceKlass java/util/stream/Sink$OfInt
instanceKlass java/util/function/IntConsumer
instanceKlass java/util/stream/FindOps$FindSink
instanceKlass java/util/stream/TerminalSink
instanceKlass java/util/stream/Sink
instanceKlass java/util/stream/FindOps
instanceKlass java/util/function/IntPredicate
instanceKlass java/util/stream/IntStream
instanceKlass java/lang/StringLatin1$CharsSpliterator
instanceKlass java/text/DecimalFormatSymbols
instanceKlass sun/util/resources/Bundles$2
instanceKlass sun/util/resources/LocaleData$LocaleDataResourceBundleProvider
instanceKlass java/util/spi/ResourceBundleProvider
instanceKlass java/text/DateFormatSymbols
instanceKlass sun/util/calendar/CalendarUtils
instanceKlass sun/util/calendar/CalendarDate
instanceKlass sun/util/resources/Bundles$CacheKeyReference
instanceKlass java/util/ResourceBundle$ResourceBundleProviderHelper
instanceKlass sun/util/resources/Bundles$CacheKey
instanceKlass java/util/ResourceBundle$1
instanceKlass jdk/internal/access/JavaUtilResourceBundleAccess
instanceKlass sun/util/resources/Bundles
instanceKlass sun/util/resources/LocaleData$LocaleDataStrategy
instanceKlass sun/util/resources/Bundles$Strategy
instanceKlass sun/util/resources/LocaleData$1
instanceKlass sun/util/resources/LocaleData
instanceKlass sun/util/locale/provider/LocaleResources
instanceKlass java/util/LinkedList$Node
instanceKlass java/util/ResourceBundle
instanceKlass java/util/ResourceBundle$Control
instanceKlass sun/util/locale/provider/CalendarDataUtility$CalendarWeekParameterGetter
instanceKlass sun/util/locale/provider/LocaleServiceProviderPool$LocalizedObjectGetter
instanceKlass sun/util/locale/provider/LocaleServiceProviderPool
instanceKlass sun/util/calendar/CalendarSystem$GregorianHolder
instanceKlass sun/util/calendar/CalendarSystem
instanceKlass java/util/Calendar$Builder
instanceKlass sun/util/calendar/ZoneInfoFile$ZoneOffsetTransitionRule
instanceKlass sun/util/calendar/ZoneInfoFile$1
instanceKlass sun/util/calendar/ZoneInfoFile
instanceKlass java/util/TimeZone
instanceKlass java/util/Calendar
instanceKlass java/text/AttributedCharacterIterator$Attribute
instanceKlass java/util/Locale$Builder
instanceKlass sun/util/locale/provider/CalendarDataUtility
instanceKlass java/util/StringTokenizer
instanceKlass sun/util/locale/provider/AvailableLanguageTags
instanceKlass sun/util/resources/cldr/provider/CLDRLocaleDataMetaInfo
instanceKlass sun/util/locale/InternalLocaleBuilder$CaseInsensitiveChar
instanceKlass sun/util/locale/InternalLocaleBuilder
instanceKlass sun/util/locale/StringTokenIterator
instanceKlass sun/util/locale/ParseStatus
instanceKlass sun/util/locale/LanguageTag
instanceKlass sun/util/cldr/CLDRBaseLocaleDataMetaInfo
instanceKlass sun/util/locale/provider/LocaleDataMetaInfo
instanceKlass sun/util/locale/provider/ResourceBundleBasedAdapter
instanceKlass sun/util/locale/provider/LocaleProviderAdapter$1
instanceKlass sun/util/locale/provider/LocaleProviderAdapter
instanceKlass java/util/spi/LocaleServiceProvider
instanceKlass java/text/Format
instanceKlass mindustry/game/Saves
instanceKlass arc/util/Interval
instanceKlass mindustry/input/InputHandler
instanceKlass arc/input/GestureDetector$GestureListener
instanceKlass mindustry/world/WorldParams
instanceKlass mindustry/world/blocks/LaunchAnimator
instanceKlass mindustry/core/Control
instanceKlass mindustry/game/EventType$GameOverEvent
instanceKlass mindustry/game/EventType$WaveEvent
instanceKlass mindustry/game/EventType$UnitCreateEvent
instanceKlass mindustry/game/EventType$UnitDestroyEvent
instanceKlass mindustry/game/EventType$CoreChangeEvent
instanceKlass mindustry/game/EventType$SectorLoseEvent
instanceKlass mindustry/game/EventType$SectorCaptureEvent
instanceKlass mindustry/game/EventType$UnlockEvent
instanceKlass mindustry/game/EventType$PlayEvent
instanceKlass mindustry/game/EventType$SaveLoadEvent
instanceKlass mindustry/game/EventType$PayloadDropEvent
instanceKlass mindustry/game/EventType$BlockBuildEndEvent
instanceKlass mindustry/game/EventType$BlockDestroyEvent
instanceKlass mindustry/core/Logic
instanceKlass mindustry/gen/Sounds
instanceKlass mindustry/gen/Musics
instanceKlass arc/freetype/FreeTypeFontGenerator
instanceKlass arc/graphics/g2d/PixmapPacker$Page
instanceKlass arc/graphics/g2d/PixmapPacker$GuillotineStrategy
instanceKlass arc/math/geom/Rect
instanceKlass arc/math/geom/Shape2D
instanceKlass arc/graphics/g2d/PixmapPacker$PackStrategy
instanceKlass arc/graphics/g2d/PixmapPacker
instanceKlass arc/backend/sdl/SdlGraphics$SdlCursor
instanceKlass arc/scene/style/BaseDrawable
instanceKlass arc/scene/style/TransformDrawable
instanceKlass arc/freetype/FreeTypeFontGenerator$FreeTypeFontParameter
instanceKlass mindustry/ui/Fonts
instanceKlass mindustry/entities/units/BuildPlan
instanceKlass arc/math/geom/QuadTree$QuadTreeObject
instanceKlass mindustry/game/Schematics
instanceKlass arc/func/Func
instanceKlass mindustry/mod/ContentParser$TypeParser
instanceKlass mindustry/type/Weapon
instanceKlass mindustry/entities/abilities/Ability
instanceKlass mindustry/game/Objectives$Objective
instanceKlass mindustry/maps/generators/BasicGenerator
instanceKlass mindustry/maps/generators/WorldGenerator
instanceKlass mindustry/entities/part/DrawPart$PartProgress
instanceKlass mindustry/entities/part/DrawPart
instanceKlass mindustry/entities/pattern/ShootPattern
instanceKlass mindustry/world/draw/DrawBlock
instanceKlass mindustry/game/Schematic
instanceKlass mindustry/world/meta/BuildVisibility
instanceKlass mindustry/world/meta/Attribute
instanceKlass mindustry/graphics/CacheLayer
instanceKlass mindustry/entities/Units$Sortf
instanceKlass arc/util/serialization/JsonValue
instanceKlass mindustry/mod/ContentParser$FieldParser
instanceKlass mindustry/entities/Effect
instanceKlass mindustry/world/consumers/Consume
instanceKlass mindustry/graphics/g3d/GenericMesh
instanceKlass mindustry/mod/ContentParser
instanceKlass mindustry/mod/Mods
instanceKlass mindustry/game/EventType$ResetEvent
instanceKlass mindustry/game/EventType$WorldLoadEvent
instanceKlass mindustry/mod/DataManager
instanceKlass mindustry/game/Teams
instanceKlass mindustry/game/MapMarkers
instanceKlass mindustry/game/GameStats
instanceKlass mindustry/maps/Map
instanceKlass mindustry/core/GameState
instanceKlass mindustry/graphics/g3d/PlanetParams
instanceKlass mindustry/game/Team
instanceKlass mindustry/game/MapObjectives
instanceKlass mindustry/type/Sector
instanceKlass mindustry/world/blocks/Attributes
instanceKlass mindustry/game/Rules$TeamRules
instanceKlass arc/util/serialization/Json$JsonSerializable
instanceKlass mindustry/game/Rules
instanceKlass mindustry/net/NetConnection
instanceKlass mindustry/net/ArcNetProvider$3
instanceKlass arc/net/ServerDiscoveryHandler$ReponseHandler
instanceKlass arc/net/ServerDiscoveryHandler
instanceKlass arc/net/Server$1
instanceKlass arc/struct/IntMap
instanceKlass arc/net/Server
instanceKlass mindustry/net/ArcNetProvider$2
instanceKlass java/nio/BufferMismatch
instanceKlass sun/nio/ch/IOStatus
instanceKlass sun/nio/ch/Util$BufferCache
instanceKlass sun/nio/ch/NativeThread
instanceKlass java/nio/channels/spi/AbstractInterruptibleChannel$1
instanceKlass sun/nio/ch/Interruptible
instanceKlass java/nio/channels/GatheringByteChannel
instanceKlass java/nio/channels/ScatteringByteChannel
instanceKlass java/nio/channels/ByteChannel
instanceKlass java/nio/channels/WritableByteChannel
instanceKlass java/nio/channels/ReadableByteChannel
instanceKlass jdk/net/ExtendedSocketOptions$PlatformSocketOptions$1
instanceKlass jdk/net/ExtendedSocketOptions$PlatformSocketOptions
instanceKlass jdk/net/ExtendedSocketOptions$ExtSocketOption
instanceKlass java/net/SocketOption
instanceKlass jdk/net/ExtendedSocketOptions
instanceKlass sun/net/ext/ExtendedSocketOptions
instanceKlass sun/nio/ch/Net$1
instanceKlass sun/nio/ch/Net
instanceKlass sun/nio/ch/NativeDispatcher
instanceKlass sun/nio/ch/SelChImpl
instanceKlass com/sun/security/sasl/Provider$1
instanceKlass sun/security/pkcs11/SunPKCS11$Descriptor
instanceKlass javax/security/auth/Subject
instanceKlass javax/security/auth/callback/CallbackHandler
instanceKlass com/sun/security/sasl/gsskerb/JdkSASL$1
instanceKlass sun/security/smartcardio/SunPCSC$1
instanceKlass sun/security/jgss/SunProvider$1
instanceKlass sun/security/mscapi/SunMSCAPI$2
instanceKlass sun/security/mscapi/SunMSCAPI$1
instanceKlass org/jcp/xml/dsig/internal/dom/XMLDSigRI$2
instanceKlass org/jcp/xml/dsig/internal/dom/XMLDSigRI$1
instanceKlass jdk/internal/misc/ScopedMemoryAccess$Scope
instanceKlass java/security/spec/ECFieldF2m
instanceKlass sun/security/util/ObjectIdentifier
instanceKlass sun/security/util/ByteArrayTagOrder
instanceKlass sun/security/util/ByteArrayLexOrder
instanceKlass sun/security/util/DerEncoder
instanceKlass java/security/spec/ECParameterSpec
instanceKlass java/security/spec/AlgorithmParameterSpec
instanceKlass java/security/spec/ECPoint
instanceKlass java/security/spec/EllipticCurve
instanceKlass java/security/spec/ECFieldFp
instanceKlass java/security/spec/ECField
instanceKlass sun/security/util/CurveDB
instanceKlass sun/security/ec/SunEC$1
instanceKlass java/util/ServiceLoader$ProviderImpl
instanceKlass java/util/ServiceLoader$Provider
instanceKlass java/util/ServiceLoader$1
instanceKlass jdk/internal/module/ModulePatcher$PatchedModuleReader
instanceKlass java/util/concurrent/CopyOnWriteArrayList$COWIterator
instanceKlass sun/security/jca/ProviderConfig$ProviderLoader
instanceKlass sun/security/jca/ProviderConfig$3
instanceKlass sun/security/rsa/SunRsaSignEntries
instanceKlass sun/net/NetProperties$1
instanceKlass sun/net/NetProperties
instanceKlass sun/nio/ch/UnixDomainSocketsUtil
instanceKlass sun/nio/ch/UnixDomainSockets
instanceKlass java/nio/channels/spi/AbstractInterruptibleChannel
instanceKlass java/nio/channels/InterruptibleChannel
instanceKlass java/nio/channels/NetworkChannel
instanceKlass java/nio/channels/Channel
instanceKlass java/net/ProtocolFamily
instanceKlass sun/nio/ch/PipeImpl$Initializer$LoopbackConnector
instanceKlass sun/nio/ch/PipeImpl$Initializer
instanceKlass java/nio/channels/Pipe
instanceKlass sun/nio/ch/WEPoll
instanceKlass sun/nio/ch/Util$2
instanceKlass sun/nio/ch/IOUtil
instanceKlass sun/nio/ch/Util
instanceKlass java/lang/WeakPairMap$Pair$Lookup
instanceKlass java/lang/WeakPairMap$Pair
instanceKlass java/lang/WeakPairMap
instanceKlass java/lang/Module$ReflectionData
instanceKlass sun/nio/ch/DefaultSelectorProvider
instanceKlass jdk/internal/loader/URLClassPath$1
instanceKlass java/lang/CompoundEnumeration
instanceKlass jdk/internal/loader/BuiltinClassLoader$1
instanceKlass java/util/Collections$EmptyEnumeration
instanceKlass java/util/ServiceLoader$3
instanceKlass java/util/ServiceLoader$2
instanceKlass java/util/ServiceLoader$LazyClassPathLookupIterator
instanceKlass java/util/Spliterators$1Adapter
instanceKlass java/util/function/Consumer
instanceKlass java/lang/Class$3
instanceKlass java/util/EnumMap$1
instanceKlass java/util/stream/StreamOpFlag$MaskBuilder
instanceKlass java/util/stream/PipelineHelper
instanceKlass java/util/stream/StreamSupport
instanceKlass java/util/Spliterators$ArraySpliterator
instanceKlass java/util/Spliterator$OfDouble
instanceKlass java/util/Spliterator$OfLong
instanceKlass java/util/Spliterator$OfInt
instanceKlass java/util/Spliterator$OfPrimitive
instanceKlass java/util/Spliterator
instanceKlass java/util/Spliterators$EmptySpliterator
instanceKlass java/util/Spliterators
instanceKlass java/util/ServiceLoader$ModuleServicesLookupIterator
instanceKlass java/util/ServiceLoader
instanceKlass java/nio/channels/spi/SelectorProvider$Holder
instanceKlass java/nio/channels/spi/SelectorProvider
instanceKlass java/nio/channels/Selector
instanceKlass arc/net/TcpConnection
instanceKlass arc/util/io/Writes
instanceKlass arc/net/FrameworkMessage
instanceKlass mindustry/net/ArcNetProvider$PacketSerializer
instanceKlass java/net/SocketAddress
instanceKlass arc/net/ArcNet
instanceKlass arc/util/Ratekeeper
instanceKlass java/net/DatagramPacket
instanceKlass java/io/DeleteOnExitHook$1
instanceKlass java/io/DeleteOnExitHook
instanceKlass sun/security/provider/AbstractDrbg$NonceProvider
instanceKlass sun/nio/fs/BasicFileAttributesHolder
instanceKlass sun/nio/fs/WindowsDirectoryStream$WindowsDirectoryIterator
instanceKlass sun/nio/fs/WindowsDirectoryStream
instanceKlass java/nio/file/DirectoryStream
instanceKlass java/nio/file/Files$AcceptAllFilter
instanceKlass java/nio/file/DirectoryStream$Filter
instanceKlass java/net/NetworkInterface$1
instanceKlass java/net/DefaultInterface
instanceKlass java/net/Inet6Address$Inet6AddressHolder
instanceKlass java/net/InetAddress$PlatformNameService
instanceKlass java/net/InetAddress$NameService
instanceKlass java/net/Inet6AddressImpl
instanceKlass java/net/InetAddressImpl
instanceKlass java/net/InetAddressImplFactory
instanceKlass java/util/concurrent/ConcurrentSkipListMap$Node
instanceKlass java/util/concurrent/ConcurrentSkipListMap$Index
instanceKlass java/util/concurrent/ConcurrentNavigableMap
instanceKlass java/util/NavigableSet
instanceKlass java/util/SortedSet
instanceKlass java/net/InetAddress$InetAddressHolder
instanceKlass java/net/InetAddress$1
instanceKlass jdk/internal/access/JavaNetInetAddressAccess
instanceKlass java/net/InetAddress
instanceKlass java/net/InterfaceAddress
instanceKlass java/net/NetworkInterface
instanceKlass sun/nio/cs/StringUTF16
instanceKlass java/lang/constant/DynamicConstantDesc
instanceKlass java/lang/constant/DirectMethodHandleDesc$1
instanceKlass java/lang/constant/DirectMethodHandleDescImpl$1
instanceKlass java/lang/constant/DirectMethodHandleDescImpl
instanceKlass java/lang/constant/DirectMethodHandleDesc
instanceKlass java/lang/constant/MethodHandleDesc$1
instanceKlass java/lang/constant/MethodHandleDesc
instanceKlass java/lang/constant/MethodTypeDescImpl
instanceKlass java/lang/constant/MethodTypeDesc
instanceKlass java/lang/constant/ReferenceClassDescImpl
instanceKlass java/lang/constant/ConstantUtils
instanceKlass java/lang/constant/ClassDesc
instanceKlass java/lang/constant/ConstantDescs
instanceKlass java/lang/invoke/VarHandle$2
instanceKlass java/lang/invoke/VarHandle$TypesAndInvokers
instanceKlass java/lang/invoke/VarHandleByteArrayBase
instanceKlass sun/security/provider/ByteArrayAccess$BE
instanceKlass sun/security/provider/ByteArrayAccess
instanceKlass java/util/Collections$UnmodifiableCollection$1
instanceKlass java/util/Collections$SynchronizedCollection
instanceKlass java/util/Properties$EntrySet
instanceKlass sun/security/provider/SeedGenerator$1
instanceKlass sun/security/util/MessageDigestSpi2
instanceKlass sun/security/jca/GetInstance$Instance
instanceKlass sun/security/jca/GetInstance
instanceKlass java/security/MessageDigestSpi
instanceKlass sun/security/provider/SeedGenerator
instanceKlass sun/security/provider/AbstractDrbg$SeederHolder
instanceKlass java/security/DrbgParameters$NextBytes
instanceKlass sun/security/provider/EntropySource
instanceKlass sun/security/provider/AbstractDrbg
instanceKlass java/security/DrbgParameters$Instantiation
instanceKlass java/security/DrbgParameters
instanceKlass sun/security/provider/MoreDrbgParameters
instanceKlass java/security/SecureRandomSpi
instanceKlass java/security/SecureRandomParameters
instanceKlass jdk/internal/event/Event
instanceKlass java/util/Collections$EmptyIterator
instanceKlass java/util/LinkedHashMap$LinkedHashIterator
instanceKlass sun/security/util/SecurityProviderConstants
instanceKlass java/security/Provider$UString
instanceKlass java/security/Provider$Service
instanceKlass sun/security/provider/NativePRNG$NonBlocking
instanceKlass sun/security/provider/NativePRNG$Blocking
instanceKlass sun/security/provider/NativePRNG
instanceKlass sun/security/provider/SunEntries$1
instanceKlass sun/security/provider/SunEntries
instanceKlass sun/security/util/SecurityConstants
instanceKlass java/util/AbstractList$Itr
instanceKlass java/security/Security$2
instanceKlass jdk/internal/access/JavaSecurityPropertiesAccess
instanceKlass java/util/concurrent/ConcurrentHashMap$MapEntry
instanceKlass java/util/Properties$LineReader
instanceKlass java/security/Security$1
instanceKlass java/security/Security
instanceKlass sun/security/jca/ProviderList$2
instanceKlass jdk/internal/math/FloatingDecimal$ASCIIToBinaryBuffer
instanceKlass jdk/internal/math/FloatingDecimal$PreparedASCIIToBinaryBuffer
instanceKlass jdk/internal/math/FloatingDecimal$ASCIIToBinaryConverter
instanceKlass jdk/internal/math/FloatingDecimal$BinaryToASCIIBuffer
instanceKlass jdk/internal/math/FloatingDecimal$ExceptionalBinaryToASCIIBuffer
instanceKlass jdk/internal/math/FloatingDecimal$BinaryToASCIIConverter
instanceKlass jdk/internal/math/FloatingDecimal
instanceKlass java/security/Provider$EngineDescription
instanceKlass java/security/Provider$ServiceKey
instanceKlass sun/security/jca/ProviderConfig
instanceKlass sun/security/jca/ProviderList
instanceKlass sun/security/jca/Providers
instanceKlass java/io/File$TempDirectory
instanceKlass net/jpountz/util/Native$1
instanceKlass jdk/internal/reflect/ClassDefiner$1
instanceKlass jdk/internal/reflect/ClassDefiner
instanceKlass jdk/internal/reflect/MethodAccessorGenerator$1
instanceKlass jdk/internal/reflect/Label$PatchInfo
instanceKlass jdk/internal/reflect/Label
instanceKlass jdk/internal/reflect/UTF8
instanceKlass jdk/internal/reflect/ClassFileAssembler
instanceKlass jdk/internal/reflect/ByteVectorImpl
instanceKlass jdk/internal/reflect/ByteVector
instanceKlass jdk/internal/reflect/ByteVectorFactory
instanceKlass jdk/internal/reflect/AccessorGenerator
instanceKlass jdk/internal/reflect/ClassFileConstants
instanceKlass net/jpountz/lz4/LZ4SafeDecompressor
instanceKlass net/jpountz/lz4/LZ4FastDecompressor
instanceKlass jdk/internal/reflect/UnsafeFieldAccessorFactory
instanceKlass net/jpountz/lz4/LZ4Compressor
instanceKlass java/io/FilenameFilter
instanceKlass net/jpountz/lz4/LZ4UnknownSizeDecompressor
instanceKlass net/jpountz/lz4/LZ4Decompressor
instanceKlass net/jpountz/lz4/LZ4Factory
instanceKlass arc/net/NetListener
instanceKlass arc/net/Connection
instanceKlass arc/net/EndPoint
instanceKlass arc/net/NetSerializer
instanceKlass mindustry/net/ArcNetProvider
instanceKlass java/lang/invoke/MethodHandle$1
instanceKlass mindustry/gen/Entityc
instanceKlass mindustry/gen/Call
instanceKlass arc/util/io/Reads
instanceKlass mindustry/net/Packet
instanceKlass mindustry/net/Net
instanceKlass arc/graphics/gl/PixmapTextureData
instanceKlass arc/graphics/Pixmaps
instanceKlass arc/assets/AssetDescriptor
instanceKlass arc/assets/loaders/CubemapLoader$CubemapLoaderInfo
instanceKlass arc/assets/loaders/TextureLoader$TextureLoaderInfo
instanceKlass arc/graphics/g2d/TextureAtlas
instanceKlass arc/graphics/g2d/TextureRegion
instanceKlass arc/graphics/g2d/Font
instanceKlass arc/assets/AssetManager
instanceKlass java/util/concurrent/ForkJoinTask$Aux
instanceKlass java/util/concurrent/ForkJoinPool$WorkQueue
instanceKlass java/util/concurrent/ForkJoinPool$DefaultCommonPoolForkJoinWorkerThreadFactory
instanceKlass java/util/concurrent/ForkJoinPool$1
instanceKlass java/util/concurrent/ForkJoinPool$DefaultForkJoinWorkerThreadFactory
instanceKlass java/util/concurrent/ForkJoinPool$ForkJoinWorkerThreadFactory
instanceKlass arc/graphics/g2d/ForkJoinHolder
instanceKlass arc/graphics/g2d/SpriteBatch$DrawRequest
instanceKlass java/util/concurrent/ForkJoinTask
instanceKlass arc/struct/ObjectMap$Entry
instanceKlass arc/graphics/Colors
instanceKlass arc/scene/Action
instanceKlass arc/util/pooling/Pool$Poolable
instanceKlass arc/scene/event/EventListener
instanceKlass arc/math/Interp
instanceKlass arc/scene/style/Drawable
instanceKlass arc/Input$TextInput
instanceKlass arc/scene/style/Style
instanceKlass arc/scene/utils/Cullable
instanceKlass arc/scene/Element
instanceKlass mindustry/core/UI
instanceKlass mindustry/graphics/NvGpuInfo
instanceKlass mindustry/game/EventType$ClientCreateEvent
instanceKlass arc/func/Boolp
instanceKlass mindustry/graphics/LoadRenderer$Bar
instanceKlass arc/struct/TimSort
instanceKlass arc/util/Structs
instanceKlass arc/struct/Sort
instanceKlass arc/func/Floatf
instanceKlass arc/fx/filters/GaussianBlurFilter$1
instanceKlass arc/fx/filters/MultipassVfxFilter
instanceKlass arc/graphics/Blending
instanceKlass arc/graphics/gl/GLOnlyTextureData
instanceKlass arc/graphics/gl/GLFrameBuffer$FrameBufferRenderBufferAttachmentSpec
instanceKlass arc/graphics/gl/GLFrameBuffer$FrameBufferTextureAttachmentSpec
instanceKlass arc/graphics/GLTexture
instanceKlass arc/graphics/TextureData
instanceKlass arc/graphics/gl/GLFrameBuffer$GLFrameBufferBuilder
instanceKlass arc/graphics/gl/GLFrameBuffer
instanceKlass arc/fx/util/PingPongBuffer
instanceKlass arc/fx/util/FxBufferRenderer
instanceKlass arc/struct/ObjectIntMap
instanceKlass arc/fx/FxProcessor
instanceKlass arc/math/WindowedMean
instanceKlass arc/math/geom/Ray
instanceKlass arc/math/geom/Plane
instanceKlass arc/math/geom/Frustum
instanceKlass arc/math/geom/Quat
instanceKlass arc/math/geom/Mat3D
instanceKlass arc/graphics/g3d/Camera3D
instanceKlass arc/graphics/gl/IndexBufferObject
instanceKlass arc/graphics/gl/VertexBufferObjectWithVAO
instanceKlass arc/graphics/gl/IndexData
instanceKlass arc/graphics/gl/VertexData
instanceKlass arc/graphics/Mesh
instanceKlass arc/graphics/VertexAttribute
instanceKlass mindustry/graphics/g3d/HexMesher
instanceKlass mindustry/graphics/g3d/MeshBuilder
instanceKlass mindustry/graphics/g3d/PlanetGrid$Edge
instanceKlass mindustry/graphics/g3d/PlanetGrid$Corner
instanceKlass mindustry/graphics/g3d/PlanetGrid$Ptile
instanceKlass arc/math/Mat
instanceKlass arc/math/geom/Vec3
instanceKlass mindustry/graphics/g3d/PlanetGrid
instanceKlass arc/struct/FloatSeq
instanceKlass mindustry/graphics/Pal
instanceKlass arc/graphics/gl/Shader
instanceKlass arc/fx/FxFilter
instanceKlass mindustry/graphics/LoadRenderer
instanceKlass java/io/FileOutputStream$1
instanceKlass arc/func/Floatp
instanceKlass arc/struct/LongSeq
instanceKlass arc/util/Time
instanceKlass arc/struct/Seq$SeqIterable$SeqIterator
instanceKlass arc/struct/Seq$SeqIterable
instanceKlass arc/backend/sdl/SdlApplication$1
instanceKlass arc/graphics/Pixmap
instanceKlass arc/audio/Audio$1
instanceKlass arc/audio/Soloud
instanceKlass arc/audio/AudioSource
instanceKlass arc/audio/Audio
instanceKlass arc/util/serialization/Json
instanceKlass arc/util/serialization/UBJsonReader
instanceKlass arc/util/serialization/BaseJsonReader
instanceKlass arc/util/serialization/BaseJsonWriter
instanceKlass arc/Settings
instanceKlass arc/struct/IntSeq
instanceKlass arc/input/InputEventQueue
instanceKlass arc/input/InputMultiplexer
instanceKlass arc/struct/IntFloatMap
instanceKlass arc/input/KeyboardDevice
instanceKlass arc/input/InputProcessor
instanceKlass arc/struct/Bits
instanceKlass java/nio/DirectByteBuffer$Deallocator
instanceKlass arc/util/Buffers
instanceKlass arc/graphics/Gl
instanceKlass arc/Graphics$BufferFormat
instanceKlass arc/graphics/gl/GLVersion
instanceKlass arc/backend/sdl/SdlGL20
instanceKlass arc/backend/sdl/jni/SDLGL
instanceKlass arc/graphics/GL30
instanceKlass arc/graphics/GL20
instanceKlass arc/Graphics$Cursor
instanceKlass arc/backend/sdl/SdlFiles
instanceKlass java/util/TreeMap$PrivateEntryIterator
instanceKlass java/lang/invoke/LambdaFormEditor$1
instanceKlass java/lang/invoke/MethodHandles$1
instanceKlass java/lang/Long$LongCache
instanceKlass arc/struct/ObjectMap$MapIterator
instanceKlass arc/util/ColorCodes
instanceKlass arc/backend/sdl/jni/SDL
instanceKlass arc/util/NativeUtils
instanceKlass arc/util/io/Streams
instanceKlass java/lang/invoke/VarHandle$AccessDescriptor
instanceKlass arc/discord/DiscordRPC$Pipe
instanceKlass java/util/concurrent/Callable
instanceKlass java/util/concurrent/FutureTask$WaitNode
instanceKlass java/util/concurrent/FutureTask
instanceKlass java/util/concurrent/RunnableFuture
instanceKlass java/lang/invoke/VarForm
instanceKlass java/lang/invoke/VarHandleGuards
instanceKlass jdk/internal/util/Preconditions$1
instanceKlass java/util/function/BiFunction
instanceKlass java/lang/invoke/VarHandle$1
instanceKlass java/lang/ClassValue$Version
instanceKlass java/lang/ClassValue$Identity
instanceKlass java/lang/ClassValue
instanceKlass java/lang/invoke/VarHandles
instanceKlass java/util/concurrent/SynchronousQueue$TransferStack$SNode
instanceKlass java/util/concurrent/ForkJoinPool$ManagedBlocker
instanceKlass java/util/concurrent/SynchronousQueue$Transferer
instanceKlass jdk/internal/util/random/RandomSupport
instanceKlass sun/net/www/MessageHeader
instanceKlass java/lang/ProcessHandleImpl
instanceKlass sun/net/www/protocol/jar/JarFileFactory
instanceKlass sun/net/www/protocol/jar/URLJarFile$URLJarFileCloseController
instanceKlass sun/reflect/annotation/AnnotationParser
instanceKlass java/net/URLConnection
instanceKlass java/util/concurrent/CompletableFuture
instanceKlass java/util/concurrent/CompletionStage
instanceKlass java/util/concurrent/Future
instanceKlass java/util/stream/Stream
instanceKlass java/util/stream/BaseStream
instanceKlass java/lang/ProcessHandle$Info
instanceKlass java/lang/ProcessHandle
instanceKlass arc/util/serialization/Jval
instanceKlass jdk/internal/jimage/ImageLocation
instanceKlass jdk/internal/jimage/decompressor/Decompressor
instanceKlass jdk/internal/jimage/ImageStringsReader
instanceKlass jdk/internal/jimage/ImageStrings
instanceKlass jdk/internal/jimage/ImageHeader
instanceKlass jdk/internal/jimage/NativeImageBuffer$1
instanceKlass jdk/internal/jimage/NativeImageBuffer
instanceKlass jdk/internal/jimage/BasicImageReader$1
instanceKlass jdk/internal/jimage/BasicImageReader
instanceKlass jdk/internal/jimage/ImageReader
instanceKlass jdk/internal/jimage/ImageReaderFactory$1
instanceKlass java/net/URI$Parser
instanceKlass java/nio/file/FileSystems$DefaultFileSystemHolder$1
instanceKlass java/nio/file/FileSystems$DefaultFileSystemHolder
instanceKlass java/nio/file/FileSystems
instanceKlass java/nio/file/Paths
instanceKlass jdk/internal/jimage/ImageReaderFactory
instanceKlass jdk/internal/module/SystemModuleFinders$SystemImage
instanceKlass jdk/internal/module/SystemModuleFinders$SystemModuleReader
instanceKlass java/lang/module/ModuleReader
instanceKlass jdk/internal/loader/BuiltinClassLoader$5
instanceKlass jdk/internal/loader/BuiltinClassLoader$2
instanceKlass jdk/internal/module/Resources
instanceKlass arc/util/SharedLibraryLoader
instanceKlass arc/discord/DiscordRPC$User
instanceKlass arc/func/Cons2
instanceKlass arc/util/ArcNativesLoader
instanceKlass arc/util/TaskQueue
instanceKlass mindustry/graphics/IntelGpuCheck
instanceKlass java/lang/Shutdown$Lock
instanceKlass java/lang/Shutdown
instanceKlass java/lang/ApplicationShutdownHooks$1
instanceKlass java/lang/ApplicationShutdownHooks
instanceKlass arc/discord/DiscordRPC
instanceKlass arc/Input
instanceKlass arc/Graphics
instanceKlass arc/Files
instanceKlass arc/backend/sdl/SdlApplication
instanceKlass arc/Application
instanceKlass arc/files/Fi$2
instanceKlass java/util/TreeMap$Entry
instanceKlass java/lang/ProcessEnvironment$CheckedEntry
instanceKlass java/lang/ProcessEnvironment$CheckedEntrySet$1
instanceKlass java/util/NavigableMap
instanceKlass java/util/SortedMap
instanceKlass java/lang/ProcessEnvironment$EntryComparator
instanceKlass java/lang/ProcessEnvironment$NameComparator
instanceKlass arc/func/Prov
instanceKlass arc/Events
instanceKlass arc/func/Cons
instanceKlass mindustry/game/EventType$ClientLoadEvent
instanceKlass arc/util/Log$DefaultLogFormatter
instanceKlass arc/util/Log$DefaultLogHandler
instanceKlass arc/util/Log$LogFormatter
instanceKlass arc/util/Log
instanceKlass arc/util/Log$LogHandler
instanceKlass arc/struct/IntSet
instanceKlass mindustry/Vars$1
instanceKlass arc/assets/AssetLoaderParameters
instanceKlass mindustry/core/FileTree
instanceKlass java/util/concurrent/LinkedBlockingQueue$Node
instanceKlass java/util/concurrent/locks/AbstractQueuedSynchronizer$ConditionObject
instanceKlass java/util/concurrent/locks/Condition
instanceKlass java/util/concurrent/ThreadPoolExecutor$AbortPolicy
instanceKlass java/util/concurrent/RejectedExecutionHandler
instanceKlass java/util/concurrent/AbstractExecutorService
instanceKlass java/util/concurrent/Executors
instanceKlass java/util/concurrent/ExecutorService
instanceKlass java/util/concurrent/Executor
instanceKlass java/util/concurrent/BlockingQueue
instanceKlass arc/util/Threads
instanceKlass arc/util/TextFormatter
instanceKlass arc/util/I18NBundle
instanceKlass arc/Core
instanceKlass arc/graphics/Color
instanceKlass mindustry/net/ServerGroup
instanceKlass mindustry/ctype/Content
instanceKlass mindustry/logic/Senseable
instanceKlass mindustry/Vars
instanceKlass java/nio/charset/CoderResult
instanceKlass arc/util/io/PropertiesUtils
instanceKlass arc/math/geom/Vec2
instanceKlass arc/math/geom/Position
instanceKlass arc/math/geom/Vector
instanceKlass java/util/Random
instanceKlass java/util/random/RandomGenerator
instanceKlass arc/math/Mathf
instanceKlass java/lang/StrictMath
instanceKlass arc/struct/ObjectSet
instanceKlass arc/struct/ObjectMap
instanceKlass arc/files/Fi
instanceKlass java/util/regex/Pattern$TreeInfo
instanceKlass java/util/regex/Pattern$BitClass
instanceKlass java/text/CharacterIterator
instanceKlass arc/util/Strings
instanceKlass java/util/regex/ASCII
instanceKlass java/util/regex/IntHashSet
instanceKlass java/util/regex/Matcher
instanceKlass java/util/regex/MatchResult
instanceKlass jdk/internal/org/objectweb/asm/ClassReader
instanceKlass java/lang/invoke/MethodHandles$Lookup$ClassDefiner
instanceKlass java/lang/invoke/MethodHandles$Lookup$ClassFile
instanceKlass jdk/internal/org/objectweb/asm/Handler
instanceKlass jdk/internal/org/objectweb/asm/Attribute
instanceKlass jdk/internal/org/objectweb/asm/FieldVisitor
instanceKlass java/util/ArrayList$Itr
instanceKlass java/lang/invoke/InvokerBytecodeGenerator$ClassData
instanceKlass jdk/internal/org/objectweb/asm/AnnotationVisitor
instanceKlass jdk/internal/org/objectweb/asm/Frame
instanceKlass jdk/internal/org/objectweb/asm/Label
instanceKlass jdk/internal/org/objectweb/asm/MethodVisitor
instanceKlass java/lang/invoke/LambdaFormBuffer
instanceKlass java/lang/invoke/LambdaFormEditor$TransformKey
instanceKlass java/lang/invoke/LambdaFormEditor
instanceKlass sun/invoke/util/Wrapper$1
instanceKlass java/lang/invoke/DelegatingMethodHandle$Holder
instanceKlass java/lang/invoke/DirectMethodHandle$2
instanceKlass sun/invoke/empty/Empty
instanceKlass sun/invoke/util/VerifyType
instanceKlass java/lang/invoke/ClassSpecializer$Factory
instanceKlass java/lang/invoke/ClassSpecializer$SpeciesData
instanceKlass java/lang/invoke/ClassSpecializer$1
instanceKlass java/lang/invoke/ClassSpecializer
instanceKlass java/lang/invoke/InnerClassLambdaMetafactory$1
instanceKlass java/lang/invoke/LambdaProxyClassArchive
instanceKlass jdk/internal/org/objectweb/asm/ByteVector
instanceKlass jdk/internal/org/objectweb/asm/Symbol
instanceKlass jdk/internal/org/objectweb/asm/SymbolTable
instanceKlass jdk/internal/org/objectweb/asm/ClassVisitor
instanceKlass java/lang/invoke/InfoFromMemberName
instanceKlass java/lang/invoke/MethodHandleInfo
instanceKlass jdk/internal/org/objectweb/asm/ConstantDynamic
instanceKlass sun/invoke/util/BytecodeDescriptor
instanceKlass jdk/internal/org/objectweb/asm/Handle
instanceKlass sun/security/action/GetBooleanAction
instanceKlass jdk/internal/org/objectweb/asm/Type
instanceKlass java/lang/invoke/AbstractValidatingLambdaMetafactory
instanceKlass java/lang/invoke/MethodHandleImpl$1
instanceKlass jdk/internal/access/JavaLangInvokeAccess
instanceKlass java/lang/invoke/Invokers$Holder
instanceKlass java/lang/invoke/BootstrapMethodInvoker
instanceKlass java/util/regex/Pattern$BmpCharPredicate
instanceKlass java/util/regex/Pattern$CharPredicate
instanceKlass java/lang/invoke/InvokerBytecodeGenerator$2
instanceKlass java/lang/invoke/InvokerBytecodeGenerator
instanceKlass java/lang/invoke/LambdaForm$Holder
instanceKlass java/lang/invoke/LambdaForm$Name
instanceKlass java/lang/invoke/Invokers
instanceKlass java/lang/invoke/MethodHandleImpl
instanceKlass sun/invoke/util/ValueConversions
instanceKlass java/lang/invoke/DirectMethodHandle$Holder
instanceKlass java/lang/invoke/LambdaForm$NamedFunction
instanceKlass sun/invoke/util/Wrapper$Format
instanceKlass java/lang/invoke/MethodTypeForm
instanceKlass java/lang/invoke/MethodType$ConcurrentWeakInternSet
instanceKlass java/lang/invoke/LambdaMetafactory
instanceKlass java/util/regex/CharPredicates
instanceKlass java/util/regex/Pattern$Node
instanceKlass java/util/regex/Pattern
instanceKlass java/io/Reader
instanceKlass java/lang/Readable
instanceKlass arc/util/OS
instanceKlass mindustry/core/Version
instanceKlass java/lang/Void
instanceKlass java/lang/PublicMethods$Key
instanceKlass java/lang/PublicMethods$MethodList
instanceKlass mindustry/ui/FileChooser$FileChooserParams
instanceKlass arc/struct/Seq
instanceKlass arc/util/Eachable
instanceKlass mindustry/type/Publishable
instanceKlass mindustry/service/GameService
instanceKlass arc/backend/sdl/SdlConfig
instanceKlass arc/assets/Loadable
instanceKlass arc/assets/loaders/FileHandleResolver
instanceKlass arc/assets/loaders/AssetLoader
instanceKlass arc/graphics/g2d/Batch
instanceKlass arc/util/Disposable
instanceKlass mindustry/net/Net$NetProvider
instanceKlass arc/ApplicationCore
instanceKlass arc/ApplicationListener
instanceKlass mindustry/core/Platform
instanceKlass java/util/zip/Checksum$1
instanceKlass java/util/zip/CRC32
instanceKlass java/util/zip/Checksum
instanceKlass java/util/jar/Attributes$Name
instanceKlass java/util/jar/Attributes
instanceKlass sun/security/action/GetIntegerAction
instanceKlass sun/security/util/SignatureFileVerifier
instanceKlass java/util/zip/ZipFile$InflaterCleanupAction
instanceKlass java/util/zip/Inflater$InflaterZStreamRef
instanceKlass java/util/zip/Inflater
instanceKlass java/util/zip/ZipEntry
instanceKlass jdk/internal/util/jar/JarIndex
instanceKlass java/nio/Bits$1
instanceKlass jdk/internal/misc/VM$BufferPool
instanceKlass java/nio/Bits
instanceKlass sun/nio/ch/DirectBuffer
instanceKlass jdk/internal/perf/PerfCounter$CoreCounters
instanceKlass jdk/internal/perf/Perf
instanceKlass jdk/internal/perf/Perf$GetPerfAction
instanceKlass jdk/internal/perf/PerfCounter
instanceKlass java/nio/file/attribute/FileTime
instanceKlass java/util/zip/ZipUtils
instanceKlass java/util/zip/ZipFile$Source$End
instanceKlass java/io/RandomAccessFile$2
instanceKlass jdk/internal/access/JavaIORandomAccessFileAccess
instanceKlass java/io/RandomAccessFile
instanceKlass java/io/DataInput
instanceKlass java/io/DataOutput
instanceKlass sun/nio/fs/WindowsNativeDispatcher$CompletionStatus
instanceKlass sun/nio/fs/WindowsNativeDispatcher$AclInformation
instanceKlass sun/nio/fs/WindowsNativeDispatcher$Account
instanceKlass sun/nio/fs/WindowsNativeDispatcher$DiskFreeSpace
instanceKlass sun/nio/fs/WindowsNativeDispatcher$VolumeInformation
instanceKlass sun/nio/fs/WindowsNativeDispatcher$FirstStream
instanceKlass sun/nio/fs/WindowsNativeDispatcher$FirstFile
instanceKlass java/util/Enumeration
instanceKlass java/util/concurrent/ConcurrentHashMap$Traverser
instanceKlass java/util/concurrent/ConcurrentHashMap$CollectionView
instanceKlass jdk/internal/loader/NativeLibraries$NativeLibraryImpl
instanceKlass jdk/internal/loader/NativeLibrary
instanceKlass java/util/ArrayDeque$DeqIterator
instanceKlass jdk/internal/loader/NativeLibraries$1
instanceKlass jdk/internal/loader/NativeLibraries$LibraryPaths
instanceKlass sun/nio/fs/WindowsNativeDispatcher
instanceKlass sun/nio/fs/NativeBuffer$Deallocator
instanceKlass sun/nio/fs/NativeBuffer
instanceKlass java/lang/ThreadLocal$ThreadLocalMap
instanceKlass sun/nio/fs/NativeBuffers
instanceKlass sun/nio/fs/WindowsFileAttributes
instanceKlass java/nio/file/attribute/DosFileAttributes
instanceKlass sun/nio/fs/AbstractBasicFileAttributeView
instanceKlass sun/nio/fs/DynamicFileAttributeView
instanceKlass sun/nio/fs/WindowsFileAttributeViews
instanceKlass sun/nio/fs/Util
instanceKlass java/nio/file/attribute/BasicFileAttributeView
instanceKlass java/nio/file/attribute/FileAttributeView
instanceKlass java/nio/file/attribute/AttributeView
instanceKlass java/nio/file/Files
instanceKlass java/nio/file/CopyOption
instanceKlass java/nio/file/attribute/BasicFileAttributes
instanceKlass sun/nio/fs/WindowsPath
instanceKlass java/nio/file/Path
instanceKlass java/nio/file/Watchable
instanceKlass java/util/zip/ZipFile$Source$Key
instanceKlass sun/nio/fs/WindowsPathParser$Result
instanceKlass sun/nio/fs/WindowsPathParser
instanceKlass java/util/Collections$UnmodifiableCollection
instanceKlass java/util/Arrays$ArrayItr
instanceKlass java/nio/file/FileSystem
instanceKlass java/nio/file/OpenOption
instanceKlass java/nio/file/spi/FileSystemProvider
instanceKlass sun/nio/fs/DefaultFileSystemProvider
instanceKlass java/util/zip/ZipFile$Source
instanceKlass java/util/zip/ZipCoder
instanceKlass java/util/zip/ZipFile$CleanableResource
instanceKlass java/lang/Runtime$Version
instanceKlass java/util/jar/JavaUtilJarAccessImpl
instanceKlass jdk/internal/access/JavaUtilJarAccess
instanceKlass jdk/internal/loader/FileURLMapper
instanceKlass jdk/internal/loader/URLClassPath$JarLoader$1
instanceKlass java/util/zip/ZipFile$1
instanceKlass jdk/internal/access/JavaUtilZipFileAccess
instanceKlass java/util/zip/ZipFile
instanceKlass java/util/zip/ZipConstants
instanceKlass sun/security/util/Debug
instanceKlass java/security/SecureClassLoader$DebugHolder
instanceKlass java/security/PermissionCollection
instanceKlass java/security/SecureClassLoader$1
instanceKlass java/security/SecureClassLoader$CodeSourceKey
instanceKlass java/io/FileInputStream$1
instanceKlass sun/nio/ByteBuffered
instanceKlass jdk/internal/ref/CleanerImpl
instanceKlass java/lang/ref/Cleaner$1
instanceKlass java/lang/ref/Cleaner
instanceKlass jdk/internal/ref/CleanerFactory$1
instanceKlass java/util/concurrent/ThreadFactory
instanceKlass jdk/internal/ref/CleanerFactory
instanceKlass java/lang/ref/Cleaner$Cleanable
instanceKlass java/lang/Package$VersionInfo
instanceKlass java/lang/NamedPackage
instanceKlass jdk/internal/loader/Resource
instanceKlass jdk/internal/loader/URLClassPath$Loader
instanceKlass jdk/internal/loader/URLClassPath$3
instanceKlass java/security/PrivilegedExceptionAction
instanceKlass sun/net/util/URLUtil
instanceKlass sun/launcher/LauncherHelper
instanceKlass jdk/internal/vm/PostVMInitHook$1
instanceKlass jdk/internal/util/EnvUtils
instanceKlass jdk/internal/vm/PostVMInitHook$2
instanceKlass sun/util/locale/LocaleObjectCache
instanceKlass sun/util/locale/BaseLocale$Key
instanceKlass sun/util/locale/LocaleUtils
instanceKlass sun/util/locale/BaseLocale
instanceKlass java/util/Locale
instanceKlass jdk/internal/vm/PostVMInitHook
instanceKlass java/lang/reflect/Array
instanceKlass java/lang/invoke/StringConcatFactory$3
instanceKlass java/lang/invoke/StringConcatFactory$2
instanceKlass java/lang/invoke/StringConcatFactory$1
instanceKlass java/lang/invoke/StringConcatFactory
instanceKlass java/lang/ModuleLayer$Controller
instanceKlass java/util/concurrent/CopyOnWriteArrayList
instanceKlass jdk/internal/module/ServicesCatalog$ServiceProvider
instanceKlass jdk/internal/loader/AbstractClassLoaderValue$Memoizer
instanceKlass java/util/ImmutableCollections$ListItr
instanceKlass java/util/ListIterator
instanceKlass java/lang/ModuleLayer
instanceKlass jdk/internal/module/ModuleLoaderMap$Modules
instanceKlass jdk/internal/module/ModuleLoaderMap$Mapper
instanceKlass java/util/function/Function
instanceKlass jdk/internal/module/ModuleLoaderMap
instanceKlass java/util/ImmutableCollections$Set12$1
instanceKlass java/util/AbstractMap$1$1
instanceKlass java/lang/module/ResolvedModule
instanceKlass java/lang/module/Configuration
instanceKlass java/util/ImmutableCollections$SetN$SetNIterator
instanceKlass jdk/internal/loader/BuiltinClassLoader$LoadedModule
instanceKlass jdk/internal/loader/AbstractClassLoaderValue
instanceKlass jdk/internal/module/ServicesCatalog
instanceKlass jdk/internal/util/Preconditions
instanceKlass sun/net/util/IPAddressUtil
instanceKlass java/net/URLStreamHandler
instanceKlass java/util/HexFormat
instanceKlass sun/net/www/ParseUtil
instanceKlass java/net/URL$3
instanceKlass jdk/internal/access/JavaNetURLAccess
instanceKlass java/net/URL$DefaultFactory
instanceKlass java/net/URLStreamHandlerFactory
instanceKlass jdk/internal/loader/URLClassPath
instanceKlass java/security/Principal
instanceKlass java/security/ProtectionDomain$Key
instanceKlass java/security/ProtectionDomain$JavaSecurityAccessImpl
instanceKlass jdk/internal/access/JavaSecurityAccess
instanceKlass java/lang/ClassLoader$ParallelLoaders
instanceKlass java/security/cert/Certificate
instanceKlass jdk/internal/loader/ArchivedClassLoaders
instanceKlass java/util/Deque
instanceKlass java/util/Queue
instanceKlass jdk/internal/loader/ClassLoaderHelper
instanceKlass jdk/internal/loader/NativeLibraries
instanceKlass jdk/internal/loader/BootLoader
instanceKlass java/util/Optional
instanceKlass jdk/internal/module/SystemModuleFinders$SystemModuleFinder
instanceKlass java/lang/module/ModuleFinder
instanceKlass jdk/internal/module/SystemModuleFinders$3
instanceKlass jdk/internal/module/ModuleHashes$HashSupplier
instanceKlass jdk/internal/module/SystemModuleFinders$2
instanceKlass java/util/function/Supplier
instanceKlass java/lang/module/ModuleReference
instanceKlass jdk/internal/module/ModuleResolution
instanceKlass java/util/Collections$UnmodifiableMap
instanceKlass jdk/internal/module/ModuleHashes$Builder
instanceKlass jdk/internal/module/ModuleHashes
instanceKlass jdk/internal/module/ModuleTarget
instanceKlass java/lang/Enum
instanceKlass java/lang/module/ModuleDescriptor$Version
instanceKlass java/lang/module/ModuleDescriptor$Provides
instanceKlass java/lang/module/ModuleDescriptor$Opens
instanceKlass java/lang/module/ModuleDescriptor$Exports
instanceKlass java/lang/module/ModuleDescriptor$Requires
instanceKlass jdk/internal/module/Builder
instanceKlass jdk/internal/module/SystemModules$default
instanceKlass jdk/internal/module/SystemModules
instanceKlass jdk/internal/module/SystemModulesMap
instanceKlass java/net/URI$1
instanceKlass jdk/internal/access/JavaNetUriAccess
instanceKlass java/net/URI
instanceKlass jdk/internal/module/SystemModuleFinders
instanceKlass jdk/internal/module/ArchivedModuleGraph
instanceKlass jdk/internal/module/ArchivedBootLayer
instanceKlass jdk/internal/module/ModuleBootstrap$Counters
instanceKlass jdk/internal/module/ModulePatcher
instanceKlass java/io/FileSystem
instanceKlass java/io/DefaultFileSystem
instanceKlass java/io/File
instanceKlass java/lang/module/ModuleDescriptor$1
instanceKlass jdk/internal/access/JavaLangModuleAccess
instanceKlass sun/invoke/util/VerifyAccess
instanceKlass java/lang/module/ModuleDescriptor
instanceKlass jdk/internal/module/ModuleBootstrap
instanceKlass java/lang/invoke/MethodHandleStatics
instanceKlass java/util/Collections
instanceKlass sun/io/Win32ErrorMode
instanceKlass jdk/internal/misc/OSEnvironment
instanceKlass jdk/internal/misc/Signal$NativeHandler
instanceKlass java/util/Hashtable$Entry
instanceKlass jdk/internal/misc/Signal
instanceKlass java/lang/Terminator$1
instanceKlass jdk/internal/misc/Signal$Handler
instanceKlass java/lang/Terminator
instanceKlass java/nio/ByteOrder
instanceKlass java/nio/Buffer$1
instanceKlass jdk/internal/access/JavaNioAccess
instanceKlass jdk/internal/misc/ScopedMemoryAccess
instanceKlass sun/nio/cs/ArrayEncoder
instanceKlass java/nio/charset/CharsetEncoder
instanceKlass sun/security/action/GetPropertyAction
instanceKlass java/io/Writer
instanceKlass java/io/OutputStream
instanceKlass java/io/Flushable
instanceKlass java/io/FileDescriptor$1
instanceKlass jdk/internal/access/JavaIOFileDescriptorAccess
instanceKlass java/io/FileDescriptor
instanceKlass jdk/internal/util/StaticProperty
instanceKlass java/util/HashMap$HashIterator
instanceKlass java/lang/Integer$IntegerCache
instanceKlass java/lang/CharacterData
instanceKlass java/lang/VersionProps
instanceKlass java/lang/StringConcatHelper
instanceKlass java/lang/StringCoding
instanceKlass java/nio/charset/CodingErrorAction
instanceKlass sun/nio/cs/SingleByte
instanceKlass java/lang/StringUTF16
instanceKlass sun/nio/cs/MS1251$Holder
instanceKlass sun/nio/cs/ArrayDecoder
instanceKlass java/nio/charset/CharsetDecoder
instanceKlass java/lang/reflect/Modifier
instanceKlass java/lang/Class$1
instanceKlass java/lang/Class$Atomic
instanceKlass java/lang/Class$ReflectionData
instanceKlass jdk/internal/util/ArraysSupport
instanceKlass java/nio/charset/StandardCharsets
instanceKlass sun/nio/cs/HistoricallyNamedCharset
instanceKlass java/util/Arrays
instanceKlass java/lang/ThreadLocal
instanceKlass java/nio/charset/spi/CharsetProvider
instanceKlass java/nio/charset/Charset
instanceKlass jdk/internal/misc/VM
instanceKlass jdk/internal/util/SystemProps$Raw
instanceKlass jdk/internal/util/SystemProps
instanceKlass java/lang/System$2
instanceKlass jdk/internal/access/JavaLangAccess
instanceKlass java/lang/ref/Reference$1
instanceKlass jdk/internal/access/JavaLangRefAccess
instanceKlass java/lang/ref/ReferenceQueue$Lock
instanceKlass java/lang/ref/ReferenceQueue
instanceKlass jdk/internal/reflect/ReflectionFactory
instanceKlass jdk/internal/reflect/ReflectionFactory$GetReflectionFactoryAction
instanceKlass java/security/PrivilegedAction
instanceKlass java/util/concurrent/locks/LockSupport
instanceKlass java/util/concurrent/ConcurrentHashMap$Node
instanceKlass java/util/concurrent/ConcurrentHashMap$CounterCell
instanceKlass java/util/concurrent/locks/ReentrantLock
instanceKlass java/util/concurrent/locks/Lock
instanceKlass java/lang/Runtime
instanceKlass java/util/HashMap$Node
instanceKlass java/util/KeyValueHolder
instanceKlass java/util/Map$Entry
instanceKlass java/util/ImmutableCollections$MapN$MapNIterator
instanceKlass java/lang/Math
instanceKlass jdk/internal/reflect/Reflection
instanceKlass java/lang/invoke/MethodHandles$Lookup
instanceKlass java/lang/StringLatin1
instanceKlass java/security/Permission
instanceKlass java/security/Guard
instanceKlass java/lang/invoke/MemberName$Factory
instanceKlass java/lang/invoke/MethodHandles
instanceKlass jdk/internal/access/SharedSecrets
instanceKlass java/lang/reflect/ReflectAccess
instanceKlass jdk/internal/access/JavaLangReflectAccess
instanceKlass java/util/ImmutableCollections
instanceKlass java/util/Objects
instanceKlass java/util/Set
instanceKlass jdk/internal/misc/CDS
instanceKlass java/lang/Module$ArchivedData
instanceKlass java/lang/String$CaseInsensitiveComparator
instanceKlass java/util/Comparator
instanceKlass java/io/ObjectStreamField
instanceKlass jdk/internal/vm/vector/VectorSupport$VectorPayload
instanceKlass jdk/internal/vm/vector/VectorSupport
instanceKlass java/lang/reflect/RecordComponent
instanceKlass java/util/Iterator
instanceKlass java/lang/Number
instanceKlass java/lang/Character
instanceKlass java/lang/Boolean
instanceKlass java/util/concurrent/locks/AbstractOwnableSynchronizer
instanceKlass java/lang/LiveStackFrame
instanceKlass java/lang/StackFrameInfo
instanceKlass java/lang/StackWalker$StackFrame
instanceKlass java/lang/StackStreamFactory$AbstractStackWalker
instanceKlass java/lang/StackWalker
instanceKlass java/nio/Buffer
instanceKlass java/lang/StackTraceElement
instanceKlass java/util/RandomAccess
instanceKlass java/util/List
instanceKlass java/util/AbstractCollection
instanceKlass java/util/Collection
instanceKlass java/lang/Iterable
instanceKlass java/util/concurrent/ConcurrentMap
instanceKlass java/util/AbstractMap
instanceKlass java/security/CodeSource
instanceKlass jdk/internal/loader/ClassLoaders
instanceKlass java/util/jar/Manifest
instanceKlass java/net/URL
instanceKlass java/io/InputStream
instanceKlass java/io/Closeable
instanceKlass java/lang/AutoCloseable
instanceKlass jdk/internal/module/Modules
instanceKlass jdk/internal/misc/Unsafe
instanceKlass jdk/internal/misc/UnsafeConstants
instanceKlass java/lang/AbstractStringBuilder
instanceKlass java/lang/Appendable
instanceKlass java/lang/AssertionStatusDirectives
instanceKlass java/lang/invoke/MethodHandleNatives$CallSiteContext
instanceKlass jdk/internal/invoke/NativeEntryPoint
instanceKlass java/lang/invoke/CallSite
instanceKlass java/lang/invoke/MethodType
instanceKlass java/lang/invoke/TypeDescriptor$OfMethod
instanceKlass java/lang/invoke/LambdaForm
instanceKlass java/lang/invoke/MethodHandleNatives
instanceKlass java/lang/invoke/ResolvedMethodName
instanceKlass java/lang/invoke/MemberName
instanceKlass java/lang/invoke/VarHandle
instanceKlass java/lang/invoke/MethodHandle
instanceKlass jdk/internal/reflect/CallerSensitive
instanceKlass java/lang/annotation/Annotation
instanceKlass jdk/internal/reflect/FieldAccessor
instanceKlass jdk/internal/reflect/ConstantPool
instanceKlass jdk/internal/reflect/ConstructorAccessor
instanceKlass jdk/internal/reflect/MethodAccessor
instanceKlass jdk/internal/reflect/MagicAccessorImpl
instanceKlass java/lang/reflect/Parameter
instanceKlass java/lang/reflect/Member
instanceKlass java/lang/reflect/AccessibleObject
instanceKlass java/lang/Module
instanceKlass java/util/Map
instanceKlass java/util/Dictionary
instanceKlass java/lang/ThreadGroup
instanceKlass java/lang/Thread$UncaughtExceptionHandler
instanceKlass java/lang/Thread
instanceKlass java/lang/Runnable
instanceKlass java/lang/ref/Reference
instanceKlass java/lang/Record
instanceKlass java/security/AccessController
instanceKlass java/security/AccessControlContext
instanceKlass java/security/ProtectionDomain
instanceKlass java/lang/SecurityManager
instanceKlass java/lang/Throwable
instanceKlass java/lang/System
instanceKlass java/lang/ClassLoader
instanceKlass java/lang/Cloneable
instanceKlass java/lang/Class
instanceKlass java/lang/invoke/TypeDescriptor$OfField
instanceKlass java/lang/invoke/TypeDescriptor
instanceKlass java/lang/reflect/Type
instanceKlass java/lang/reflect/GenericDeclaration
instanceKlass java/lang/reflect/AnnotatedElement
instanceKlass java/lang/String
instanceKlass java/lang/constant/ConstantDesc
instanceKlass java/lang/constant/Constable
instanceKlass java/lang/CharSequence
instanceKlass java/lang/Comparable
instanceKlass java/io/Serializable
ciInstanceKlass java/lang/Object 1 1 92 7 1 10 12 1 1 10 7 12 1 1 1 10 7 12 1 1 1 10 12 1 1 8 1 10 12 1 1 10 7 12 1 1 1 10 12 1 10 12 1 1 100 1 8 1 10 12 1 3 8 1 100 1 5 0 1 1 1 1 1 1 1 1 1 1 1 1 1 1 1 1 7 1 1 1 7 1 1 1 1 1 1 1 7 1 1 1 1 1 1 1
ciInstanceKlass java/lang/Class 1 1 1611 10 7 12 1 1 1 9 7 12 1 1 1 9 12 1 1 7 1 10 10 12 1 1 8 1 10 12 1 8 1 8 1 10 12 1 1 10 12 1 1 10 12 1 10 10 12 1 10 12 1 1 10 12 1 1 10 7 12 1 1 10 12 1 10 12 1 10 12 1 8 1 10 12 1 8 1 10 12 1 8 1 8 1 10 12 1 1 10 7 12 1 1 1 18 12 1 1 11 7 12 1 1 1 8 1 8 1 8 1 10 7 12 1 1 1 11 12 1 1 7 1 8 1 10 12 1 11 100 12 1 1 1 10 12 1 1 11 8 1 18 8 1 10 12 1 10 7 12 1 1 10 7 12 1 1 1 10 12 1 1 10 7 12 1 1 1 9 100 12 1 1 1 10 100 12 1 1 1 10 7 12 1 1 1 10 12 1 1 18 12 1 1 10 7 12 1 1 1 10 7 12 1 1 10 12 1 1 10 7 1 100 1 10 12 1 1 9 12 1 1 7 1 8 1 10 12 1 10 12 1 1 10 12 1 1 10 7 12 1 1 1 7 1 10 12 1 7 1 7 1 10 10 12 1 1 10 12 1 1 100 1 10 100 12 1 1 1 10 12 1 1 10 12 1 1 9 12 1 1 10 12 1 10 12 1 10 12 1 1 9 12 1 1 9 12 1 1 10 12 1 1 10 7 1 10 12 1 10 12 1 10 12 1 1 10 9 12 1 10 12 1 8 1 10 12 1 1 10 12 1 1 10 12 1 10 12 1 1 10 12 1 1 10 12 1 1 9 7 12 1 1 1 10 7 12 1 1 10 12 10 12 1 10 12 1 1 10 7 12 1 1 10 12 1 10 12 1 1 10 100 12 1 1 1 10 12 1 10 12 1 1 10 12 1 10 12 1 10 12 1 1 10 7 1 10 10 10 12 1 1 10 12 1 1 10 12 10 12 1 1 100 1 8 1 10 10 12 1 1 10 12 1 100 1 11 12 1 10 100 12 1 1 10 12 1 10 12 1 10 100 12 1 1 10 10 12 1 1 8 1 10 12 1 10 12 1 1 8 1 9 12 1 10 12 1 10 12 1 10 12 1 10 12 100 1 9 12 1 10 12 1 9 12 1 10 12 1 10 12 1 10 12 1 10 10 12 1 10 12 1 10 12 1 10 12 1 10 12 1 10 12 1 100 1 10 12 1 10 12 1 1 10 12 1 1 10 12 1 1 10 12 1 1 10 12 1 1 10 12 1 1 7 1 10 10 12 1 1 10 12 1 1 10 12 1 1 10 10 12 1 10 12 1 1 10 12 1 1 10 12 1 1 10 12 1 1 7 1 10 10 12 11 100 12 1 1 10 12 1 1 10 12 1 10 7 12 1 1 1 10 12 1 1 10 10 12 1 1 100 1 10 10 12 1 1 10 100 12 1 1 1 100 1 7 1 10 12 1 1 10 12 1 10 10 12 1 1 10 12 1 10 12 1 10 12 1 10 100 12 1 1 1 11 7 12 1 1 10 12 1 10 12 1 9 12 1 10 12 1 1 10 12 1 9 12 1 1 7 1 10 9 12 1 1 10 12 7 1 10 12 1 9 12 1 10 100 12 1 1 1 10 12 1 10 12 1 10 100 12 1 1 1 10 12 1 10 12 10 12 1 1 100 1 10 8 1 10 12 1 11 11 12 1 1 11 7 12 1 1 11 12 1 8 1 10 12 1 10 12 1 1 9 12 1 9 12 1 1 10 7 12 1 1 9 12 1 10 12 1 1 10 10 12 1 10 7 12 1 1 1 10 7 12 1 1 10 7 12 1 1 9 12 1 1 10 12 1 9 12 1 10 12 1 10 12 1 1 9 12 1 1 9 12 1 10 12 1 10 12 1 1 9 12 1 7 1 10 10 12 1 1 7 1 10 12 1 1 7 11 7 1 9 12 1 1 9 12 1 100 1 10 12 1 9 12 1 1 9 12 1 10 12 1 10 12 1 1 9 12 1 7 1 10 10 12 1 1 10 10 12 1 1 10 12 10 10 12 1 9 12 1 10 12 1 1 10 7 12 1 1 1 10 12 1 1 10 12 1 8 10 7 8 1 18 8 1 8 1 10 12 1 9 12 1 9 12 1 1 10 12 1 7 1 100 1 10 12 1 9 12 1 1 7 1 10 10 12 1 10 7 1 9 12 1 8 1 10 12 1 7 1 10 12 1 10 12 1 1 9 12 1 100 1 8 1 10 7 1 4 10 10 12 11 7 12 1 1 1 10 12 1 100 1 10 12 1 1 10 8 1 8 1 10 12 1 1 9 7 12 1 1 11 12 100 1 11 7 12 1 1 9 12 1 10 100 12 1 1 1 10 7 12 1 1 10 12 1 1 9 12 1 9 10 12 1 1 10 12 1 1 10 12 1 1 10 12 1 1 10 12 1 1 11 12 1 7 1 11 12 1 10 7 12 1 1 1 10 12 1 100 1 11 12 1 10 100 12 1 1 1 10 12 1 10 11 12 1 11 12 1 1 10 12 1 10 12 1 1 9 12 1 1 9 100 12 1 1 10 12 1 10 100 12 1 1 1 10 12 1 1 10 12 1 10 12 1 10 12 1 10 7 12 1 1 1 10 12 1 8 1 10 12 1 10 12 1 10 12 1 10 100 12 1 1 1 11 100 12 1 1 1 10 12 1 1 10 12 1 18 12 1 1 11 12 1 1 18 11 12 1 18 12 1 11 12 1 10 12 1 1 10 12 1 10 12 1 10 12 10 12 1 8 1 10 12 1 7 1 9 12 1 1 100 1 100 1 100 1 100 1 100 1 1 1 3 1 3 1 3 1 1 1 1 1 1 1 5 0 1 1 1 1 1 1 1 1 1 1 1 1 1 1 1 1 1 1 1 1 1 1 1 100 1 1 1 1 1 1 1 100 1 1 1 1 1 1 7 1 1 1 1 1 1 1 1 1 1 1 1 1 1 1 1 1 1 1 1 1 1 1 1 1 1 1 1 1 1 1 1 1 1 1 1 1 1 100 1 1 1 1 1 1 1 1 1 1 1 1 1 1 1 1 1 1 1 1 1 1 1 1 1 1 1 1 100 1 1 1 1 1 1 1 1 1 1 1 1 1 1 1 1 1 1 1 1 1 1 1 1 1 1 1 1 1 1 1 1 1 1 1 1 1 1 1 1 1 1 1 1 1 1 1 1 1 1 1 1 1 100 1 100 1 1 1 1 1 1 1 1 1 1 1 1 1 1 1 1 1 1 1 1 1 1 1 1 1 1 1 1 1 1 1 1 1 1 1 1 1 1 1 1 1 1 1 1 1 1 1 1 1 1 1 1 1 1 1 1 1 1 1 1 1 1 1 100 1 1 1 1 1 1 1 1 1 1 1 1 1 1 1 1 1 1 1 1 1 1 1 1 1 1 1 1 1 1 1 1 1 1 1 1 1 1 1 1 1 1 1 1 1 1 1 1 1 1 1 1 1 1 1 1 1 1 1 1 1 1 1 1 1 1 1 1 15 10 7 12 1 1 1 16 15 10 12 16 15 11 12 16 1 16 15 16 15 10 12 16 16 15 10 12 16 15 16 1 15 10 12 16 1 1 1 1 1 1 1 1 100 1 1 100 1 100 1 1 100 1 100 1 1
staticfield java/lang/Class EMPTY_CLASS_ARRAY [Ljava/lang/Class; 0 [Ljava/lang/Class;
staticfield java/lang/Class serialPersistentFields [Ljava/io/ObjectStreamField; 0 [Ljava/io/ObjectStreamField;
ciInstanceKlass java/io/Serializable 1 0 7 100 1 100 1 1 1
instanceKlass jdk/internal/vm/vector/VectorSupport$VectorShuffle
instanceKlass jdk/internal/vm/vector/VectorSupport$VectorMask
instanceKlass jdk/internal/vm/vector/VectorSupport$Vector
ciInstanceKlass jdk/internal/vm/vector/VectorSupport$VectorPayload 0 0 32 10 100 12 1 1 1 9 100 12 1 1 1 10 100 12 1 1 1 1 1 1 1 1 1 1 1 1 1 1 1 1
ciInstanceKlass jdk/internal/vm/vector/VectorSupport$VectorShuffle 0 0 28 10 100 12 1 1 1 100 1 1 1 1 1 1 1 1 1 1 1 1 1 1 1 100 1 1 1 1
ciInstanceKlass jdk/internal/vm/vector/VectorSupport$VectorMask 0 0 28 10 100 12 1 1 1 100 1 1 1 1 1 1 1 1 1 1 1 1 1 1 1 100 1 1 1 1
ciInstanceKlass jdk/internal/vm/vector/VectorSupport$Vector 0 0 28 10 100 12 1 1 1 100 1 1 1 1 1 1 1 1 1 1 1 1 1 1 1 100 1 1 1 1
ciInstanceKlass jdk/internal/vm/vector/VectorSupport 0 0 487 100 1 10 100 12 1 1 1 9 12 1 1 10 12 1 1 100 1 10 12 1 11 100 12 1 1 1 11 100 12 1 1 1 11 100 12 1 1 11 100 12 1 1 1 11 100 1 100 1 10 12 1 1 11 100 12 1 1 11 100 12 1 1 100 1 11 100 12 1 1 11 100 12 1 1 11 100 12 1 1 1 11 100 12 1 1 1 11 100 12 1 1 1 11 100 12 1 1 1 100 1 10 12 1 1 11 100 12 1 1 100 1 11 100 12 1 1 11 100 12 1 1 11 100 12 1 1 11 100 1 100 1 9 12 1 1 10 100 12 1 1 11 100 12 1 1 10 12 1 1 10 100 12 1 1 1 10 12 1 10 12 1 1 10 12 1 1 1 1 1 3 1 3 1 3 1 3 1 3 1 3 1 3 1 3 1 3 1 3 1 3 1 3 1 3 1 3 1 3 1 3 1 3 1 3 1 3 1 3 1 3 1 3 1 3 1 3 1 3 1 3 1 3 1 3 1 3 1 3 1 3 1 3 1 3 1 3 1 3 1 3 1 3 1 3 1 3 1 1 1 1 1 3 1 1 1 1 1 1 3 1 1 1 1 1 1 1 1 1 1 1 1 1 1 1 1 1 1 1 1 1 1 1 1 1 1 1 1 1 1 1 1 1 1 1 1 1 1 1 1 1 1 1 1 1 1 1 1 1 1 1 1 1 1 1 1 1 1 1 1 1 1 1 1 1 1 1 1 1 1 1 1 1 1 1 1 1 1 1 1 1 1 1 1 1 1 1 1 1 1 1 1 1 1 1 1 1 1 1 1 1 1 1 1 1 1 1 1 1 1 1 1 1 1 1 1 1 1 1 1 1 1 1 1 1 1 1 1 1 1 1 1 1 1 1 1 1 1 1 1 1 1 1 1 1 1 1 1 1 1 1 1 1 1 1 1 1 1 1 1 1 1 1 1 1 1 1 1 1 1 1 1 1 1 1 1 1 1 1 1 1 1 1 1 1 1 1 1 1 1 1 1 1 1 1 1 1 1 1 100 1 100 1 1 1 1 1 1 1 1 1 1 1 1 1 1 1 1 1 1 1 1 1 1 1 1
ciInstanceKlass java/lang/reflect/RecordComponent 0 0 196 10 100 12 1 1 1 9 100 12 1 1 1 9 12 1 1 9 12 1 10 12 1 1 10 12 1 1 10 100 12 1 1 1 10 12 1 1 9 12 1 1 10 12 1 1 10 12 1 1 10 12 1 10 100 12 1 1 10 100 12 1 1 9 12 1 1 10 100 12 1 1 1 11 100 12 1 1 1 10 9 100 12 1 1 1 10 100 12 1 1 1 9 12 1 1 10 100 12 1 1 1 10 12 1 1 11 100 12 1 1 10 100 12 1 1 100 1 9 12 1 9 12 1 1 9 12 1 10 100 12 1 1 1 10 12 1 1 10 12 1 1 100 1 10 10 12 1 10 12 1 1 8 1 10 12 1 10 12 1 9 12 1 100 1 1 1 1 1 1 1 1 1 1 1 1 1 1 1 1 1 1 1 1 1 1 100 1 1 1 1 1 1 100 1 1
ciInstanceKlass java/util/Iterator 1 1 53 100 1 8 1 10 12 1 1 10 7 12 1 1 1 11 7 12 1 1 1 11 12 1 1 11 7 12 1 1 1 100 1 1 1 1 1 1 1 1 1 1 1 1 1 1 1 1 1 1 1 1 1
ciInstanceKlass java/lang/System 1 1 803 10 100 12 1 1 1 9 7 12 1 1 1 10 12 1 10 12 1 1 10 12 1 1 10 12 1 9 12 1 1 10 7 12 1 1 1 11 100 12 1 1 1 10 100 12 1 1 1 10 12 1 1 10 12 1 1 100 1 8 1 10 12 1 10 100 12 1 1 1 10 7 12 1 1 1 18 12 1 1 10 100 12 1 1 1 100 1 10 12 1 1 10 100 12 1 1 1 10 12 1 10 7 12 1 1 1 9 100 12 1 1 1 10 100 12 1 1 1 11 7 12 1 1 1 10 12 1 1 10 7 12 1 1 1 100 1 10 10 12 1 1 8 1 10 12 1 8 1 10 12 1 9 12 1 1 8 1 10 7 12 1 1 1 10 12 1 1 100 1 8 1 10 9 12 1 1 8 1 10 12 1 1 10 100 12 1 1 1 8 1 10 12 1 100 1 10 12 1 8 1 10 12 1 10 12 1 1 100 1 10 12 10 12 1 9 12 1 1 9 12 1 1 10 7 12 1 1 1 10 7 12 1 1 1 10 12 1 1 10 12 1 10 12 1 10 7 12 1 1 1 10 12 1 100 1 100 1 8 1 10 12 1 10 12 1 1 7 1 10 12 1 100 1 8 1 10 10 12 1 100 1 8 1 10 8 1 10 7 12 1 1 8 1 10 12 100 1 8 1 10 10 12 1 1 10 7 12 1 1 1 100 1 18 12 1 100 1 9 100 12 1 1 1 10 12 1 100 1 10 12 1 1 10 12 1 1 10 7 12 1 1 1 10 12 1 1 10 12 1 10 12 1 10 12 1 1 10 12 1 7 1 10 12 1 10 12 1 100 1 10 12 1 10 7 12 1 1 1 100 1 8 1 10 9 12 1 9 12 1 10 12 1 10 100 12 1 1 10 12 1 10 12 1 1 8 1 10 12 1 1 8 1 11 12 1 10 12 11 12 1 1 11 7 12 1 1 1 11 7 12 1 1 11 12 1 1 7 1 11 12 1 10 12 1 8 1 10 12 1 1 8 1 8 1 8 1 8 1 11 12 1 10 12 1 10 12 1 10 12 1 10 7 12 1 1 8 1 7 1 9 7 12 1 1 1 10 12 1 7 1 9 12 10 9 12 7 1 10 12 8 1 10 12 1 1 8 1 10 7 12 1 1 10 12 1 10 7 12 1 1 1 10 12 1 1 10 7 12 1 1 1 10 12 10 7 12 1 1 1 9 12 1 1 100 1 8 1 10 12 1 1 10 7 12 1 1 1 7 1 10 12 1 1 8 1 10 8 1 8 1 8 1 8 1 10 10 7 12 1 1 10 12 1 1 10 12 1 1 10 12 1 1 10 12 1 10 100 12 1 1 1 10 100 1 8 1 10 10 10 12 1 1 10 12 1 1 8 1 10 12 1 8 1 10 12 1 10 12 1 1 7 1 10 10 12 1 10 12 1 9 12 1 1 1 3 1 3 1 1 1 1 1 1 1 1 1 1 1 1 100 1 1 100 1 1 1 1 1 1 1 1 1 1 1 100 1 100 1 1 1 1 1 1 1 1 1 1 1 1 1 1 1 1 1 1 1 1 1 1 1 1 1 1 1 1 1 1 1 1 1 1 1 1 1 1 1 1 1 1 1 1 1 1 1 1 1 1 1 1 1 1 1 1 1 1 100 1 1 1 1 1 1 1 1 1 1 1 1 1 1 1 1 1 1 1 1 1 1 1 1 1 1 1 1 1 1 1 1 1 100 1 1 15 10 100 12 1 1 1 16 15 10 12 1 1 16 15 10 12 16 1 1 1 1 1 1 1 100 1 100 1 1
staticfield java/lang/System in Ljava/io/InputStream; java/io/BufferedInputStream
staticfield java/lang/System out Ljava/io/PrintStream; java/io/PrintStream
staticfield java/lang/System err Ljava/io/PrintStream; java/io/PrintStream
instanceKlass rhino/DefiningClassLoader
instanceKlass mindustry/mod/ModClassLoader
instanceKlass jdk/internal/reflect/DelegatingClassLoader
instanceKlass java/security/SecureClassLoader
ciInstanceKlass java/lang/ClassLoader 1 1 1098 9 7 12 1 1 1 10 7 12 1 1 1 9 12 1 1 10 7 12 1 1 1 7 1 10 12 1 1 10 12 1 1 9 12 1 1 10 12 1 1 100 1 10 12 1 10 12 1 1 10 7 12 1 1 1 100 1 8 1 10 12 1 10 7 12 1 1 1 10 100 12 1 10 7 1 10 7 1 7 1 7 1 10 12 1 10 12 1 9 12 1 1 10 10 7 12 1 1 1 9 12 1 1 9 12 1 9 12 1 1 9 12 1 9 12 1 1 9 12 1 1 7 1 10 12 1 9 12 1 1 10 12 1 1 10 7 12 1 1 1 9 12 1 9 12 1 1 9 12 1 10 12 1 1 9 12 10 12 1 1 7 1 10 8 1 10 12 1 1 10 12 1 10 7 1 7 1 10 12 1 1 10 7 12 1 1 1 8 1 10 12 1 10 12 1 10 12 1 1 10 12 1 1 10 12 1 1 10 12 1 1 10 12 1 1 10 12 1 7 1 10 12 1 10 7 12 1 1 1 10 12 1 1 10 12 1 10 12 1 10 12 1 10 12 1 10 12 1 1 10 10 12 1 10 12 1 10 100 12 1 1 10 12 1 1 10 12 1 1 10 12 1 100 1 10 12 1 100 1 10 12 1 10 100 12 1 1 1 10 10 12 1 1 10 12 1 1 100 1 8 1 10 8 1 10 12 1 10 12 1 100 1 8 1 10 12 1 1 10 12 1 1 10 10 12 1 1 10 12 1 1 10 12 1 1 10 7 1 10 12 1 1 10 12 1 1 10 12 1 1 10 12 1 1 10 12 1 1 10 12 1 1 10 12 1 10 7 12 1 1 1 10 12 1 10 12 1 10 12 1 1 10 12 1 10 12 1 10 12 1 10 12 1 1 10 12 1 10 12 1 1 8 1 9 12 1 10 12 1 1 8 1 8 1 10 7 12 1 1 100 1 10 10 12 10 12 1 10 12 1 10 12 1 10 12 1 1 10 7 12 1 1 10 12 1 10 7 1 7 1 10 12 1 1 10 12 1 10 7 1 10 12 1 100 1 18 12 1 10 100 12 1 1 1 10 100 12 1 1 1 10 7 12 1 1 10 12 1 1 10 12 1 10 12 1 1 100 1 10 12 1 10 12 1 1 10 7 12 1 1 10 12 1 8 1 100 1 10 10 12 1 9 12 1 10 7 12 1 1 10 12 1 100 1 8 1 10 12 1 10 8 1 8 1 10 12 1 1 10 12 1 1 10 12 1 1 10 100 12 1 1 1 100 1 100 1 10 12 1 1 100 1 100 1 10 100 12 1 1 10 12 1 10 12 1 1 10 12 1 10 12 1 1 10 12 1 1 9 100 12 1 1 1 10 12 1 1 10 12 1 10 12 1 10 12 1 1 10 12 1 8 1 10 12 1 7 1 18 12 1 1 10 12 1 1 10 12 1 10 12 1 10 12 1 8 1 10 12 1 10 12 1 18 12 1 11 100 12 1 1 1 100 1 10 12 1 1 10 12 1 10 11 12 1 1 10 18 10 12 1 1 11 100 12 1 18 12 1 11 12 1 1 10 12 10 12 1 1 10 12 1 1 7 1 8 1 10 10 12 1 8 1 8 1 10 7 12 1 1 10 12 1 100 1 10 10 12 1 8 1 8 1 8 1 10 12 1 10 12 1 1 10 12 1 10 100 12 1 1 1 11 100 12 1 1 100 1 10 11 10 12 1 10 12 1 10 12 1 1 9 100 12 1 1 9 12 1 1 9 12 9 12 1 9 12 1 9 12 1 8 10 12 1 1 10 7 12 1 1 1 10 12 1 1 10 12 1 1 10 12 1 10 10 12 1 11 12 1 1 10 100 12 1 1 1 100 1 10 12 1 10 12 1 10 12 1 1 1 1 1 1 1 1 1 1 1 1 1 1 1 1 1 1 1 1 1 1 1 1 1 1 1 1 100 1 1 1 1 1 1 1 1 1 1 1 1 1 1 1 1 1 1 1 1 1 100 1 1 1 1 1 1 1 1 1 1 100 1 1 1 1 1 1 1 1 1 1 1 1 1 1 1 1 1 1 1 1 1 1 1 1 1 1 1 1 1 1 1 1 1 1 1 1 1 1 1 1 1 100 1 1 1 1 1 1 1 1 1 1 1 1 1 1 1 1 1 1 100 1 1 1 1 1 1 1 1 1 1 1 1 1 1 1 1 1 1 1 1 1 1 1 1 1 1 1 1 1 1 1 1 1 1 1 1 1 1 1 1 1 1 1 1 1 1 1 1 1 1 1 100 1 1 1 1 1 1 1 1 1 1 1 1 1 1 1 1 1 1 1 1 1 1 1 1 1 1 1 1 1 1 1 1 1 1 1 1 1 1 1 1 1 1 1 1 1 1 15 10 100 12 1 1 1 16 1 15 10 12 16 1 16 15 10 12 16 1 16 1 15 10 12 16 15 10 12 16 15 10 12 16 1 1 100 1 100 1 1
staticfield java/lang/ClassLoader nocerts [Ljava/security/cert/Certificate; 0 [Ljava/security/cert/Certificate;
staticfield java/lang/ClassLoader $assertionsDisabled Z 1
ciInstanceKlass jdk/internal/reflect/DelegatingClassLoader 1 1 18 10 7 12 1 1 1 100 1 1 1 1 1 1 1 1 1 1
instanceKlass java/net/URLClassLoader
instanceKlass jdk/internal/loader/BuiltinClassLoader
ciInstanceKlass java/security/SecureClassLoader 1 1 102 10 7 12 1 1 1 7 1 10 12 1 9 7 12 1 1 1 10 12 1 10 12 1 10 12 1 1 10 12 1 1 10 12 1 7 1 10 7 1 10 12 1 7 1 10 12 1 11 7 12 1 1 1 7 1 11 12 1 10 12 1 1 1 1 1 1 1 1 1 1 1 1 1 1 1 1 1 1 1 1 1 1 1 1 1 1 1 1 1 1 1 1 1 1 1 1 100 1 1 1 1
instanceKlass jdk/internal/loader/ClassLoaders$BootClassLoader
instanceKlass jdk/internal/loader/ClassLoaders$PlatformClassLoader
instanceKlass jdk/internal/loader/ClassLoaders$AppClassLoader
ciInstanceKlass jdk/internal/loader/BuiltinClassLoader 1 1 737 9 7 12 1 1 1 10 7 12 1 1 1 10 7 12 1 1 1 9 12 1 1 9 12 1 1 7 1 10 12 1 9 12 1 10 12 1 9 12 1 10 7 12 1 1 1 10 7 12 1 1 1 10 7 12 1 1 1 11 7 12 1 1 1 100 1 100 1 10 10 12 1 1 8 1 10 12 1 10 12 7 1 10 12 1 10 12 1 1 11 7 12 1 1 1 11 7 12 1 1 1 11 12 1 1 7 1 8 1 8 1 10 9 12 1 1 10 7 12 1 1 11 12 1 1 10 12 1 1 10 12 1 1 10 12 1 1 10 7 12 1 1 1 10 12 1 10 100 12 1 1 1 10 12 1 1 11 7 12 1 1 1 10 7 12 1 1 7 1 10 7 12 1 1 1 10 12 1 100 1 8 1 10 12 1 1 10 8 1 10 12 1 1 10 12 1 1 10 12 1 1 11 7 12 1 1 11 12 1 7 1 10 11 12 1 1 11 10 12 1 1 7 1 10 12 1 10 7 12 1 10 12 1 7 1 10 12 1 10 7 12 1 1 1 100 1 10 12 1 1 11 12 1 100 1 100 1 10 12 1 10 12 1 1 100 1 100 1 10 12 1 10 12 1 18 12 1 1 10 12 1 10 12 1 1 18 100 1 10 7 12 1 1 1 7 1 10 10 12 1 1 10 12 1 1 10 12 1 1 10 12 1 9 12 1 1 100 1 10 10 12 1 1 10 12 1 1 10 12 1 10 12 10 12 1 1 10 12 1 1 10 12 1 1 10 12 1 10 12 1 1 18 12 1 7 1 10 12 1 1 10 12 1 10 12 1 1 10 12 1 100 1 10 12 1 7 1 10 12 1 10 7 12 1 1 1 10 12 1 11 12 1 7 1 10 12 1 7 1 100 1 10 12 1 10 12 1 11 12 1 1 10 12 1 1 10 12 1 1 10 12 1 1 10 12 1 1 10 12 1 10 12 1 10 12 1 10 12 1 8 1 10 12 1 1 10 7 12 1 1 10 12 1 100 1 8 1 8 1 10 10 12 1 8 1 8 1 10 7 12 1 1 1 11 7 12 1 1 1 9 7 12 1 1 1 10 7 12 1 1 1 9 12 1 9 12 1 9 12 1 9 12 1 9 12 1 9 12 1 10 7 12 1 1 1 8 1 10 12 1 7 1 10 12 1 1 10 12 1 7 1 10 11 12 1 1 10 12 10 12 1 10 12 1 100 1 10 12 1 10 12 1 10 10 12 1 10 7 12 1 1 8 1 10 7 12 1 1 10 12 1 1 1 1 1 1 1 1 1 1 1 1 1 1 1 1 1 1 1 1 1 1 1 1 1 1 1 1 1 1 1 1 1 1 1 1 1 1 1 1 1 1 1 1 1 1 1 1 1 1 1 1 1 1 1 1 100 1 1 1 1 1 1 1 1 1 1 1 1 1 1 1 1 1 1 100 1 100 1 1 1 1 1 1 1 1 1 1 1 1 1 1 1 1 1 1 1 1 1 1 1 1 1 1 1 1 1 1 1 1 1 1 1 1 1 1 1 1 1 1 1 1 1 1 1 1 1 1 1 100 1 1 15 10 100 12 1 1 1 16 15 10 12 16 15 10 12 16 15 10 12 16 1 1 1 100 1 1 1 1 1 100 1 100 1 1
staticfield jdk/internal/loader/BuiltinClassLoader packageToModule Ljava/util/Map; java/util/concurrent/ConcurrentHashMap
staticfield jdk/internal/loader/BuiltinClassLoader $assertionsDisabled Z 1
ciInstanceKlass java/security/AccessController 1 1 295 10 100 12 1 1 1 10 7 12 1 1 1 10 7 12 1 1 1 10 12 1 1 10 12 1 1 10 7 12 1 1 1 10 12 1 1 10 12 1 10 12 1 1 10 12 1 100 1 8 1 10 12 1 10 12 1 10 12 1 1 10 12 1 7 1 7 1 10 12 1 1 10 12 1 10 12 1 10 12 1 1 10 7 12 1 1 1 10 12 1 1 9 100 12 1 1 1 10 100 12 1 1 1 10 12 1 10 12 1 9 100 12 1 1 1 10 12 1 10 12 1 1 9 12 1 1 10 100 1 10 11 7 12 1 1 1 10 7 12 1 1 11 7 1 7 1 10 12 1 10 12 1 10 12 1 8 1 10 12 1 1 8 1 10 100 12 1 1 1 8 1 100 1 10 10 12 1 1 10 12 1 10 7 12 1 1 1 10 12 1 8 1 10 100 12 1 1 8 1 8 1 10 12 1 8 1 10 12 1 10 12 1 1 10 12 1 1 1 1 1 1 1 1 1 1 1 1 1 1 1 1 1 1 1 1 1 1 1 1 1 1 1 1 100 1 1 1 1 1 1 1 1 1 1 1 1 1 1 1 1 1 1 1 1 1 1 1 1 1 1 1 1 1 1 1 1 1 1 100 1 100 1 1 1 1 1 1 1 1 1 3 1 1 1
staticfield java/security/AccessController $assertionsDisabled Z 1
instanceKlass jdk/internal/reflect/GeneratedConstructorAccessor52
instanceKlass jdk/internal/reflect/GeneratedConstructorAccessor51
instanceKlass jdk/internal/reflect/GeneratedConstructorAccessor50
instanceKlass jdk/internal/reflect/GeneratedConstructorAccessor49
instanceKlass jdk/internal/reflect/GeneratedConstructorAccessor48
instanceKlass jdk/internal/reflect/GeneratedConstructorAccessor47
instanceKlass jdk/internal/reflect/GeneratedConstructorAccessor46
instanceKlass jdk/internal/reflect/GeneratedConstructorAccessor45
instanceKlass jdk/internal/reflect/GeneratedConstructorAccessor44
instanceKlass jdk/internal/reflect/GeneratedConstructorAccessor43
instanceKlass jdk/internal/reflect/GeneratedConstructorAccessor42
instanceKlass jdk/internal/reflect/GeneratedConstructorAccessor41
instanceKlass jdk/internal/reflect/GeneratedConstructorAccessor40
instanceKlass jdk/internal/reflect/GeneratedConstructorAccessor39
instanceKlass jdk/internal/reflect/GeneratedConstructorAccessor38
instanceKlass jdk/internal/reflect/GeneratedConstructorAccessor37
instanceKlass jdk/internal/reflect/GeneratedConstructorAccessor36
instanceKlass jdk/internal/reflect/GeneratedConstructorAccessor35
instanceKlass jdk/internal/reflect/GeneratedConstructorAccessor34
instanceKlass jdk/internal/reflect/GeneratedConstructorAccessor33
instanceKlass jdk/internal/reflect/GeneratedConstructorAccessor32
instanceKlass jdk/internal/reflect/GeneratedConstructorAccessor31
instanceKlass jdk/internal/reflect/GeneratedConstructorAccessor30
instanceKlass jdk/internal/reflect/GeneratedConstructorAccessor29
instanceKlass jdk/internal/reflect/GeneratedConstructorAccessor28
instanceKlass jdk/internal/reflect/GeneratedConstructorAccessor27
instanceKlass jdk/internal/reflect/GeneratedConstructorAccessor26
instanceKlass jdk/internal/reflect/GeneratedConstructorAccessor25
instanceKlass jdk/internal/reflect/GeneratedConstructorAccessor24
instanceKlass jdk/internal/reflect/GeneratedConstructorAccessor23
instanceKlass jdk/internal/reflect/GeneratedConstructorAccessor22
instanceKlass jdk/internal/reflect/GeneratedConstructorAccessor21
instanceKlass jdk/internal/reflect/GeneratedConstructorAccessor20
instanceKlass jdk/internal/reflect/GeneratedConstructorAccessor19
instanceKlass jdk/internal/reflect/GeneratedConstructorAccessor18
instanceKlass jdk/internal/reflect/GeneratedConstructorAccessor17
instanceKlass jdk/internal/reflect/GeneratedConstructorAccessor16
instanceKlass jdk/internal/reflect/GeneratedConstructorAccessor15
instanceKlass jdk/internal/reflect/GeneratedConstructorAccessor14
instanceKlass jdk/internal/reflect/GeneratedConstructorAccessor13
instanceKlass jdk/internal/reflect/GeneratedConstructorAccessor12
instanceKlass jdk/internal/reflect/GeneratedConstructorAccessor11
instanceKlass jdk/internal/reflect/GeneratedConstructorAccessor10
instanceKlass jdk/internal/reflect/GeneratedConstructorAccessor9
instanceKlass jdk/internal/reflect/GeneratedConstructorAccessor8
instanceKlass jdk/internal/reflect/GeneratedConstructorAccessor7
instanceKlass jdk/internal/reflect/GeneratedConstructorAccessor6
instanceKlass jdk/internal/reflect/GeneratedConstructorAccessor5
instanceKlass jdk/internal/reflect/GeneratedConstructorAccessor4
instanceKlass jdk/internal/reflect/GeneratedConstructorAccessor3
instanceKlass jdk/internal/reflect/GeneratedConstructorAccessor2
instanceKlass jdk/internal/reflect/BootstrapConstructorAccessorImpl
instanceKlass jdk/internal/reflect/GeneratedConstructorAccessor1
instanceKlass jdk/internal/reflect/DelegatingConstructorAccessorImpl
instanceKlass jdk/internal/reflect/NativeConstructorAccessorImpl
ciInstanceKlass jdk/internal/reflect/ConstructorAccessorImpl 1 1 27 10 7 12 1 1 1 100 1 100 1 1 1 1 1 1 1 1 1 100 1 100 1 100 1 1 1
instanceKlass jdk/internal/reflect/FieldAccessorImpl
instanceKlass jdk/internal/reflect/ConstructorAccessorImpl
instanceKlass jdk/internal/reflect/MethodAccessorImpl
ciInstanceKlass jdk/internal/reflect/MagicAccessorImpl 1 1 16 10 7 12 1 1 1 100 1 1 1 1 1 1 1 1
instanceKlass jdk/internal/reflect/GeneratedMethodAccessor116
instanceKlass jdk/internal/reflect/GeneratedMethodAccessor115
instanceKlass jdk/internal/reflect/GeneratedMethodAccessor114
instanceKlass jdk/internal/reflect/GeneratedMethodAccessor113
instanceKlass jdk/internal/reflect/GeneratedMethodAccessor112
instanceKlass jdk/internal/reflect/GeneratedMethodAccessor111
instanceKlass jdk/internal/reflect/GeneratedMethodAccessor110
instanceKlass jdk/internal/reflect/GeneratedMethodAccessor109
instanceKlass jdk/internal/reflect/GeneratedMethodAccessor108
instanceKlass jdk/internal/reflect/GeneratedMethodAccessor107
instanceKlass jdk/internal/reflect/GeneratedMethodAccessor106
instanceKlass jdk/internal/reflect/GeneratedMethodAccessor105
instanceKlass jdk/internal/reflect/GeneratedMethodAccessor104
instanceKlass jdk/internal/reflect/GeneratedMethodAccessor103
instanceKlass jdk/internal/reflect/GeneratedMethodAccessor102
instanceKlass jdk/internal/reflect/GeneratedMethodAccessor101
instanceKlass jdk/internal/reflect/GeneratedMethodAccessor100
instanceKlass jdk/internal/reflect/GeneratedMethodAccessor99
instanceKlass jdk/internal/reflect/GeneratedMethodAccessor98
instanceKlass jdk/internal/reflect/GeneratedMethodAccessor97
instanceKlass jdk/internal/reflect/GeneratedMethodAccessor96
instanceKlass jdk/internal/reflect/GeneratedMethodAccessor95
instanceKlass jdk/internal/reflect/GeneratedMethodAccessor94
instanceKlass jdk/internal/reflect/GeneratedMethodAccessor93
instanceKlass jdk/internal/reflect/GeneratedMethodAccessor92
instanceKlass jdk/internal/reflect/GeneratedMethodAccessor91
instanceKlass jdk/internal/reflect/GeneratedMethodAccessor90
instanceKlass jdk/internal/reflect/GeneratedMethodAccessor89
instanceKlass jdk/internal/reflect/GeneratedMethodAccessor88
instanceKlass jdk/internal/reflect/GeneratedMethodAccessor87
instanceKlass jdk/internal/reflect/GeneratedMethodAccessor86
instanceKlass jdk/internal/reflect/GeneratedMethodAccessor85
instanceKlass jdk/internal/reflect/GeneratedMethodAccessor84
instanceKlass jdk/internal/reflect/GeneratedMethodAccessor83
instanceKlass jdk/internal/reflect/GeneratedMethodAccessor82
instanceKlass jdk/internal/reflect/GeneratedMethodAccessor81
instanceKlass jdk/internal/reflect/GeneratedMethodAccessor80
instanceKlass jdk/internal/reflect/GeneratedMethodAccessor79
instanceKlass jdk/internal/reflect/GeneratedMethodAccessor78
instanceKlass jdk/internal/reflect/GeneratedMethodAccessor77
instanceKlass jdk/internal/reflect/GeneratedMethodAccessor76
instanceKlass jdk/internal/reflect/GeneratedMethodAccessor75
instanceKlass jdk/internal/reflect/GeneratedMethodAccessor74
instanceKlass jdk/internal/reflect/GeneratedMethodAccessor73
instanceKlass jdk/internal/reflect/GeneratedMethodAccessor72
instanceKlass jdk/internal/reflect/GeneratedMethodAccessor71
instanceKlass jdk/internal/reflect/GeneratedMethodAccessor70
instanceKlass jdk/internal/reflect/GeneratedMethodAccessor69
instanceKlass jdk/internal/reflect/GeneratedMethodAccessor68
instanceKlass jdk/internal/reflect/GeneratedMethodAccessor67
instanceKlass jdk/internal/reflect/GeneratedMethodAccessor66
instanceKlass jdk/internal/reflect/GeneratedMethodAccessor65
instanceKlass jdk/internal/reflect/GeneratedMethodAccessor64
instanceKlass jdk/internal/reflect/GeneratedMethodAccessor63
instanceKlass jdk/internal/reflect/GeneratedMethodAccessor62
instanceKlass jdk/internal/reflect/GeneratedMethodAccessor61
instanceKlass jdk/internal/reflect/GeneratedMethodAccessor60
instanceKlass jdk/internal/reflect/GeneratedMethodAccessor59
instanceKlass jdk/internal/reflect/GeneratedMethodAccessor58
instanceKlass jdk/internal/reflect/GeneratedMethodAccessor57
instanceKlass jdk/internal/reflect/GeneratedMethodAccessor56
instanceKlass jdk/internal/reflect/GeneratedMethodAccessor55
instanceKlass jdk/internal/reflect/GeneratedMethodAccessor54
instanceKlass jdk/internal/reflect/GeneratedMethodAccessor53
instanceKlass jdk/internal/reflect/GeneratedMethodAccessor52
instanceKlass jdk/internal/reflect/GeneratedMethodAccessor51
instanceKlass jdk/internal/reflect/GeneratedMethodAccessor50
instanceKlass jdk/internal/reflect/GeneratedMethodAccessor49
instanceKlass jdk/internal/reflect/GeneratedMethodAccessor48
instanceKlass jdk/internal/reflect/GeneratedMethodAccessor47
instanceKlass jdk/internal/reflect/GeneratedMethodAccessor46
instanceKlass jdk/internal/reflect/GeneratedMethodAccessor45
instanceKlass jdk/internal/reflect/GeneratedMethodAccessor44
instanceKlass jdk/internal/reflect/GeneratedMethodAccessor43
instanceKlass jdk/internal/reflect/GeneratedMethodAccessor42
instanceKlass jdk/internal/reflect/GeneratedMethodAccessor41
instanceKlass jdk/internal/reflect/GeneratedMethodAccessor40
instanceKlass jdk/internal/reflect/GeneratedMethodAccessor39
instanceKlass jdk/internal/reflect/GeneratedMethodAccessor38
instanceKlass jdk/internal/reflect/GeneratedMethodAccessor37
instanceKlass jdk/internal/reflect/GeneratedMethodAccessor36
instanceKlass jdk/internal/reflect/GeneratedMethodAccessor35
instanceKlass jdk/internal/reflect/GeneratedMethodAccessor34
instanceKlass jdk/internal/reflect/GeneratedMethodAccessor33
instanceKlass jdk/internal/reflect/GeneratedMethodAccessor32
instanceKlass jdk/internal/reflect/GeneratedMethodAccessor31
instanceKlass jdk/internal/reflect/GeneratedMethodAccessor30
instanceKlass jdk/internal/reflect/GeneratedMethodAccessor29
instanceKlass jdk/internal/reflect/GeneratedMethodAccessor28
instanceKlass jdk/internal/reflect/GeneratedMethodAccessor27
instanceKlass jdk/internal/reflect/GeneratedMethodAccessor26
instanceKlass jdk/internal/reflect/GeneratedMethodAccessor25
instanceKlass jdk/internal/reflect/GeneratedMethodAccessor24
instanceKlass jdk/internal/reflect/GeneratedMethodAccessor23
instanceKlass jdk/internal/reflect/GeneratedMethodAccessor22
instanceKlass jdk/internal/reflect/GeneratedMethodAccessor21
instanceKlass jdk/internal/reflect/GeneratedMethodAccessor20
instanceKlass jdk/internal/reflect/GeneratedMethodAccessor19
instanceKlass jdk/internal/reflect/GeneratedMethodAccessor18
instanceKlass jdk/internal/reflect/GeneratedMethodAccessor17
instanceKlass jdk/internal/reflect/GeneratedMethodAccessor16
instanceKlass jdk/internal/reflect/GeneratedMethodAccessor15
instanceKlass jdk/internal/reflect/GeneratedMethodAccessor14
instanceKlass jdk/internal/reflect/GeneratedMethodAccessor13
instanceKlass jdk/internal/reflect/GeneratedMethodAccessor12
instanceKlass jdk/internal/reflect/GeneratedMethodAccessor11
instanceKlass jdk/internal/reflect/GeneratedMethodAccessor10
instanceKlass jdk/internal/reflect/GeneratedMethodAccessor9
instanceKlass jdk/internal/reflect/GeneratedMethodAccessor8
instanceKlass jdk/internal/reflect/GeneratedMethodAccessor7
instanceKlass jdk/internal/reflect/GeneratedMethodAccessor6
instanceKlass jdk/internal/reflect/GeneratedMethodAccessor5
instanceKlass jdk/internal/reflect/GeneratedMethodAccessor4
instanceKlass jdk/internal/reflect/GeneratedMethodAccessor3
instanceKlass jdk/internal/reflect/GeneratedMethodAccessor2
instanceKlass jdk/internal/reflect/GeneratedMethodAccessor1
instanceKlass jdk/internal/reflect/DelegatingMethodAccessorImpl
instanceKlass jdk/internal/reflect/NativeMethodAccessorImpl
ciInstanceKlass jdk/internal/reflect/MethodAccessorImpl 1 1 25 10 7 12 1 1 1 100 1 100 1 1 1 1 1 1 1 1 1 100 1 100 1 1 1
ciInstanceKlass java/lang/Module 1 1 959 10 7 12 1 1 1 9 7 12 1 1 1 10 7 12 1 1 1 9 12 1 9 12 1 1 9 12 1 1 10 12 1 1 10 12 1 10 12 1 1 10 7 12 1 1 1 7 1 10 7 12 1 1 1 10 12 1 1 11 7 12 1 1 1 10 12 1 1 10 7 12 1 1 1 10 12 1 1 10 7 12 1 1 1 9 100 12 1 1 1 10 100 12 1 1 1 10 12 1 8 1 10 7 12 1 1 1 10 7 12 1 1 1 9 12 1 1 9 12 1 1 10 12 1 9 12 1 1 11 12 1 9 7 12 1 1 10 7 12 1 1 1 10 100 12 1 1 1 10 12 1 1 100 1 100 1 10 10 12 1 1 8 1 10 12 1 10 12 10 12 1 10 12 1 1 10 12 1 1 10 12 1 1 9 7 12 1 1 1 10 12 1 1 10 12 1 1 9 12 1 10 12 1 10 12 1 9 12 1 1 11 7 12 1 1 10 12 1 1 9 12 1 9 12 1 10 12 1 10 12 1 100 1 8 1 10 10 12 1 1 10 12 1 8 1 10 12 1 1 8 1 8 1 10 12 1 1 10 12 1 10 12 1 1 18 12 1 1 10 12 1 1 11 12 1 9 12 1 11 12 10 100 12 1 1 100 1 8 1 10 7 1 11 12 1 1 10 12 1 10 12 1 10 12 1 1 11 12 1 1 11 7 12 1 1 11 12 1 1 9 12 1 11 12 1 10 12 1 1 10 12 1 1 9 12 1 10 12 10 7 12 1 1 10 7 12 1 1 10 7 1 18 12 1 1 11 100 12 1 1 1 18 12 1 11 12 1 1 10 100 12 1 1 1 11 12 1 1 10 7 12 1 1 4 7 1 11 12 1 7 1 7 1 10 10 7 12 1 1 1 10 11 7 12 1 8 1 10 10 12 1 1 10 7 12 1 1 10 12 1 10 12 1 7 1 10 12 1 10 11 12 1 1 10 12 10 12 1 1 9 12 1 100 1 10 10 12 1 1 11 100 1 10 12 1 1 11 12 1 10 10 12 1 11 10 12 1 1 10 12 1 1 10 12 1 1 10 7 12 1 1 10 12 1 10 12 1 1 10 10 12 1 1 10 12 1 18 12 1 11 12 1 18 12 1 10 12 1 10 12 1 10 12 7 1 10 12 1 10 12 1 10 12 1 9 12 1 7 1 10 10 10 10 12 1 10 12 1 10 12 1 10 12 1 1 10 12 1 1 10 12 1 9 12 1 18 12 1 1 10 100 12 1 1 1 100 1 8 1 10 12 1 1 10 12 1 1 10 100 12 1 1 100 1 10 12 1 1 100 1 8 1 100 1 10 100 1 100 1 3 10 12 1 100 1 10 12 1 10 12 1 1 10 12 1 1 100 1 10 12 1 10 12 1 1 100 1 100 1 10 12 8 1 10 12 1 1 10 12 1 1 10 100 12 1 1 10 12 1 1 10 12 1 10 12 10 12 1 1 100 1 10 10 12 1 1 10 100 12 1 1 1 100 1 8 1 10 12 1 1 10 100 12 1 1 8 1 10 12 1 8 1 10 12 1 10 12 10 12 1 8 1 10 10 100 12 1 1 7 1 10 10 12 1 10 7 12 1 1 9 12 1 9 12 1 9 12 1 9 12 1 10 12 11 12 1 10 12 1 100 1 1 1 1 1 1 1 1 1 1 1 1 1 1 1 1 100 1 1 1 1 1 1 1 1 1 1 1 1 1 1 1 1 1 1 1 1 1 1 1 1 1 1 1 1 1 1 1 1 1 1 1 1 1 1 1 1 1 1 1 1 1 1 1 1 1 1 1 1 1 1 1 1 1 1 1 1 1 1 1 1 1 1 1 1 1 1 1 1 1 1 1 1 1 1 1 1 1 1 1 100 100 1 1 1 1 1 1 1 1 1 1 1 1 1 1 1 1 1 1 1 1 1 1 1 1 1 1 1 1 1 1 1 1 1 1 100 1 100 1 100 1 1 1 1 1 1 1 1 1 1 1 1 1 1 1 1 1 1 1 1 1 1 1 1 1 1 1 1 15 10 7 12 1 1 1 16 15 10 12 16 16 15 10 12 16 16 15 10 16 1 15 10 12 16 1 15 10 12 16 1 16 15 10 12 16 1 1 1 1 1 1 1 100 1 100 1 1
staticfield java/lang/Module ALL_UNNAMED_MODULE Ljava/lang/Module; java/lang/Module
staticfield java/lang/Module ALL_UNNAMED_MODULE_SET Ljava/util/Set; java/util/ImmutableCollections$Set12
staticfield java/lang/Module EVERYONE_MODULE Ljava/lang/Module; java/lang/Module
staticfield java/lang/Module EVERYONE_SET Ljava/util/Set; java/util/ImmutableCollections$Set12
staticfield java/lang/Module $assertionsDisabled Z 1
ciInstanceKlass java/util/ArrayList 1 1 492 10 7 12 1 1 1 7 1 9 7 12 1 1 1 9 12 1 100 1 100 1 10 8 1 10 12 1 1 10 12 1 10 12 1 1 10 12 1 9 12 1 11 7 12 1 1 1 9 12 1 1 10 12 1 1 7 10 7 12 1 1 1 9 12 1 10 12 1 10 12 1 1 10 7 12 1 1 1 10 7 12 1 1 1 10 12 1 1 10 12 1 1 10 12 1 1 10 12 1 10 12 1 1 100 1 100 1 10 12 1 10 7 12 1 1 1 10 7 12 1 1 10 12 1 10 12 10 12 1 1 10 12 1 1 10 12 1 1 100 1 10 12 1 1 10 12 1 1 10 12 1 100 1 10 11 12 1 1 11 100 12 1 1 1 11 12 1 10 12 1 10 12 1 10 12 1 1 100 1 10 12 1 1 10 10 12 1 1 10 12 1 8 1 8 1 8 1 8 1 10 12 1 1 10 12 1 1 11 12 1 100 1 10 100 12 1 1 10 12 1 10 12 1 1 10 100 12 1 1 10 12 1 10 100 12 1 1 1 11 100 12 1 1 1 10 12 1 100 1 8 1 10 100 1 10 12 1 7 1 10 12 1 10 12 1 1 7 1 10 12 1 10 12 1 1 11 100 12 1 1 100 1 10 12 1 10 12 1 1 11 100 12 1 1 10 12 1 1 10 12 1 1 10 12 1 1 10 12 1 1 11 100 12 1 1 10 12 1 1 100 1 100 1 100 1 1 1 1 5 0 1 3 1 1 1 1 1 1 1 1 1 1 1 1 1 1 1 1 1 1 1 1 1 1 1 1 1 1 1 1 1 1 1 1 1 1 1 1 1 1 1 1 1 1 1 1 1 1 1 1 1 1 1 1 1 1 1 1 1 1 1 1 1 1 1 1 1 1 1 1 1 1 1 1 1 1 1 1 1 1 1 1 1 1 1 1 1 1 1 1 1 1 1 1 1 1 1 1 100 1 1 1 1 100 1 1 1 1 1 1 1 1 1 1 1 1 1 1 1 1 1 1 1 1 1 1 1 1 1 1 1 1 1 100 1 1 1 1 1 1 1 1 1 1 1 1 1 1 1 1 1 1 100 1 100 1 1 1 1 1 1
staticfield java/util/ArrayList EMPTY_ELEMENTDATA [Ljava/lang/Object; 0 [Ljava/lang/Object;
staticfield java/util/ArrayList DEFAULTCAPACITY_EMPTY_ELEMENTDATA [Ljava/lang/Object; 0 [Ljava/lang/Object;
ciInstanceKlass java/util/concurrent/ConcurrentHashMap 1 1 1210 7 1 7 1 3 10 12 1 1 3 100 1 10 7 12 1 1 1 100 1 10 100 12 1 1 1 100 1 11 12 1 1 11 12 1 11 12 1 1 9 12 1 1 9 12 1 1 9 12 1 10 7 12 1 1 1 7 1 10 12 1 1 10 12 1 1 10 7 12 1 1 1 4 10 12 1 9 12 1 10 12 1 1 100 1 10 5 0 10 12 1 10 12 1 1 5 0 10 12 1 1 10 12 1 9 12 1 1 10 12 1 1 9 12 1 9 12 1 1 10 12 1 1 9 12 1 10 12 1 1 9 12 1 1 10 12 1 1 100 1 10 100 1 10 12 1 10 12 1 1 10 12 1 1 10 12 1 1 10 12 1 10 12 1 1 10 12 1 1 100 1 10 12 1 1 7 1 100 1 8 1 10 12 1 10 12 1 1 10 12 1 1 11 7 12 1 1 10 12 1 1 11 12 1 1 11 7 12 1 1 1 11 7 12 1 1 1 11 12 1 7 1 11 12 1 11 12 1 10 12 1 1 10 12 1 1 9 12 1 1 10 100 12 1 1 1 9 10 12 1 1 9 12 1 10 12 1 1 5 0 9 12 1 1 7 1 10 12 1 9 12 1 1 7 1 10 12 1 9 12 1 7 1 10 100 1 10 10 12 1 1 8 1 10 12 1 10 12 1 1 11 100 1 10 12 1 10 100 12 1 1 1 8 1 10 100 12 1 1 1 8 1 10 12 1 8 1 10 12 1 10 12 1 1 10 100 12 1 1 10 12 1 10 12 1 10 12 1 9 12 1 9 10 12 1 9 12 1 1 11 100 12 1 1 1 11 100 12 1 1 1 100 1 10 12 11 100 12 1 1 10 11 7 12 1 10 12 1 100 1 10 12 1 100 1 10 10 9 7 12 1 1 1 10 12 3 10 100 12 1 1 9 12 1 10 12 1 1 9 12 1 1 9 12 1 10 12 1 1 10 100 12 1 1 9 12 1 9 7 12 1 1 10 12 1 1 10 12 1 3 9 12 1 9 12 1 10 12 1 1 7 1 9 3 9 12 1 100 1 10 12 1 9 12 1 10 12 1 9 12 1 10 12 1 9 12 1 10 100 12 1 1 1 100 10 12 1 100 1 5 0 10 100 12 1 1 100 1 10 12 1 1 10 12 1 10 12 1 100 1 10 12 1 10 100 1 100 1 10 10 12 1 10 100 1 10 12 1 10 100 1 10 12 1 10 100 1 10 12 1 1 100 1 10 12 1 10 10 12 1 100 1 10 12 1 10 10 12 1 100 1 10 12 1 10 100 1 10 12 1 10 100 1 10 12 1 10 100 1 10 12 1 10 100 1 10 12 1 10 100 1 10 12 1 10 100 1 10 12 1 10 100 1 10 12 1 10 100 1 10 10 100 1 10 10 100 1 10 10 100 1 10 12 1 10 100 1 10 12 1 10 100 1 10 12 1 10 100 1 10 12 1 10 100 1 10 12 1 10 100 1 10 10 100 1 10 10 100 1 10 10 100 1 10 12 1 10 100 1 10 12 1 10 100 1 10 12 1 10 100 1 10 12 1 10 100 1 10 12 1 10 10 12 1 10 7 12 1 1 1 10 12 1 7 1 7 1 10 12 1 9 12 1 1 9 12 1 1 10 12 1 1 8 10 12 1 1 8 8 8 8 7 10 12 1 1 10 12 1 100 1 8 1 10 7 1 100 1 100 1 1 1 5 0 1 1 3 1 3 1 1 1 1 3 1 3 1 3 1 1 1 1 1 3 1 3 1 3 1 1 1 1 1 1 1 1 1 1 1 1 1 1 1 1 1 1 1 1 1 1 1 1 1 100 1 1 1 1 1 1 1 1 1 1 1 1 1 1 1 1 1 1 1 1 1 1 1 1 1 1 1 1 1 1 1 1 1 1 1 1 1 1 1 1 1 1 1 1 1 1 1 1 1 1 1 1 1 1 1 1 1 1 1 1 1 1 1 1 1 1 1 1 1 1 1 1 1 1 1 1 1 1 1 1 1 1 1 1 100 1 1 1 1 1 1 1 1 1 1 1 100 1 1 1 1 1 1 1 1 1 1 1 1 1 1 1 1 1 1 1 1 1 1 1 1 1 1 1 1 1 1 1 1 1 1 1 1 1 1 1 1 1 1 1 1 1 1 1 1 1 1 1 1 1 1 1 1 1 1 1 1 1 1 1 1 1 1 1 1 1 1 1 1 1 1 1 1 1 1 1 1 1 1 1 1 1 1 1 1 1 1 1 1 1 1 1 1 1 1 1 1 1 1 1 1 1 1 1 1 1 1 1 1 1 1 1 1 1 1 1 1 1 1 1 1 1 1 1 1 1 1 1 1 1 1 1 1 1 1 1 1 1 1 1 1 1 1 1 1 1 1 1 1 1 1 1 1 1 1 1 1 1 1 1 1 1 1 1 1 1 1 1 1 1 1 1 1 1 1 1 1 1 1 1 1 1 1 1 1 1 1 1 1 1 1 1 1 1 1 1 1 1 1 1 1 1 1 1 1 1 1 1 1 1 1 1 1 1 1 1 1 1 1 1 100 1 100 1 100 1 100 1 100 1 100 1 100 1 100 1 100 1 1 1 1 1 1 1 1 1 1 1 1 1 1 1 1 1 1 1 1 1 1 1 1 1 1 1 1 1 1 1 1 1 1 1 1 1 1 1 1 1 1 1 1 1 1 1 1 1 1 1 1 1 1 1 1 1 1
staticfield java/util/concurrent/ConcurrentHashMap NCPU I 12
staticfield java/util/concurrent/ConcurrentHashMap serialPersistentFields [Ljava/io/ObjectStreamField; 3 [Ljava/io/ObjectStreamField;
staticfield java/util/concurrent/ConcurrentHashMap U Ljdk/internal/misc/Unsafe; jdk/internal/misc/Unsafe
staticfield java/util/concurrent/ConcurrentHashMap SIZECTL J 20
staticfield java/util/concurrent/ConcurrentHashMap TRANSFERINDEX J 32
staticfield java/util/concurrent/ConcurrentHashMap BASECOUNT J 24
staticfield java/util/concurrent/ConcurrentHashMap CELLSBUSY J 36
staticfield java/util/concurrent/ConcurrentHashMap CELLVALUE J 144
staticfield java/util/concurrent/ConcurrentHashMap ABASE I 16
staticfield java/util/concurrent/ConcurrentHashMap ASHIFT I 2
ciInstanceKlass java/lang/String 1 1 1396 10 7 12 1 1 1 8 1 9 7 12 1 1 1 9 12 1 1 9 12 1 1 10 12 1 10 12 1 1 10 12 1 1 9 12 1 1 10 7 12 1 1 1 10 7 1 10 7 12 1 1 1 10 12 1 1 10 12 1 1 10 12 1 10 12 1 1 10 12 1 10 7 12 1 1 1 9 7 12 1 1 1 10 7 12 1 1 1 10 12 1 1 10 12 1 1 10 12 1 1 10 12 1 1 10 12 1 1 9 7 12 1 1 10 12 9 7 12 1 1 3 10 7 12 1 1 1 7 1 11 12 1 1 11 12 1 11 12 1 1 10 7 12 1 1 1 10 12 1 1 9 7 12 1 1 1 10 12 1 1 10 12 1 11 12 1 1 10 12 1 1 10 12 10 12 1 1 10 100 12 1 1 1 10 7 12 1 1 1 10 12 1 1 100 1 100 1 10 12 1 10 12 1 10 12 1 1 100 1 10 12 1 1 100 1 10 12 1 1 10 12 1 1 10 10 12 1 100 1 100 1 100 1 10 12 1 10 12 1 1 10 12 1 1 10 12 1 10 12 1 1 10 12 1 1 10 7 12 1 1 7 1 11 11 12 1 11 12 1 10 12 1 1 10 12 1 10 12 10 12 1 1 10 10 100 12 1 1 1 10 100 12 1 1 10 12 1 1 10 100 12 1 1 10 12 1 10 12 1 1 10 12 1 1 10 12 1 10 12 1 10 12 1 1 100 1 10 12 1 1 10 12 10 12 1 10 12 1 1 10 7 12 1 1 1 10 12 1 10 12 1 1 10 12 1 10 12 1 3 3 10 12 1 10 12 1 1 10 12 1 1 10 12 1 1 10 12 1 10 12 1 1 10 12 1 1 10 12 1 10 12 1 10 12 1 10 12 1 1 10 12 1 10 12 1 10 12 1 10 12 1 10 12 1 10 12 1 10 100 1 10 8 1 10 12 1 1 10 12 1 8 1 10 12 1 1 10 12 10 12 1 8 1 10 10 12 1 1 10 12 1 1 10 12 1 10 12 1 1 10 12 10 100 1 10 10 12 1 10 12 1 10 12 1 10 10 12 1 10 12 1 1 10 12 1 100 1 10 10 12 1 100 1 10 10 12 1 10 12 1 1 10 12 1 10 12 1 1 10 10 12 1 1 10 100 1 10 10 12 1 10 12 1 1 10 12 1 1 10 100 1 10 12 1 10 12 1 10 12 1 10 12 1 1 10 12 1 11 7 1 11 12 10 12 1 10 12 1 1 10 12 1 1 10 10 12 1 10 12 1 9 12 1 1 11 7 12 1 1 1 10 10 12 1 10 12 1 1 10 10 12 1 10 12 1 10 12 1 1 9 12 1 10 12 1 1 10 10 12 1 1 10 12 10 10 12 1 10 12 10 10 12 10 10 12 1 10 12 1 10 12 10 10 12 10 12 1 10 12 10 12 10 10 12 1 10 12 1 1 10 12 1 10 10 12 1 10 7 12 1 1 1 10 12 1 1 10 10 7 12 1 1 1 11 10 12 1 10 12 1 1 10 12 1 1 10 7 12 1 1 1 10 12 1 10 10 12 1 10 12 1 10 12 1 10 100 12 1 1 10 12 1 100 1 100 1 8 1 10 10 10 12 1 8 1 10 12 1 3 3 7 1 10 10 12 1 10 12 1 10 12 1 1 10 12 1 1 11 7 12 1 1 1 7 1 10 12 1 1 10 12 1 10 12 1 1 10 12 1 1 8 1 10 12 1 1 10 12 1 11 100 12 1 1 1 11 100 12 1 1 11 12 1 1 10 12 1 10 12 1 1 10 10 7 12 1 1 1 10 12 1 10 12 1 10 10 12 10 12 1 1 10 10 12 1 10 10 12 1 10 10 12 1 10 10 12 1 10 12 1 1 10 10 12 1 8 1 10 12 1 1 18 12 1 1 11 100 12 1 1 1 7 1 3 18 12 1 18 12 1 8 1 10 100 12 1 1 1 11 12 1 1 10 12 10 10 12 1 10 11 12 1 1 10 12 1 1 11 12 1 18 3 11 10 12 1 11 11 10 12 1 10 12 1 1 8 1 10 12 1 10 12 1 10 12 1 1 10 10 12 1 11 100 12 1 7 1 100 1 10 12 1 7 1 10 10 7 12 1 1 1 100 1 10 7 1 10 10 12 1 10 10 12 1 8 1 10 10 12 1 8 1 8 1 10 12 1 10 12 1 10 10 12 10 7 12 1 1 10 7 12 1 1 10 7 12 1 1 8 1 10 12 1 10 12 1 1 10 10 12 8 1 8 1 10 8 1 8 1 8 1 8 1 10 12 1 10 12 1 8 1 10 100 12 1 1 1 10 12 10 12 1 1 10 12 10 10 12 10 12 7 1 9 12 1 1 7 1 10 100 1 100 1 100 1 100 1 1 1 1 1 1 5 0 1 1 1 1 1 3 1 3 1 1 1 1 1 1 1 1 1 1 1 1 1 1 1 100 1 1 1 100 1 1 1 1 1 1 1 1 1 1 1 1 1 1 1 1 1 1 1 1 1 1 1 1 1 1 1 100 1 1 1 1 1 1 1 1 1 100 1 1 1 1 1 1 1 1 1 1 1 1 1 1 1 1 1 1 1 1 1 1 1 1 1 1 1 1 1 1 1 1 1 1 1 1 1 1 1 1 1 1 1 1 1 1 1 1 1 1 1 1 1 1 1 1 1 1 1 1 1 1 1 1 1 1 1 1 1 1 1 1 1 1 1 1 1 1 1 1 1 1 1 1 1 1 1 1 1 1 1 1 1 1 1 1 1 1 1 1 1 1 1 1 1 1 1 1 1 1 1 1 1 1 1 1 1 1 1 1 1 1 1 1 1 1 1 1 1 1 1 1 1 1 1 1 1 1 1 1 1 1 1 1 1 1 1 1 1 1 1 1 1 1 1 1 1 1 1 1 1 1 1 1 1 1 1 1 1 100 1 1 1 1 1 1 1 1 1 1 1 1 1 1 1 1 1 1 1 1 1 1 1 1 100 1 1 1 1 1 1 1 1 1 1 1 1 1 100 1 1 1 1 1 1 1 1 1 1 1 1 1 1 1 15 10 100 12 1 1 1 16 15 10 12 16 15 10 12 15 10 12 15 10 12 1 1 1 1 100 1 100 1 1 1
staticfield java/lang/String COMPACT_STRINGS Z 1
staticfield java/lang/String serialPersistentFields [Ljava/io/ObjectStreamField; 0 [Ljava/io/ObjectStreamField;
staticfield java/lang/String CASE_INSENSITIVE_ORDER Ljava/util/Comparator; java/lang/String$CaseInsensitiveComparator
ciInstanceKlass java/security/ProtectionDomain 1 1 324 10 7 12 1 1 1 9 7 12 1 1 1 7 1 10 9 12 1 1 9 12 1 1 9 12 1 1 10 7 12 1 1 7 1 9 12 1 9 12 1 1 7 1 9 12 1 1 9 12 1 10 100 12 1 1 10 100 12 1 1 1 10 12 1 1 10 12 1 9 12 1 9 100 12 1 1 10 12 1 1 10 100 1 10 12 1 1 8 1 100 1 8 1 10 12 1 10 10 100 12 1 1 1 10 12 1 1 8 1 11 8 1 10 12 1 8 1 8 1 10 12 1 1 10 12 1 10 12 1 1 10 12 1 8 1 10 12 1 8 1 8 1 10 100 12 1 1 1 9 100 12 1 1 1 10 12 1 1 9 100 12 1 1 1 10 100 12 1 1 1 100 1 100 1 10 12 1 10 100 12 1 1 1 10 100 1 10 12 1 10 12 1 1 11 100 12 1 1 11 12 1 100 1 11 100 12 1 1 1 10 12 1 10 11 12 1 1 11 12 1 1 10 12 1 10 7 12 1 1 10 100 12 1 1 11 12 1 10 12 8 1 8 1 10 7 12 1 1 1 7 1 10 10 7 12 1 1 1 1 1 1 1 1 1 1 100 1 1 100 1 1 1 1 1 1 1 1 1 1 1 1 1 1 1 1 1 1 1 1 1 1 1 1 1 1 1 1 1 1 1 1 1 1 1 1 1 1 1 1 1 1 100 1 1 1 1 1 100 1 1 1 1 1
staticfield java/security/ProtectionDomain filePermCompatInPD Z 0
ciInstanceKlass java/security/CodeSource 1 1 395 10 7 12 1 1 1 9 7 12 1 1 1 9 12 1 1 9 12 1 1 9 12 1 1 10 7 12 1 1 1 9 12 1 1 10 100 12 1 1 10 100 10 100 12 1 1 1 10 100 12 1 1 1 10 12 1 1 100 1 10 10 100 12 1 1 1 10 100 12 1 1 1 10 12 1 1 10 12 1 100 1 10 12 1 1 10 12 1 1 10 12 1 1 10 12 1 10 10 10 12 1 1 10 100 12 1 1 1 10 12 1 10 12 1 10 12 1 8 1 10 12 1 10 12 1 10 12 1 1 10 12 1 8 1 10 12 1 1 10 100 1 10 10 12 1 1 8 1 10 12 1 10 12 1 10 12 1 8 1 8 1 9 12 1 1 100 1 8 1 10 12 1 10 12 1 1 8 1 10 12 1 8 1 8 1 8 1 10 100 12 1 1 10 12 1 1 10 12 1 10 12 1 1 10 12 1 1 10 12 1 1 100 1 100 1 10 12 1 10 12 10 12 1 1 10 100 12 1 1 10 12 1 100 1 10 12 10 8 1 10 12 1 10 12 1 10 12 1 1 100 1 10 12 1 1 100 1 100 1 8 1 8 1 10 10 12 1 1 10 100 12 1 1 1 100 1 10 12 10 12 1 1 11 100 12 1 1 10 10 12 1 11 10 12 1 8 1 100 1 10 12 1 10 12 1 1 10 12 1 11 12 1 1 11 100 1 1 1 1 5 0 1 1 1 1 1 1 1 1 1 1 1 1 1 1 1 1 1 1 1 1 1 1 1 1 1 1 1 1 1 1 1 1 1 1 1 1 1 1 1 1 1 1 1 1 1 1 1 1 1 1 1 1 1 1 1 1 1 1 1 1 1 1 1 1 1 100 1 1 1 1 1 1 1
ciInstanceKlass java/lang/StringBuilder 1 1 409 10 7 12 1 1 1 10 12 1 10 12 1 10 12 1 1 10 7 12 1 1 1 10 7 12 1 1 1 10 12 1 10 12 1 10 12 1 10 12 1 10 12 1 10 12 1 10 12 1 10 12 1 10 12 1 10 12 1 10 12 1 10 12 1 10 12 1 10 12 1 1 10 12 1 10 12 1 1 10 12 1 1 10 12 1 10 12 1 10 12 1 10 12 1 10 12 1 10 12 1 10 12 1 10 12 10 12 1 10 12 1 10 12 1 10 12 1 1 10 12 1 10 12 1 10 12 10 12 1 1 10 12 1 1 9 12 1 1 9 12 1 1 10 7 12 1 1 1 10 7 1 10 100 12 1 1 1 10 12 1 10 12 1 1 10 12 1 1 10 10 12 1 1 10 100 12 1 1 10 12 1 10 12 1 1 100 1 100 1 8 1 10 10 12 1 1 10 12 1 1 10 12 1 10 12 1 10 12 1 10 12 1 10 12 1 10 12 1 10 12 1 10 12 1 10 12 1 10 12 1 10 12 1 10 12 1 10 12 1 10 12 1 10 12 1 1 10 12 1 1 10 12 1 10 12 1 10 12 1 10 12 10 12 10 12 1 10 12 1 10 12 1 10 12 10 12 1 10 12 1 10 12 1 10 12 1 10 12 1 10 12 1 10 12 1 10 12 1 10 12 1 1 10 12 1 10 12 1 1 10 12 1 10 12 1 1 10 12 1 10 12 1 1 10 12 1 10 12 1 10 12 1 10 10 12 1 10 12 1 100 1 100 1 100 1 1 1 1 5 0 1 1 1 1 1 1 1 1 1 1 1 1 1 1 1 1 1 1 1 1 1 1 1 1 1 1 1 1 1 1 1 1 1 1 1 1 1 1 1 1 1 1 1 100 1 1 1 100 1 1 1 1 1 1 1 1 1 1
ciInstanceKlass jdk/internal/loader/ClassLoaders 1 1 183 10 100 12 1 1 1 10 7 12 1 1 1 10 12 1 1 10 100 12 1 1 1 9 7 12 1 1 1 9 12 1 1 9 12 1 1 7 1 11 100 12 1 1 1 100 1 11 12 1 1 11 12 1 1 10 100 12 1 1 1 10 100 12 1 1 1 100 1 100 1 10 7 12 1 1 1 9 12 1 1 10 12 1 1 7 1 10 12 1 1 10 12 1 7 1 8 1 10 7 12 1 1 1 10 12 1 1 7 1 10 12 1 10 12 1 10 12 1 8 1 10 7 12 1 1 8 1 8 1 10 12 1 7 1 10 12 1 10 12 1 10 12 1 1 1 1 1 1 1 1 1 1 1 1 1 1 1 1 1 1 1 1 100 1 1 1 1 1 1 1 1 1 1 1 1 1 1 1 1 1 1 1
staticfield jdk/internal/loader/ClassLoaders JLA Ljdk/internal/access/JavaLangAccess; java/lang/System$2
staticfield jdk/internal/loader/ClassLoaders BOOT_LOADER Ljdk/internal/loader/ClassLoaders$BootClassLoader; jdk/internal/loader/ClassLoaders$BootClassLoader
staticfield jdk/internal/loader/ClassLoaders PLATFORM_LOADER Ljdk/internal/loader/ClassLoaders$PlatformClassLoader; jdk/internal/loader/ClassLoaders$PlatformClassLoader
staticfield jdk/internal/loader/ClassLoaders APP_LOADER Ljdk/internal/loader/ClassLoaders$AppClassLoader; jdk/internal/loader/ClassLoaders$AppClassLoader
ciInstanceKlass jdk/internal/misc/Unsafe 1 1 1285 10 7 12 1 1 1 9 7 12 1 1 1 9 12 1 1 10 12 1 1 10 7 12 1 1 1 10 12 1 1 10 12 1 1 10 12 1 1 10 12 1 1 10 12 1 1 10 12 1 1 10 12 1 1 10 12 1 1 10 12 1 1 10 12 1 1 10 12 1 1 10 12 1 1 10 12 1 1 10 12 1 10 12 1 100 1 10 10 12 1 1 10 12 1 1 5 0 10 12 1 1 10 12 1 1 10 7 12 1 1 1 10 12 1 1 10 12 1 10 12 1 10 12 1 1 10 12 1 1 10 12 1 10 12 1 100 1 100 1 10 8 1 10 12 1 1 10 12 1 8 1 10 12 1 1 10 12 1 10 12 1 10 12 1 1 10 12 1 10 12 1 1 10 12 1 1 10 12 1 10 12 1 10 12 1 10 12 1 1 10 12 1 10 12 1 10 12 1 1 10 12 1 5 0 5 0 5 0 10 12 1 10 12 1 10 12 1 10 12 1 10 12 1 10 12 1 10 12 1 10 12 1 10 12 1 1 10 12 1 10 12 1 100 1 8 1 10 100 1 10 10 12 1 1 10 12 1 1 10 12 1 10 12 1 1 10 12 1 1 10 12 1 10 12 1 1 10 12 1 9 7 12 1 1 9 12 1 100 1 10 10 12 1 1 8 1 10 8 1 8 1 10 12 1 1 9 7 12 1 1 1 9 100 1 9 7 1 9 7 1 9 9 100 1 9 7 1 9 100 1 10 12 1 1 10 12 1 1 10 12 1 1 10 12 1 1 5 0 5 0 9 12 1 1 10 12 1 10 12 1 10 12 1 1 10 12 1 1 10 12 1 8 1 3 10 12 1 1 10 12 1 1 10 12 1 10 12 1 1 10 12 1 1 10 12 1 10 12 1 10 12 1 10 12 1 10 12 1 10 12 1 1 10 12 1 1 10 12 1 10 12 1 10 12 1 10 12 1 10 12 1 10 12 1 1 10 12 1 1 10 12 1 10 12 1 10 12 1 10 12 1 10 12 1 10 12 1 1 10 12 1 1 10 12 1 1 10 12 1 1 10 12 1 10 12 1 10 12 1 10 12 1 10 12 1 10 12 1 10 12 1 1 10 12 1 1 10 12 1 10 12 1 10 12 1 10 12 1 10 12 1 10 12 1 10 12 1 1 10 12 1 1 10 12 1 10 12 1 10 12 1 10 12 1 10 12 1 10 12 1 10 12 1 10 12 1 1 10 12 1 10 12 1 10 12 1 10 12 1 10 12 1 1 10 12 1 10 12 1 10 12 1 10 12 1 10 12 1 10 12 1 10 12 1 10 12 1 1 10 12 1 10 12 1 10 12 1 10 12 1 10 12 1 10 12 1 1 10 12 1 10 12 1 10 12 1 1 10 12 1 10 12 1 10 12 1 10 12 1 10 12 1 10 12 1 10 12 1 10 12 1 10 12 1 10 12 1 10 12 1 10 12 1 10 12 1 10 12 1 10 12 1 10 12 1 10 12 1 10 12 1 10 12 1 10 12 1 10 12 1 10 12 1 100 1 10 100 1 10 9 12 1 5 0 10 12 1 1 5 0 10 12 1 5 0 10 12 1 10 12 1 10 12 1 1 10 12 1 1 10 12 1 10 12 1 10 12 1 10 12 1 1 10 12 1 10 12 1 10 12 1 10 12 1 10 12 1 1 10 12 1 10 12 1 10 12 1 10 12 1 1 10 12 1 10 12 1 10 12 1 1 10 12 1 10 12 1 10 12 1 10 12 1 1 10 12 1 10 10 12 1 1 10 12 1 10 12 1 1 10 12 1 10 12 5 0 5 0 5 0 10 12 1 1 10 12 1 10 12 1 10 12 10 100 12 1 1 8 1 100 1 11 12 1 1 8 1 11 12 1 1 10 100 12 1 1 10 12 1 10 12 1 10 12 1 10 12 1 10 12 1 1 10 12 1 10 12 1 10 12 1 10 12 1 10 12 1 10 12 1 10 7 1 10 12 1 9 12 1 7 1 9 12 1 7 1 9 12 1 7 1 9 12 1 7 1 9 12 1 7 1 9 12 1 7 1 9 12 1 7 1 9 12 1 7 1 9 12 1 10 12 1 9 12 1 9 12 1 9 12 1 9 12 1 9 12 1 9 12 1 9 12 1 9 12 1 9 12 1 9 12 1 1 1 3 1 1 1 1 1 1 1 1 1 1 1 1 1 1 1 1 1 1 1 1 1 1 1 1 1 1 1 1 1 1 1 1 1 1 1 1 1 1 1 1 1 1 1 1 1 1 1 1 1 1 1 1 1 1 1 1 1 1 1 1 1 1 1 1 1 1 1 1 1 1 1 1 1 1 1 1 1 1 1 1 1 1 1 1 1 1 1 1 1 100 1 1 1 1 1 1 1 1 1 1 1 1 1 1 1 1 1 1 1 1 1 1 1 1 1 1 1 1 1 1 1 1 1 1 1 1 1 1 1 1 1 1 1 1 1 1 1 1 1 1 1 1 1 1 1 1 1 1 1 1 1 1 1 1 1 1 1 1 1 1 1 1 1 1 1 1 1 1 1 1 1 1 1 1 1 1 1 1 1 1 1 1 1 1 1 1 1 1 1 1 1 1 1 1 1 1 1 1 1 1 1 1 1 1 1 1 1 1 1 1 1 1 1 1 1 1 1 1 1 1 1 1 1 1 1 1 1 1 1 1 1 1 1 1 1 1 1 1 1 1 1 1 1 1 1 1 1 1 1 1 1 1 1 1 1 1 1 1 1 1 1 1 1 1 1 1 1 1 1 1 1 1 1 1 1 1 1 1 1 1 1 1 1 1 1 1 1 1 1 1 1 1 1 1 1 1 1 3 1 1 1 1 1 1 1 1 1 1 1 1 1 1 1 1 1 1 1 1 1
staticfield jdk/internal/misc/Unsafe theUnsafe Ljdk/internal/misc/Unsafe; jdk/internal/misc/Unsafe
staticfield jdk/internal/misc/Unsafe ARRAY_BOOLEAN_BASE_OFFSET I 16
staticfield jdk/internal/misc/Unsafe ARRAY_BYTE_BASE_OFFSET I 16
staticfield jdk/internal/misc/Unsafe ARRAY_SHORT_BASE_OFFSET I 16
staticfield jdk/internal/misc/Unsafe ARRAY_CHAR_BASE_OFFSET I 16
staticfield jdk/internal/misc/Unsafe ARRAY_INT_BASE_OFFSET I 16
staticfield jdk/internal/misc/Unsafe ARRAY_LONG_BASE_OFFSET I 16
staticfield jdk/internal/misc/Unsafe ARRAY_FLOAT_BASE_OFFSET I 16
staticfield jdk/internal/misc/Unsafe ARRAY_DOUBLE_BASE_OFFSET I 16
staticfield jdk/internal/misc/Unsafe ARRAY_OBJECT_BASE_OFFSET I 16
staticfield jdk/internal/misc/Unsafe ARRAY_BOOLEAN_INDEX_SCALE I 1
staticfield jdk/internal/misc/Unsafe ARRAY_BYTE_INDEX_SCALE I 1
staticfield jdk/internal/misc/Unsafe ARRAY_SHORT_INDEX_SCALE I 2
staticfield jdk/internal/misc/Unsafe ARRAY_CHAR_INDEX_SCALE I 2
staticfield jdk/internal/misc/Unsafe ARRAY_INT_INDEX_SCALE I 4
staticfield jdk/internal/misc/Unsafe ARRAY_LONG_INDEX_SCALE I 8
staticfield jdk/internal/misc/Unsafe ARRAY_FLOAT_INDEX_SCALE I 4
staticfield jdk/internal/misc/Unsafe ARRAY_DOUBLE_INDEX_SCALE I 8
staticfield jdk/internal/misc/Unsafe ARRAY_OBJECT_INDEX_SCALE I 4
staticfield jdk/internal/misc/Unsafe ADDRESS_SIZE I 8
ciInstanceKlass java/lang/ThreadGroup 1 1 293 10 7 12 1 1 1 9 7 12 1 1 1 8 1 9 12 1 1 7 1 9 12 1 9 12 1 1 10 12 1 1 10 12 1 1 10 12 1 10 12 1 1 10 12 1 9 12 1 1 10 12 1 1 10 12 1 9 12 1 10 100 12 1 1 1 9 12 1 9 12 1 1 10 7 12 1 1 1 100 10 12 1 1 10 7 12 1 1 1 10 100 12 1 9 12 1 10 12 1 1 10 12 1 1 9 12 1 1 10 12 1 1 10 12 1 10 12 1 10 12 1 1 10 12 1 1 10 12 1 10 12 1 10 10 12 1 10 12 1 10 100 1 10 10 12 1 10 12 1 10 12 1 7 10 12 1 9 12 1 1 10 12 1 1 8 1 10 100 12 1 1 1 10 12 1 1 10 12 1 1 10 12 1 1 11 100 1 100 1 9 12 1 100 1 10 8 1 10 12 1 1 10 12 1 1 8 1 10 12 1 10 100 12 1 1 1 10 12 1 1 10 100 1 8 1 10 8 1 10 12 1 8 1 1 1 1 1 1 1 1 1 1 1 1 1 1 1 1 1 3 1 1 1 1 1 1 1 1 1 1 1 1 1 1 1 1 1 1 1 1 1 1 1 1 1 1 1 1 1 1 1 1 1 1 1 1 1 1 1 1 1 1
instanceKlass java/security/Provider
ciInstanceKlass java/util/Properties 1 1 651 10 7 12 1 1 1 100 1 10 7 12 1 1 7 1 10 12 1 9 12 1 1 9 12 1 1 9 12 1 1 10 7 12 1 1 1 10 12 1 1 8 1 10 7 12 1 1 1 7 1 10 12 1 10 12 1 1 8 1 10 12 1 7 1 10 12 10 12 1 1 9 12 1 1 10 12 1 1 7 1 10 12 1 10 12 1 10 12 1 1 100 1 8 1 10 12 1 10 12 1 10 12 1 1 10 12 1 100 1 3 10 10 100 12 1 1 1 10 12 1 10 12 1 1 8 1 10 12 1 10 12 1 1 8 1 10 100 12 1 1 10 12 1 1 10 12 1 10 12 1 1 100 1 10 12 1 10 12 1 1 100 1 9 100 12 1 1 1 10 12 1 10 12 1 1 100 1 10 10 10 12 1 1 11 7 12 1 1 1 11 7 12 1 1 1 11 12 1 1 7 1 11 12 1 11 12 1 10 12 1 1 8 1 10 12 1 10 12 1 100 1 10 10 12 1 1 10 100 12 1 1 9 100 12 1 1 10 12 1 1 10 100 12 1 1 1 100 1 100 1 100 1 10 8 1 8 1 10 12 1 10 12 1 10 12 1 1 10 10 12 1 1 10 12 1 1 7 1 10 10 12 1 11 7 12 1 1 10 7 12 1 1 1 8 1 10 100 12 1 1 11 8 1 10 100 1 11 10 12 1 10 12 1 10 12 1 10 12 1 1 10 12 1 1 10 12 1 1 10 12 1 10 12 1 10 10 12 1 10 12 1 10 12 1 10 10 12 1 1 10 12 1 1 7 1 10 10 12 1 10 12 1 10 12 1 10 12 1 10 12 1 1 10 12 1 1 10 12 1 10 12 1 10 12 1 1 10 12 10 12 1 1 10 12 1 1 10 12 1 10 12 1 1 10 12 1 1 10 12 100 1 10 11 100 12 1 1 4 11 10 12 1 1 10 100 12 1 1 11 12 1 10 12 1 1 10 100 12 1 1 10 12 1 100 1 8 1 10 12 1 10 10 100 12 1 1 1 100 1 6 0 10 12 1 1 11 100 12 1 1 1 10 12 1 10 12 1 1 1 1 1 5 0 1 1 1 1 1 1 1 1 1 1 1 1 1 1 1 1 1 1 1 1 1 1 1 1 1 1 1 1 1 1 1 1 1 1 1 1 1 1 1 1 100 1 1 1 1 1 1 1 1 1 1 1 1 1 1 1 1 1 1 1 1 100 1 1 1 1 1 1 1 100 1 100 1 1 1 1 100 1 1 1 1 1 1 1 1 1 1 1 1 1 1 1 1 1 1 1 1 1 1 1 1 1 1 1 1 1 1 1 1 1 1 1 1 1 1 1 1 1 1 1 1 1 1 1 1 1 1 1 1 1 1 1 1 1 1 1 1 1 1 1 1 1 1 1 1 1 1 1 1 1 1 1 1 100 1 1 1 1 1 1 1 1 1 100 1 1 1
staticfield java/util/Properties UNSAFE Ljdk/internal/misc/Unsafe; jdk/internal/misc/Unsafe
instanceKlass java/util/Hashtable
ciInstanceKlass java/util/Dictionary 1 1 36 10 7 12 1 1 1 100 1 1 1 1 1 1 1 1 1 1 1 1 1 1 1 1 1 1 1 1 1 1 1 1 1 1 1 1
instanceKlass java/util/Properties
ciInstanceKlass java/util/Hashtable 1 1 512 100 1 10 7 12 1 1 1 9 7 12 1 1 1 100 1 100 1 10 8 1 10 12 1 1 10 12 1 10 12 1 1 10 12 1 10 7 12 1 1 1 8 1 10 12 1 9 12 1 1 7 1 9 12 1 1 4 10 7 12 1 1 1 9 12 1 4 10 12 1 11 100 12 1 1 1 10 12 1 1 10 12 1 1 9 12 1 10 12 1 1 100 1 10 9 12 1 1 10 7 12 1 1 1 9 12 1 1 10 12 1 10 12 1 3 9 12 1 9 12 1 3 10 12 1 10 12 1 10 12 1 1 11 12 1 1 11 100 12 1 1 1 11 100 12 1 1 1 11 12 1 100 1 11 12 1 11 12 1 10 12 1 1 10 12 1 1 10 12 1 9 12 1 1 9 12 9 12 1 1 10 100 1 100 1 10 12 1 10 8 1 10 10 12 1 8 1 10 8 1 10 100 12 1 1 1 7 1 10 12 1 10 12 1 100 1 10 12 1 10 12 1 1 100 1 10 100 1 10 10 12 1 1 11 12 1 1 11 12 1 100 1 10 10 10 100 12 1 1 11 100 12 1 1 1 100 1 10 11 100 12 1 1 11 100 12 1 10 12 1 10 12 1 1 10 100 12 1 1 10 12 1 1 10 12 1 1 10 12 1 1 10 100 12 1 1 1 8 10 100 12 1 1 100 1 8 1 10 4 10 12 4 10 12 1 8 1 10 12 10 100 12 1 1 1 100 1 11 100 12 1 1 1 10 100 12 1 1 1 10 12 1 10 12 1 1 10 100 1 100 1 1 1 1 1 1 5 0 1 1 1 1 1 3 1 3 1 3 1 1 1 1 1 1 1 1 1 1 1 1 1 1 1 1 1 1 1 1 1 1 1 1 1 100 1 1 1 1 1 1 1 1 1 1 1 1 1 1 1 1 1 1 1 1 1 1 1 1 1 1 1 1 1 100 1 1 1 1 1 1 1 1 1 1 1 1 1 1 1 1 1 1 1 1 1 1 1 1 1 1 1 1 1 1 1 1 1 1 1 1 1 1 1 1 1 1 1 1 1 1 1 1 1 1 1 1 1 1 1 1 1 1 100 1 1 1 100 1 1 1 1 1 100 1 1 1 1 1 1 1 1 1 1 1 1 1 1 1 1 1 1
instanceKlass sun/net/www/http/ChunkedInputStream
instanceKlass sun/nio/ch/NioSocketImpl$1
instanceKlass java/net/Socket$SocketInputStream
instanceKlass sun/security/ssl/SSLSocketImpl$AppInputStream
instanceKlass sun/nio/ch/ChannelInputStream
instanceKlass mindustry/net/Streamable$IncrementalStream
instanceKlass java/util/zip/ZipFile$ZipFileInputStream
instanceKlass java/io/FilterInputStream
instanceKlass java/io/FileInputStream
instanceKlass java/io/ByteArrayInputStream
ciInstanceKlass java/io/InputStream 1 1 184 100 1 10 7 12 1 1 1 100 1 10 10 7 12 1 1 1 10 7 12 1 1 1 10 12 1 100 1 3 10 12 1 1 100 1 8 1 10 12 1 10 7 12 1 1 1 3 100 1 8 1 10 10 100 12 1 1 1 100 1 10 11 100 12 1 1 1 10 12 1 1 11 12 1 1 11 100 12 1 1 1 11 12 1 1 100 1 10 100 12 1 1 1 5 0 10 12 1 10 12 1 1 100 1 10 8 1 10 8 1 8 1 10 12 1 1 10 100 12 1 1 1 100 1 1 1 1 3 1 3 1 1 1 1 1 1 1 1 1 1 1 1 1 1 1 1 1 1 1 1 1 1 1 1 1 1 1 1 1 1 1 1 1 1 1 1 1 1 1 1 1 1 1 1 1 1 1 1 1 1 1 1 1
instanceKlass arc/util/io/ReusableByteInStream
ciInstanceKlass java/io/ByteArrayInputStream 1 1 96 10 7 12 1 1 1 9 7 12 1 1 1 9 12 1 1 9 12 1 9 12 1 10 100 12 1 1 1 10 7 12 1 1 1 10 7 12 1 1 1 10 100 12 1 1 1 10 12 1 1 10 100 12 1 1 1 1 1 1 1 1 1 1 1 1 1 1 1 1 1 1 1 1 1 1 1 1 1 1 1 100 1 1 1 1 1 1 1 1 1 1 1 1 1 1
instanceKlass mindustry/game/FogControl$DynamicFogThread
instanceKlass mindustry/game/FogControl$StaticFogThread
instanceKlass java/util/concurrent/ForkJoinWorkerThread
instanceKlass jdk/internal/misc/InnocuousThread
instanceKlass java/lang/ref/Finalizer$FinalizerThread
instanceKlass java/lang/ref/Reference$ReferenceHandler
ciInstanceKlass java/lang/Thread 1 1 612 9 7 12 1 1 1 9 12 1 1 10 12 1 1 9 12 1 1 9 12 1 1 100 1 8 1 10 12 1 1 3 8 1 100 1 5 0 10 12 1 1 10 7 12 1 1 9 12 1 1 9 12 1 9 12 1 1 9 12 1 100 1 8 1 10 9 12 1 1 10 7 12 1 1 1 10 100 12 1 1 1 10 10 7 12 1 1 10 12 1 1 10 12 1 1 9 100 12 1 1 1 10 12 1 1 10 12 1 9 12 1 1 10 12 1 1 10 12 1 1 9 12 1 10 12 1 1 9 12 1 1 10 7 12 1 1 1 9 12 1 1 9 12 1 1 10 12 1 1 10 7 12 1 1 1 9 12 1 10 12 1 1 9 12 1 100 1 10 7 1 10 8 1 10 12 1 1 10 12 1 10 12 1 10 12 1 1 10 12 1 10 12 1 9 12 1 100 1 10 10 12 1 1 10 12 1 10 12 1 100 1 11 7 12 1 1 9 7 12 1 1 1 10 12 1 10 12 1 10 12 9 12 1 1 10 9 12 1 10 12 1 100 1 10 10 12 1 1 9 12 1 10 12 1 11 100 12 1 1 10 12 1 9 12 1 10 12 1 10 12 1 10 10 12 1 10 12 1 10 12 1 10 12 1 10 12 1 1 100 1 10 10 12 1 10 12 1 10 12 1 9 100 12 1 1 1 10 12 1 1 10 12 1 100 1 8 1 10 10 12 1 10 12 8 1 10 12 1 8 1 10 8 1 8 1 10 100 12 1 1 10 100 12 1 1 1 100 1 8 1 10 9 12 1 9 12 1 1 10 12 1 1 10 10 12 1 1 9 12 1 10 12 1 1 100 1 10 12 11 100 12 1 1 1 9 100 12 1 1 1 9 12 1 1 10 12 1 1 100 1 10 12 1 11 100 12 1 1 1 100 1 10 12 1 10 12 1 1 11 12 1 10 12 1 100 1 10 12 1 10 12 1 1 10 7 12 1 1 1 8 1 9 12 1 10 12 1 1 11 100 12 1 1 1 10 100 12 1 1 1 11 12 1 10 12 1 7 1 1 1 1 3 1 3 1 3 1 1 1 1 1 1 1 1 1 1 1 1 1 1 1 1 1 1 1 100 1 1 1 1 1 1 1 1 1 1 1 1 100 1 100 1 1 1 1 1 1 1 1 1 1 1 1 1 1 1 1 1 1 1 1 1 1 1 1 1 1 1 1 1 1 1 1 1 1 1 1 1 1 1 1 1 1 1 100 100 1 1 1 1 1 1 1 1 1 100 1 1 1 1 1 1 1 1 1 1 1 1 1 1 1 1 1 1 1 1 1 1 1 1 1 1 1 1 100 1 1 1 1 1 1 100 1 1 100 1 1 1 1 1 1
staticfield java/lang/Thread EMPTY_STACK_TRACE [Ljava/lang/StackTraceElement; 0 [Ljava/lang/StackTraceElement;
ciInstanceKlass java/lang/Math 1 1 395 10 100 12 1 1 1 10 7 12 1 1 1 10 12 1 10 12 1 10 12 1 10 12 1 10 12 1 7 1 6 0 6 0 10 12 1 10 12 1 10 12 1 10 12 1 10 12 1 10 12 1 1 10 12 1 10 12 1 10 12 1 10 12 1 10 12 1 10 7 12 1 1 1 100 1 3 3 3 10 7 12 1 1 1 100 1 5 0 5 0 5 0 5 0 5 0 9 100 12 1 1 1 10 100 12 1 1 1 100 1 8 1 10 12 1 8 1 10 12 1 1 10 12 1 1 100 1 5 0 5 0 100 1 3 5 0 3 5 0 10 12 1 10 12 1 8 1 10 12 1 8 1 9 12 1 1 9 12 1 10 12 1 1 6 0 10 12 1 9 12 1 1 100 1 10 10 12 1 100 1 10 12 1 10 12 1 1 10 12 1 10 12 1 10 12 1 10 12 1 1 10 12 1 1 10 12 1 1 10 12 6 0 10 12 1 1 10 12 1 1 10 12 10 12 1 4 10 12 1 1 10 12 1 10 12 1 10 12 10 12 1 10 12 1 10 12 1 10 12 1 10 12 1 10 12 1 10 12 1 5 0 6 0 4 6 0 4 6 0 4 10 12 1 1 9 12 1 1 10 12 1 9 12 1 10 7 12 1 1 1 4 6 0 1 1 6 0 1 6 0 1 1 1 1 1 1 1 1 1 1 1 1 1 1 1 1 1 1 1 1 1 1 1 1 1 1 1 1 1 1 1 1 1 1 1 1 1 1 1 1 1 1 1 1 1 1 1 1 1 1 1 1 1 1 1 1 1 1 1 1 1 1 1 1 1 1 1 1 1 1 1 1 1 1 1 1 1 1 1 1 1 1 1 1 1 1 1 1 1 1 1 1 1 1
staticfield java/lang/Math negativeZeroFloatBits J -2147483648
staticfield java/lang/Math negativeZeroDoubleBits J -9223372036854775808
staticfield java/lang/Math $assertionsDisabled Z 1
ciInstanceKlass java/util/Arrays 1 1 988 10 7 12 1 1 1 10 7 12 1 1 1 10 7 12 1 1 1 10 12 1 10 12 1 10 12 1 10 12 1 10 12 1 10 12 1 10 100 12 1 1 1 100 1 100 1 10 8 1 10 12 1 1 10 12 1 8 1 8 1 10 12 1 1 10 12 1 100 1 10 12 1 9 100 12 1 1 1 10 7 12 1 1 100 1 10 12 1 1 10 7 12 1 1 10 7 12 1 1 1 100 1 10 12 1 10 12 1 1 7 1 9 7 12 1 1 1 10 12 1 1 10 7 12 1 1 10 12 1 10 12 1 1 10 12 1 10 12 1 1 7 1 11 12 1 1 10 12 1 10 7 12 1 1 1 10 12 10 12 1 10 12 1 10 12 10 12 1 11 100 12 1 1 1 10 7 12 1 1 1 100 1 10 12 1 10 100 1 10 12 1 10 100 1 10 12 1 10 100 1 10 12 1 10 10 12 1 1 10 12 1 10 12 1 10 12 1 10 12 1 10 12 1 10 100 12 1 1 1 10 12 1 10 100 12 1 1 1 10 12 1 10 12 1 10 7 12 1 1 1 10 12 1 10 12 1 10 12 1 10 12 1 10 12 1 10 12 1 10 12 1 10 12 1 10 12 1 10 12 1 10 12 1 10 12 1 10 12 1 10 12 1 10 12 1 10 12 1 1 10 12 1 1 10 7 12 1 1 1 10 12 1 8 1 7 1 10 12 10 12 1 10 12 1 1 10 12 1 1 9 100 12 1 1 1 100 1 10 12 1 9 100 1 100 1 10 12 1 9 100 1 100 1 10 12 1 9 100 1 100 1 10 12 1 9 100 1 100 1 10 12 1 9 100 1 100 1 10 12 1 9 100 1 10 12 1 100 1 10 12 1 10 12 1 9 12 1 100 1 10 10 12 1 1 10 12 1 10 12 1 10 12 1 10 12 1 10 12 1 10 12 1 10 12 1 10 12 1 10 12 1 8 1 8 1 10 12 1 10 12 1 8 1 10 12 1 10 12 1 10 12 1 10 100 12 1 1 1 3 10 100 1 10 10 12 1 1 11 100 12 1 1 10 12 1 1 10 12 1 10 12 1 10 12 1 10 12 1 10 12 1 10 12 1 10 12 1 10 12 1 11 12 1 8 1 10 11 12 1 11 100 12 1 1 1 11 100 12 1 1 1 11 12 1 1 18 12 1 1 11 12 1 1 11 100 12 1 1 1 18 12 1 11 100 12 1 1 1 18 12 1 11 100 12 1 1 1 18 12 1 100 1 10 7 12 1 1 1 10 12 1 10 12 1 10 12 1 10 12 1 10 12 1 10 12 1 10 12 1 10 12 1 1 10 12 1 10 7 12 1 1 10 12 1 10 12 1 10 12 1 1 10 12 1 10 12 1 10 12 1 1 10 12 1 10 12 1 10 12 1 1 10 12 1 10 12 1 10 12 1 10 12 1 10 12 10 12 1 10 12 10 12 10 12 1 10 12 10 12 1 10 12 1 10 12 1 1 1 1 3 1 3 1 1 1 1 1 1 1 1 1 1 1 1 1 1 1 1 1 1 1 1 1 1 1 1 1 1 1 1 1 1 1 1 1 1 1 1 1 1 1 1 1 1 1 1 1 1 1 1 1 1 1 1 1 1 1 1 1 1 1 1 1 1 1 1 1 1 1 1 1 1 1 1 1 1 1 1 1 1 1 1 1 1 1 1 1 1 1 1 1 1 1 1 1 1 1 1 1 1 1 1 1 1 1 1 1 1 1 1 1 1 1 1 1 1 1 1 1 1 1 1 1 1 1 1 1 1 1 1 1 1 1 1 1 1 1 1 1 1 1 1 1 1 1 1 1 1 1 1 1 1 1 1 1 1 1 1 1 1 1 1 1 1 1 1 1 1 1 1 1 1 1 1 1 1 1 1 1 1 1 1 1 1 1 1 1 1 1 1 1 1 1 1 1 1 1 1 1 1 1 1 1 1 1 1 1 1 1 1 1 1 1 1 1 1 1 1 1 1 1 1 1 1 1 1 1 1 1 1 1 1 1 1 1 1 1 1 1 1 1 1 1 1 1 1 1 1 1 1 1 1 1 1 1 1 1 1 1 1 1 1 1 100 1 1 15 10 100 12 1 1 1 16 15 10 12 15 10 12 15 10 12 15 10 12 1 1 100 1 100 1 1 1 1 100 1 1 1 1 1 1 100 1 1 100 1 1 100 1 1 1 100 1 100 1 1
staticfield java/util/Arrays $assertionsDisabled Z 1
instanceKlass java/lang/Exception
instanceKlass java/lang/Error
ciInstanceKlass java/lang/Throwable 1 1 393 10 7 12 1 1 1 9 7 12 1 1 1 9 12 1 1 9 12 1 9 12 1 1 9 12 1 10 12 1 1 9 12 1 1 10 12 1 1 10 12 1 100 1 7 1 10 8 1 10 12 1 1 8 1 10 100 12 1 1 10 10 12 1 100 1 8 1 10 10 12 1 1 10 7 12 1 1 10 12 1 8 1 9 100 12 1 1 1 10 12 1 1 100 1 10 12 10 12 1 7 1 10 10 7 12 1 1 1 11 7 12 1 1 1 10 7 12 1 1 1 10 12 1 1 10 12 1 1 8 1 10 12 1 10 12 1 1 8 1 8 1 10 12 1 1 10 12 1 8 1 8 1 9 12 1 1 10 100 12 1 1 100 1 10 11 12 1 8 1 8 1 10 7 12 1 1 8 1 10 12 1 8 1 7 1 10 12 1 9 12 1 1 10 12 1 10 100 12 1 9 12 1 1 10 12 1 1 100 1 8 1 10 12 1 10 100 12 1 1 10 12 1 1 100 1 10 100 12 1 1 1 10 12 1 11 100 12 1 1 1 11 100 12 1 1 1 11 12 1 8 1 10 12 1 1 8 1 10 10 9 100 12 1 1 1 8 1 10 12 1 1 10 100 1 8 1 10 11 12 1 1 8 1 9 12 1 10 100 12 1 1 11 9 12 1 1 11 12 1 1 100 10 12 1 10 12 1 1 100 1 1 1 1 5 0 1 1 1 1 1 1 1 1 1 1 1 1 1 100 1 1 1 1 1 1 1 1 1 1 1 1 1 1 1 1 1 1 1 1 1 1 1 1 1 1 1 1 1 1 1 1 1 1 1 1 1 1 1 1 1 1 100 1 100 1 1 1 1 1 1 1 1 1 1 1 1 1 1 1 1 1 1
staticfield java/lang/Throwable UNASSIGNED_STACK [Ljava/lang/StackTraceElement; 0 [Ljava/lang/StackTraceElement;
staticfield java/lang/Throwable SUPPRESSED_SENTINEL Ljava/util/List; java/util/Collections$EmptyList
staticfield java/lang/Throwable EMPTY_THROWABLE_ARRAY [Ljava/lang/Throwable; 0 [Ljava/lang/Throwable;
staticfield java/lang/Throwable $assertionsDisabled Z 1
instanceKlass sun/security/ec/ECOperations$IntermediateValueException
instanceKlass sun/nio/fs/WindowsException
instanceKlass java/util/zip/DataFormatException
instanceKlass rhino/json/JsonParser$ParseException
instanceKlass java/lang/CloneNotSupportedException
instanceKlass sun/security/pkcs11/wrapper/PKCS11Exception
instanceKlass java/net/URISyntaxException
instanceKlass java/util/concurrent/ExecutionException
instanceKlass java/lang/InterruptedException
instanceKlass java/security/GeneralSecurityException
instanceKlass java/security/PrivilegedActionException
instanceKlass java/io/IOException
instanceKlass java/lang/ReflectiveOperationException
instanceKlass java/lang/RuntimeException
ciInstanceKlass java/lang/Exception 1 1 40 10 7 12 1 1 1 10 12 1 10 12 1 10 12 1 10 12 1 100 1 1 1 1 5 0 1 1 1 1 1 1 1 1 1 1 1 1 1 1
instanceKlass java/lang/reflect/InvocationTargetException
instanceKlass java/lang/InstantiationException
instanceKlass java/lang/IllegalAccessException
instanceKlass java/lang/NoSuchFieldException
instanceKlass java/lang/NoSuchMethodException
instanceKlass java/lang/ClassNotFoundException
ciInstanceKlass java/lang/ReflectiveOperationException 1 1 34 10 7 12 1 1 1 10 12 1 10 12 1 10 12 1 100 1 1 1 1 5 0 1 1 1 1 1 1 1 1 1 1 1
instanceKlass rhino/Parser$ParserException
instanceKlass rhino/NativeGenerator$GeneratorClosedException
instanceKlass java/lang/reflect/UndeclaredThrowableException
instanceKlass rhino/ContinuationPending
instanceKlass rhino/classfile/ClassFileWriter$ClassFileFormatException
instanceKlass rhino/RhinoException
instanceKlass arc/util/serialization/Jval$JsonParseException
instanceKlass mindustry/maps/MapException
instanceKlass mindustry/io/SaveIO$SaveException
instanceKlass mindustry/mod/Mods$ModLoadException
instanceKlass java/security/ProviderException
instanceKlass arc/net/ArcNetException
instanceKlass net/jpountz/lz4/LZ4Exception
instanceKlass java/nio/BufferUnderflowException
instanceKlass java/nio/BufferOverflowException
instanceKlass mindustry/net/ValidateException
instanceKlass java/lang/SecurityException
instanceKlass arc/util/serialization/SerializationException
instanceKlass java/lang/UnsupportedOperationException
instanceKlass java/util/NoSuchElementException
instanceKlass arc/backend/sdl/SdlApplication$SdlError
instanceKlass java/util/MissingResourceException
instanceKlass java/lang/IndexOutOfBoundsException
instanceKlass java/lang/IllegalStateException
instanceKlass arc/util/ArcRuntimeException
instanceKlass arc/discord/DiscordRPC$NoDiscordClientException
instanceKlass java/lang/IllegalArgumentException
instanceKlass java/lang/ArithmeticException
instanceKlass java/lang/NullPointerException
instanceKlass java/lang/IllegalMonitorStateException
instanceKlass java/lang/ArrayStoreException
instanceKlass java/lang/ClassCastException
ciInstanceKlass java/lang/RuntimeException 1 1 40 10 7 12 1 1 1 10 12 1 10 12 1 10 12 1 10 12 1 100 1 1 1 1 5 0 1 1 1 1 1 1 1 1 1 1 1 1 1 1
instanceKlass java/lang/AssertionError
instanceKlass java/lang/VirtualMachineError
instanceKlass java/lang/LinkageError
instanceKlass java/lang/ThreadDeath
ciInstanceKlass java/lang/Error 1 1 40 10 7 12 1 1 1 10 12 1 10 12 1 10 12 1 10 12 1 100 1 1 1 1 5 0 1 1 1 1 1 1 1 1 1 1 1 1 1 1
instanceKlass java/lang/StackOverflowError
instanceKlass java/lang/OutOfMemoryError
instanceKlass java/lang/InternalError
ciInstanceKlass java/lang/VirtualMachineError 1 1 34 10 100 12 1 1 1 10 12 1 10 12 1 10 12 1 100 1 1 1 1 5 0 1 1 1 1 1 1 1 1 1 1 1
ciInstanceKlass java/lang/StackOverflowError 1 1 26 10 100 12 1 1 1 10 12 1 100 1 1 1 1 5 0 1 1 1 1 1 1 1 1 1
instanceKlass java/lang/ExceptionInInitializerError
instanceKlass java/lang/UnsatisfiedLinkError
instanceKlass java/lang/IncompatibleClassChangeError
instanceKlass java/lang/BootstrapMethodError
instanceKlass java/lang/NoClassDefFoundError
ciInstanceKlass java/lang/LinkageError 1 1 31 10 7 12 1 1 1 10 12 1 10 12 1 100 1 1 1 1 5 0 1 1 1 1 1 1 1 1 1 1 1
ciInstanceKlass java/lang/ArrayStoreException 1 1 26 10 100 12 1 1 1 10 12 1 100 1 1 1 1 5 0 1 1 1 1 1 1 1 1 1
ciInstanceKlass java/lang/ThreadDeath 0 0 21 10 100 12 1 1 1 100 1 1 1 1 5 0 1 1 1 1 1 1 1
ciInstanceKlass java/lang/StackTraceElement 1 1 224 10 7 12 1 1 1 10 7 12 1 1 9 12 1 1 9 12 1 1 9 12 1 9 12 1 8 1 10 100 12 1 1 1 7 1 9 12 1 8 1 9 12 1 9 12 1 9 12 1 1 8 1 10 12 1 1 10 12 1 7 1 10 10 12 1 1 8 1 10 12 1 1 10 12 1 8 1 8 1 8 1 10 12 1 8 1 8 1 10 12 1 8 1 8 1 10 12 1 1 10 12 1 10 12 1 1 10 12 1 9 12 1 1 10 7 12 1 1 1 10 12 1 1 7 1 10 12 1 1 10 7 12 1 1 10 7 12 1 1 1 10 7 12 1 1 10 100 12 1 1 10 10 12 1 1 10 12 1 10 12 1 1 100 1 1 1 1 1 3 1 3 1 1 5 0 1 1 1 1 1 1 1 1 1 1 1 1 1 1 1 1 1 1 1 1 1 1 1 1 1 1 100 1 100 1 1 1 1 1 1 1 1 1 1 100 1 1 1 1 1 1 1 1
instanceKlass java/util/TreeMap$Values
instanceKlass java/util/LinkedHashMap$LinkedValues
instanceKlass java/util/HashMap$Values
instanceKlass java/util/AbstractQueue
instanceKlass java/util/ArrayDeque
instanceKlass java/util/AbstractSet
instanceKlass java/util/ImmutableCollections$AbstractImmutableCollection
instanceKlass java/util/AbstractList
ciInstanceKlass java/util/AbstractCollection 1 1 160 10 7 12 1 1 1 10 7 12 1 1 1 10 12 1 1 11 7 12 1 1 1 11 12 1 1 10 12 1 1 10 100 12 1 1 1 10 12 1 1 10 12 1 1 10 7 12 1 1 10 7 12 1 1 1 7 1 10 100 12 1 1 1 10 100 12 1 1 1 100 1 10 11 12 1 11 7 1 10 12 1 10 12 1 10 100 12 1 1 1 11 8 1 100 1 10 10 12 1 1 8 1 10 12 1 10 12 1 1 1 1 1 1 1 1 1 1 1 1 1 1 1 1 1 1 1 1 1 1 1 1 1 1 1 1 1 1 1 1 1 1 1 1 1 1 1 1 1 1 1 1 1 1 1 1 1 1 1 1
ciInstanceKlass java/lang/Boolean 1 1 151 10 7 12 1 1 1 9 7 12 1 1 1 10 12 1 1 10 12 1 8 1 10 7 12 1 1 9 12 1 1 9 12 1 8 1 10 12 1 1 10 12 1 1 10 7 12 1 1 1 100 1 100 1 10 12 1 1 9 100 12 1 1 9 12 10 100 12 1 1 1 10 12 1 1 8 1 10 7 12 1 1 1 9 12 1 1 100 1 100 1 100 1 1 1 1 1 1 5 0 1 1 1 1 1 1 1 1 1 1 3 1 1 1 1 1 1 1 1 1 1 1 1 1 1 1 1 1 1 1 1 100 1 1 1 1 1 1 1 1 1 1 100 1 1 1 1 1 1 1 1
staticfield java/lang/Boolean TRUE Ljava/lang/Boolean; java/lang/Boolean
staticfield java/lang/Boolean FALSE Ljava/lang/Boolean; java/lang/Boolean
staticfield java/lang/Boolean TYPE Ljava/lang/Class; java/lang/Class
instanceKlass java/util/concurrent/locks/AbstractQueuedSynchronizer
ciInstanceKlass java/util/concurrent/locks/AbstractOwnableSynchronizer 1 1 32 10 7 12 1 1 1 9 7 12 1 1 1 100 1 1 1 1 5 0 1 1 1 1 1 1 1 1 1 1 1 1
instanceKlass java/lang/LiveStackFrameInfo
ciInstanceKlass java/lang/StackFrameInfo 0 0 132 10 100 12 1 1 1 9 100 12 1 1 1 9 100 1 9 12 1 1 11 100 12 1 1 1 9 12 1 1 11 12 1 1 10 12 1 1 10 100 12 1 1 1 10 12 1 11 12 1 11 12 1 1 11 12 1 10 12 1 1 9 12 1 1 10 12 1 1 10 100 12 1 1 10 12 1 1 11 12 1 1 10 12 1 9 12 1 1 10 12 1 1 100 1 8 1 10 12 1 10 100 12 1 1 1 100 1 1 1 1 1 1 1 1 1 1 1 1 1 1 1 1 1 1 100 1 1 1 1 1 1
ciInstanceKlass java/lang/LiveStackFrameInfo 0 0 97 10 100 12 1 1 1 9 100 12 1 1 1 9 12 1 9 12 1 9 12 1 9 12 1 1 100 1 10 12 1 1 10 12 1 8 1 10 12 1 1 8 1 8 1 8 1 10 100 1 10 12 1 100 1 10 12 1 100 1 100 1 1 1 3 1 3 1 1 1 1 1 1 1 1 1 1 1 1 1 1 1 1 1 1 1 1 1 1 1 1 1 1 1 100 1 1
ciInstanceKlass java/lang/Character 1 1 576 7 1 100 1 100 1 9 12 1 1 8 1 9 12 1 1 100 1 9 12 1 1 10 100 12 1 1 1 10 100 12 1 1 1 10 100 12 1 1 1 10 7 12 1 1 1 9 100 12 1 1 1 10 12 1 10 12 1 1 10 12 1 1 10 7 12 1 1 10 12 1 1 3 3 3 3 3 10 12 1 1 10 12 1 3 11 7 12 1 1 1 11 12 1 1 10 12 1 1 10 12 1 1 100 1 10 10 12 1 3 10 12 1 1 10 12 1 10 12 1 1 100 1 8 1 10 12 1 1 10 12 1 10 12 1 10 12 1 10 12 1 10 12 1 1 10 12 1 10 7 12 1 1 10 10 12 1 10 10 12 1 10 12 1 1 10 12 1 10 10 12 1 10 12 1 10 12 1 10 12 1 10 12 1 10 12 1 10 12 1 10 12 10 10 12 10 10 12 1 10 10 12 1 10 10 12 1 10 10 12 1 10 10 12 1 10 10 12 1 10 10 12 1 1 10 10 12 1 10 5 0 10 12 1 10 12 1 10 10 12 1 10 10 12 1 1 10 10 12 1 10 10 12 1 9 12 1 1 100 1 10 10 12 1 10 12 1 1 3 10 100 12 1 1 1 10 12 1 10 100 12 1 1 100 1 10 10 12 1 1 10 12 1 1 10 12 1 1 8 1 10 12 1 9 100 12 1 1 1 10 12 1 10 10 12 1 10 12 1 1 10 12 1 10 10 12 1 1 10 10 12 1 1 100 1 8 1 10 12 1 1 10 7 12 1 1 1 8 1 10 12 1 1 9 12 1 1 100 1 100 1 100 1 1 1 1 3 1 3 1 3 1 3 1 1 1 1 1 3 1 1 3 1 3 1 3 1 3 1 3 1 3 1 3 1 3 1 3 1 3 1 3 1 3 1 3 1 3 1 3 1 3 1 3 1 3 1 3 1 3 1 3 1 3 1 3 1 3 1 3 1 3 1 3 1 3 1 1 1 1 1 1 1 1 1 1 1 1 1 1 1 1 1 1 1 3 1 1 1 1 1 1 1 3 1 1 3 1 1 1 1 1 3 1 1 5 0 1 1 1 1 1 1 1 1 1 1 1 1 1 1 1 1 1 1 1 1 1 1 1 1 1 1 1 1 1 1 1 1 1 1 1 1 1 1 1 1 1 1 1 1 1 1 1 1 1 1 1 1 1 1 1 1 1 1 1 1 1 1 1 1 1 1 1 1 1 1 1 1 1 1 1 1 1 1 1 1 1 1 1 1 1 1 1 1 1 100 1 100 1 1 1 1 1 1
staticfield java/lang/Character TYPE Ljava/lang/Class; java/lang/Class
staticfield java/lang/Character $assertionsDisabled Z 1
ciInstanceKlass java/lang/Float 1 1 223 7 1 100 1 10 7 12 1 1 1 10 100 12 1 1 1 4 100 1 10 12 1 1 10 12 1 1 8 1 8 1 10 100 12 1 1 1 10 12 1 1 10 12 1 1 10 4 4 4 10 7 12 1 1 9 12 1 1 10 12 1 1 10 12 1 10 12 1 10 12 1 1 10 12 1 10 12 1 3 10 12 1 1 10 12 1 1 10 12 1 10 100 12 1 1 1 10 12 1 1 10 12 1 1 8 1 10 7 12 1 1 1 9 12 1 1 100 1 100 1 100 1 1 1 1 1 4 1 1 1 4 1 1 3 1 3 1 3 1 3 1 1 1 1 5 0 1 1 1 1 1 1 1 1 1 1 7 1 1 1 1 1 1 1 1 1 1 1 1 1 3 1 1 1 1 1 1 1 1 1 1 1 1 1 1 1 1 1 1 1 1 1 1 1 1 1 1 1 1 1 1 1 1 1 1 1 1 1 1 7 1 1 1 1 1 1 1 100 1 100 1 1
staticfield java/lang/Float TYPE Ljava/lang/Class; java/lang/Class
instanceKlass java/math/BigDecimal
instanceKlass java/math/BigInteger
instanceKlass java/util/concurrent/atomic/Striped64
instanceKlass java/util/concurrent/atomic/AtomicLong
instanceKlass java/util/concurrent/atomic/AtomicInteger
instanceKlass java/lang/Long
instanceKlass java/lang/Integer
instanceKlass java/lang/Short
instanceKlass java/lang/Byte
instanceKlass java/lang/Double
instanceKlass java/lang/Float
ciInstanceKlass java/lang/Number 1 1 37 10 7 12 1 1 1 10 100 12 1 1 1 100 1 1 1 1 5 0 1 1 1 1 1 1 1 1 1 1 1 1 1 1 1 1 1
ciMethod java/lang/Float floatToRawIntBits (F)I 3896 0 1948 0 -1
ciMethod java/lang/Float intBitsToFloat (I)F 102180 0 51090 0 -1
ciInstanceKlass java/lang/Double 1 1 285 7 1 100 1 10 7 12 1 1 1 10 12 1 1 10 12 1 100 1 10 12 1 1 10 100 12 1 1 1 6 0 8 1 10 12 1 1 8 1 10 12 1 1 8 1 6 0 10 12 1 1 100 1 5 0 5 0 8 1 8 1 10 100 12 1 1 1 10 100 12 1 1 1 8 1 10 12 1 1 8 1 8 1 8 1 10 12 1 1 10 12 1 10 12 1 1 10 12 1 10 12 1 10 12 1 1 10 12 1 10 6 0 6 0 6 0 10 7 12 1 1 9 12 1 1 10 12 1 10 12 1 10 12 1 10 12 1 5 0 10 12 1 1 10 12 1 10 12 1 10 100 12 1 1 1 10 12 1 1 10 12 1 1 8 1 10 7 12 1 1 1 9 12 1 1 100 1 100 1 100 1 1 1 1 1 6 0 1 1 1 6 0 1 1 3 1 3 1 3 1 3 1 1 1 1 5 0 1 1 1 1 1 1 1 1 1 1 1 1 1 1 1 1 100 1 1 1 1 1 1 1 1 1 1 1 1 3 1 1 1 1 1 1 1 1 1 1 1 1 1 1 1 1 1 1 1 1 1 1 1 1 1 1 1 1 1 1 1 1 1 1 100 1 1 1 1 1 1 1 100 1 100 1 1
staticfield java/lang/Double TYPE Ljava/lang/Class; java/lang/Class
ciInstanceKlass java/lang/Byte 1 1 215 7 1 100 1 10 100 12 1 1 1 9 12 1 1 8 1 9 12 1 1 100 1 10 12 1 1 10 12 1 1 10 100 12 1 1 1 10 100 12 1 1 1 9 7 12 1 1 1 10 12 1 1 100 1 100 1 10 12 1 1 8 1 10 12 1 1 8 1 10 12 1 10 12 1 10 12 1 10 12 1 1 10 12 1 10 12 1 10 12 1 1 10 8 1 8 1 10 7 1 9 12 1 1 10 12 1 10 12 1 1 10 12 1 1 10 12 1 1 10 12 1 5 0 10 12 1 1 8 1 10 7 12 1 1 1 9 12 1 1 100 1 100 1 1 1 3 1 3 1 1 1 1 3 1 3 1 1 5 0 1 1 1 1 1 1 1 1 1 1 1 1 1 1 1 1 1 1 1 1 1 1 1 1 1 1 1 1 1 1 1 1 1 1 1 1 1 1 1 1 1 1 1 1 1 1 1 1 1 1 1 1 1 1 1
staticfield java/lang/Byte TYPE Ljava/lang/Class; java/lang/Class
ciInstanceKlass java/lang/Short 1 1 224 7 1 100 1 100 1 10 100 12 1 1 1 10 12 1 1 100 1 100 1 10 12 1 1 8 1 10 12 1 1 8 1 10 12 1 10 12 1 10 12 1 10 12 1 1 10 12 1 1 10 12 1 9 12 1 1 8 1 9 12 1 1 100 1 10 12 1 1 10 12 1 10 100 12 1 1 1 10 100 12 1 1 1 9 7 12 1 1 1 10 12 1 10 12 1 1 10 8 1 8 1 10 7 1 9 12 1 1 10 12 1 10 12 1 1 10 12 1 1 10 12 1 1 10 12 1 3 3 5 0 10 12 1 1 8 1 10 7 12 1 1 1 9 12 1 1 100 1 100 1 1 1 3 1 3 1 1 1 1 3 1 3 1 1 5 0 1 1 1 1 1 1 1 1 1 1 1 1 1 1 1 1 1 1 1 1 1 1 1 1 1 1 1 3 1 1 1 1 1 1 1 1 1 1 1 1 1 1 1 1 1 1 1 1 1 1 1 1 1 1 1 1 1
staticfield java/lang/Short TYPE Ljava/lang/Class; java/lang/Class
ciInstanceKlass java/lang/Integer 1 1 445 7 1 100 1 7 1 7 1 10 12 1 1 9 12 1 1 9 12 1 1 10 100 12 1 1 1 10 12 1 1 10 100 12 1 1 1 10 10 12 1 1 10 100 12 1 1 1 10 12 1 10 12 1 1 10 7 12 1 1 1 10 12 1 1 10 12 1 1 10 12 1 10 12 1 10 12 1 1 10 10 12 1 9 12 1 1 9 12 1 100 1 8 1 10 12 1 100 1 10 12 1 8 1 10 12 1 1 10 12 1 8 1 10 12 1 8 1 10 12 1 1 3 10 12 1 1 3 10 12 1 1 10 12 1 1 10 7 12 1 1 1 11 7 1 100 1 10 11 10 12 1 1 8 1 10 12 1 1 8 1 100 1 10 12 1 1 10 12 1 1 5 0 8 1 10 12 1 10 12 1 10 12 1 10 12 1 1 7 1 9 12 1 1 9 12 1 1 10 12 1 10 7 1 9 12 1 10 12 1 10 12 1 10 12 1 1 10 7 12 1 1 1 100 1 100 1 10 12 1 1 10 12 1 1 8 1 8 1 10 12 1 1 8 1 8 1 8 1 8 1 8 1 8 1 10 12 1 10 12 1 10 12 1 5 0 3 3 3 3 10 12 1 3 10 12 1 10 100 12 1 1 1 10 12 1 1 10 12 1 1 8 1 10 7 12 1 1 1 9 12 1 1 3 3 3 3 3 3 9 12 1 1 100 1 100 1 100 1 1 1 1 1 1 1 3 1 3 1 1 5 0 1 1 1 1 1 1 1 1 1 100 1 1 1 1 1 1 1 1 1 1 1 1 1 1 1 1 1 1 1 1 1 1 1 1 1 1 1 1 1 1 1 1 1 1 1 1 1 1 1 3 1 1 1 1 1 1 1 1 1 1 1 1 1 1 1 1 100 1 1 1 1 1 1 1 1 1 1 1 1 1 1 1 1 1 1 1 1 1 1 1 1 1 1 1 1 1 1 1 100 1 1 1 1 1 1 1 1 1 100 1 100 1 1
staticfield java/lang/Integer TYPE Ljava/lang/Class; java/lang/Class
staticfield java/lang/Integer digits [C 36
staticfield java/lang/Integer DigitTens [B 100
staticfield java/lang/Integer DigitOnes [B 100
staticfield java/lang/Integer sizeTable [I 10
ciInstanceKlass java/lang/Long 1 1 506 7 1 100 1 7 1 7 1 10 12 1 1 9 12 1 1 9 7 12 1 1 1 10 7 12 1 1 1 10 12 1 1 10 100 12 1 1 1 10 10 12 10 12 1 10 12 1 10 12 1 5 0 5 0 100 1 10 12 1 1 10 12 1 1 10 12 1 10 12 1 10 12 1 10 12 1 1 10 100 12 1 1 10 12 1 10 12 1 1 10 12 1 1 10 12 1 1 10 12 1 1 10 100 12 1 1 1 10 12 1 1 10 12 1 10 12 1 10 12 1 10 12 1 1 10 10 12 1 5 0 5 0 9 12 1 1 9 12 1 5 0 7 1 8 1 10 12 1 8 1 10 12 1 8 1 8 1 10 12 1 1 5 0 10 12 1 1 5 0 10 12 1 1 10 12 1 1 10 100 12 1 1 1 11 100 1 100 1 10 11 10 12 1 1 8 1 10 12 1 1 8 1 100 1 10 12 1 1 10 12 1 8 1 8 1 11 12 1 1 10 12 1 10 12 1 10 12 1 5 0 5 0 9 7 12 1 1 1 10 12 1 10 12 1 1 8 1 8 1 10 12 1 1 8 1 8 1 8 1 8 1 8 1 8 1 10 12 1 10 12 1 10 12 1 1 10 7 1 9 12 1 1 10 12 1 10 12 1 1 10 100 12 1 1 1 100 1 100 1 10 12 1 1 10 12 1 1 5 0 10 12 1 10 12 1 5 0 5 0 5 0 10 12 1 1 5 0 5 0 10 12 1 10 12 1 10 100 12 1 1 1 10 12 1 1 10 12 1 1 8 1 10 7 12 1 1 1 9 12 1 1 100 1 100 1 100 1 1 1 1 5 0 1 1 1 1 3 1 3 1 5 0 1 1 1 1 1 1 1 1 1 100 1 1 1 1 1 1 1 1 1 1 1 1 1 1 1 1 1 1 1 1 1 1 1 1 1 1 1 1 1 1 1 1 1 1 1 1 1 1 1 1 1 1 1 1 1 1 1 1 1 1 1 1 1 1 3 1 1 1 1 1 1 1 1 1 1 1 1 1 1 1 100 1 1 1 1 1 1 1 1 1 1 1 1 1 1 1 1 1 1 1 1 1 1 1 1 1 1 1 100 1 1 1 1 1 1 1 1 1 100 1 100 1 1
staticfield java/lang/Long TYPE Ljava/lang/Class; java/lang/Class
instanceKlass java/lang/ref/PhantomReference
instanceKlass java/lang/ref/FinalReference
instanceKlass java/lang/ref/WeakReference
instanceKlass java/lang/ref/SoftReference
ciInstanceKlass java/lang/ref/Reference 1 1 195 9 7 12 1 1 1 9 7 12 1 1 10 12 1 1 10 12 1 1 9 12 1 1 10 12 1 1 9 12 1 1 9 12 1 1 7 1 10 12 1 10 7 12 1 1 10 12 1 10 12 1 1 10 12 1 9 12 1 10 12 1 1 10 12 1 10 12 1 9 12 1 100 1 100 1 10 12 1 9 12 1 9 12 1 100 1 10 10 12 1 10 10 7 12 1 1 10 7 12 1 1 1 10 12 1 1 10 7 12 1 1 7 1 8 1 10 12 1 10 12 1 1 10 12 1 1 10 12 1 7 1 10 10 7 12 1 1 1 1 1 1 1 1 1 1 1 1 1 1 1 1 1 1 1 100 1 1 1 100 1 1 1 1 1 1 1 1 1 1 1 1 1 1 1 1 1 1 1 1 1 1 1 1 1 1 1 1 1 1 1 1 1 1 1
staticfield java/lang/ref/Reference processPendingLock Ljava/lang/Object; java/lang/Object
staticfield java/lang/ref/Reference $assertionsDisabled Z 1
instanceKlass sun/security/util/MemoryCache$SoftCacheEntry
instanceKlass rhino/module/provider/SoftCachingModuleScriptProvider$ScriptReference
instanceKlass sun/util/locale/provider/LocaleResources$ResourceReference
instanceKlass sun/util/resources/Bundles$BundleReference
instanceKlass java/lang/invoke/LambdaFormEditor$Transform
instanceKlass sun/util/locale/LocaleObjectCache$CacheEntry
ciInstanceKlass java/lang/ref/SoftReference 1 1 47 10 7 12 1 1 1 9 7 12 1 1 1 9 12 1 10 12 1 10 12 1 1 1 1 1 1 1 1 1 1 1 1 1 1 1 1 1 1 1 1 100 1 1 1 1 1
instanceKlass java/lang/WeakPairMap$WeakRefPeer
instanceKlass java/lang/ClassValue$Entry
instanceKlass java/lang/invoke/MethodType$ConcurrentWeakInternSet$WeakEntry
instanceKlass java/lang/ThreadLocal$ThreadLocalMap$Entry
instanceKlass java/util/WeakHashMap$Entry
ciInstanceKlass java/lang/ref/WeakReference 1 1 31 10 7 12 1 1 1 10 12 1 100 1 1 1 1 1 1 1 1 1 1 1 1 1 1 1 1 1 1 1 1
instanceKlass java/lang/ref/Finalizer
ciInstanceKlass java/lang/ref/FinalReference 1 1 47 10 7 12 1 1 1 10 7 12 1 1 1 10 12 1 1 100 1 8 1 10 12 1 1 1 1 1 1 1 1 1 1 1 1 1 1 1 1 1 1 1 1 1 1 1 1
ciInstanceKlass java/lang/ref/Finalizer 1 1 152 9 7 12 1 1 1 10 7 12 1 1 1 9 12 1 1 9 12 1 1 9 12 1 9 12 1 10 12 1 10 12 1 1 9 12 1 1 100 1 10 12 1 7 1 11 7 12 1 1 100 1 10 12 1 100 1 10 12 1 10 100 12 1 1 1 10 100 12 1 1 1 100 1 10 10 12 1 10 7 12 1 1 1 7 1 10 7 1 10 10 7 12 1 1 1 10 12 1 1 10 7 12 1 1 7 1 10 12 1 10 12 1 1 10 12 1 1 10 12 1 1 1 1 1 1 1 1 1 1 1 1 1 1 1 1 1 1 1 1 1 1 1 1 1 1 1 1 1 1 1 1
staticfield java/lang/ref/Finalizer lock Ljava/lang/Object; java/lang/Object
staticfield java/lang/ref/Finalizer $assertionsDisabled Z 1
instanceKlass jdk/internal/ref/PhantomCleanable
instanceKlass jdk/internal/ref/Cleaner
ciInstanceKlass java/lang/ref/PhantomReference 1 1 39 10 100 12 1 1 1 10 7 12 1 1 1 1 1 1 1 1 1 1 1 1 1 1 1 1 1 1 1 1 1 1 1 1 1 1 1 1 1
instanceKlass java/lang/reflect/Executable
instanceKlass java/lang/reflect/Field
ciInstanceKlass java/lang/reflect/AccessibleObject 1 1 398 10 7 12 1 1 1 9 100 12 1 1 1 10 100 12 1 1 1 10 7 12 1 1 10 7 12 1 1 1 10 100 12 1 1 1 10 12 1 1 10 12 1 1 9 12 1 1 100 1 10 7 12 1 1 1 11 12 1 100 1 10 12 1 7 1 100 1 10 12 1 10 12 1 1 7 1 10 100 12 1 1 1 10 12 1 1 100 1 10 12 1 1 100 1 10 10 10 7 12 1 1 1 10 12 1 1 10 12 1 10 12 1 10 12 1 1 10 12 1 8 1 100 1 10 10 12 1 1 8 1 10 12 1 10 12 1 8 1 8 1 8 1 8 1 8 1 8 1 100 1 10 12 1 10 12 1 9 12 1 1 10 12 1 1 10 12 1 10 11 100 1 100 1 8 1 10 10 12 1 10 12 1 1 8 1 10 12 1 8 1 10 12 1 1 10 100 1 8 1 10 11 7 12 1 1 10 12 1 1 10 12 1 1 10 12 1 1 9 12 1 1 100 1 10 12 1 7 1 10 12 1 10 12 1 1 10 100 1 10 12 1 10 12 10 12 1 10 12 1 1 10 12 1 10 12 1 1 10 12 1 9 12 1 10 100 12 1 1 8 1 10 100 12 1 1 1 8 1 10 100 12 1 1 1 9 12 1 100 1 10 7 1 10 10 7 12 1 1 1 7 1 10 10 7 12 1 1 1 7 1 9 12 1 1 1 1 1 1 1 1 1 1 1 1 1 1 1 1 1 1 1 1 1 1 1 1 1 1 1 1 1 1 1 1 1 1 1 1 1 1 1 1 1 1 1 1 1 1 1 1 1 1 1 1 1 1 1 1 1 1 1 1 1 1 1 1 1 1 1 1 1 1 1 1 1 1 1 1 1 1 1 1 1 1 1 1 1
staticfield java/lang/reflect/AccessibleObject reflectionFactory Ljdk/internal/reflect/ReflectionFactory; jdk/internal/reflect/ReflectionFactory
instanceKlass java/lang/reflect/Constructor
instanceKlass java/lang/reflect/Method
ciInstanceKlass java/lang/reflect/Executable 1 1 548 10 7 12 1 1 1 10 7 12 1 1 1 10 7 12 1 1 1 11 7 12 1 1 1 10 7 12 1 1 1 10 12 1 1 10 7 12 1 1 1 10 100 12 1 1 1 10 12 1 8 1 10 10 12 1 1 10 12 1 1 10 100 12 1 1 1 18 12 1 1 11 100 12 1 1 1 8 1 8 1 8 1 10 100 12 1 1 1 11 12 1 1 100 1 8 1 8 1 10 12 1 100 1 8 1 10 12 1 8 1 11 100 12 1 1 1 100 1 10 12 1 1 11 12 1 8 1 18 8 1 10 12 1 10 12 1 1 18 8 1 10 12 1 100 1 10 12 1 10 12 1 11 100 12 1 1 10 12 1 1 8 1 8 1 10 12 1 1 10 12 1 1 10 10 12 1 100 1 10 10 12 1 10 12 1 1 10 100 12 1 1 10 12 1 10 12 1 10 12 1 1 10 100 12 1 1 10 12 1 10 12 1 10 100 12 1 1 1 10 12 1 8 1 10 12 1 10 12 1 3 100 1 8 1 10 12 1 10 12 1 10 10 12 1 10 12 1 1 8 1 8 1 8 1 9 12 1 10 12 1 100 1 8 1 9 12 1 10 12 1 10 12 1 1 10 12 1 1 10 12 1 10 12 10 12 1 100 1 10 12 1 10 12 1 1 100 1 10 100 12 1 1 1 7 1 10 7 12 1 1 1 10 12 1 1 11 7 12 1 1 10 7 12 1 1 10 100 12 1 1 1 10 12 1 1 9 12 1 10 12 1 1 10 12 1 10 12 1 1 9 100 12 1 1 1 10 100 12 1 1 1 10 12 1 10 12 1 1 9 12 1 10 10 10 10 100 12 1 1 1 10 12 1 9 12 1 10 12 1 1 9 12 1 100 1 100 1 1 1 1 1 1 1 1 1 1 1 1 1 1 1 1 1 1 1 1 1 1 1 1 1 1 1 1 1 1 1 1 1 1 100 1 1 1 1 1 1 1 1 100 1 1 1 1 1 1 1 1 1 1 1 1 100 1 1 1 1 1 1 1 1 1 1 1 1 1 1 1 1 1 1 1 1 1 1 1 1 1 1 1 1 1 1 1 1 1 1 1 1 1 1 1 1 1 100 1 1 1 1 1 1 1 1 1 1 1 1 1 1 1 1 1 1 1 1 1 100 1 100 1 1 15 10 100 12 1 1 1 16 15 16 1 16 1 15 10 12 16 1 100 1 1 100 1 100 1 1
ciInstanceKlass java/lang/reflect/Constructor 1 1 429 10 100 12 1 1 1 10 100 12 1 1 9 7 12 1 1 1 10 12 1 1 10 12 1 1 10 100 12 1 1 9 12 1 1 10 7 12 1 1 1 9 12 1 1 9 12 1 1 9 12 1 9 12 1 1 9 12 1 9 12 1 1 9 12 1 1 9 12 1 100 1 8 1 10 12 1 10 12 1 9 12 1 1 10 7 12 1 1 10 7 12 1 1 1 10 12 1 1 10 12 1 1 10 12 1 7 1 100 1 8 1 10 10 12 1 10 12 1 10 12 1 1 10 12 1 1 100 1 10 7 12 1 1 10 12 1 1 10 12 1 10 12 1 1 10 100 12 1 1 1 10 100 12 1 1 10 12 1 1 10 12 1 10 100 12 1 1 1 8 1 10 10 12 1 100 1 8 1 10 12 1 10 12 1 1 10 12 1 1 10 12 1 10 12 1 10 12 1 1 10 12 1 1 9 12 1 1 10 12 1 1 10 12 1 1 10 12 1 8 1 10 12 1 1 11 7 12 1 1 1 10 12 1 1 10 12 1 10 12 1 9 12 1 1 10 7 12 1 1 1 10 12 1 1 10 12 1 1 10 12 1 1 10 12 1 1 10 12 1 9 100 12 1 1 10 12 1 10 12 1 10 12 1 100 1 8 1 10 10 12 1 1 10 12 1 10 10 12 1 1 10 12 1 1 10 100 12 1 1 1 11 100 12 1 1 1 10 12 1 1 9 100 12 1 1 1 10 100 12 1 1 1 10 12 1 1 1 1 1 1 1 1 1 1 1 1 1 1 1 1 1 1 1 1 1 1 1 1 1 1 1 1 1 1 1 1 1 1 1 1 1 1 1 1 1 1 1 1 1 1 1 1 1 1 1 100 1 100 1 100 1 100 1 1 1 1 1 1 1 1 1 1 1 1 1 1 1 1 1 1 1 1 1 1 1 1 1 1 1 1 1 1 1 1 1 100 1 1
ciInstanceKlass java/lang/reflect/Method 1 1 446 9 7 12 1 1 1 10 100 12 1 1 1 10 100 12 1 1 9 12 1 1 10 12 1 1 10 12 1 1 10 100 12 1 1 10 7 12 1 1 1 9 12 1 1 9 12 1 9 12 1 1 9 12 1 9 12 1 9 12 1 1 9 12 1 9 12 1 1 9 12 1 9 12 1 9 12 1 1 100 1 8 1 10 12 1 10 12 1 9 12 1 1 8 1 10 7 12 1 1 10 7 12 1 1 1 10 12 1 1 10 12 1 1 10 12 1 10 12 1 1 10 12 1 1 100 1 10 12 1 1 10 12 10 7 12 1 1 10 12 1 1 10 12 1 10 12 1 10 12 1 10 7 12 1 1 1 10 12 1 1 10 7 1 10 100 12 1 1 1 10 7 12 1 1 10 12 1 1 10 12 1 1 10 12 1 10 7 12 1 1 1 10 12 1 10 8 1 10 12 1 10 12 1 7 1 8 1 8 1 8 1 10 12 1 10 12 1 1 10 12 1 1 10 10 12 1 1 10 12 1 11 100 1 9 12 1 1 10 12 1 1 10 12 1 10 12 1 1 10 12 1 1 11 7 12 1 1 1 10 12 1 10 12 1 10 12 1 10 12 1 10 12 1 9 12 1 1 10 7 12 1 1 1 10 12 1 1 10 100 12 1 1 1 10 100 12 1 1 1 10 100 12 1 1 1 11 100 12 1 1 1 10 100 12 1 1 1 100 1 100 1 100 1 10 12 1 10 12 1 1 10 12 1 100 1 8 1 10 12 1 10 10 12 1 1 10 12 1 1 10 12 1 1 10 12 1 1 8 1 10 12 1 1 1 1 1 1 1 1 1 1 1 1 1 1 1 1 1 1 1 1 1 1 1 1 1 1 1 1 1 1 1 1 1 1 1 1 1 1 1 1 1 1 1 1 1 1 1 1 1 1 1 1 1 100 1 100 1 100 1 1 1 1 1 1 1 1 1 1 1 1 1 1 1 1 1 1 1 1 1 1 1 1 1 1
ciInstanceKlass java/lang/reflect/Field 1 1 437 9 7 12 1 1 1 10 12 1 1 10 7 12 1 1 1 10 7 12 1 1 9 12 1 1 10 12 1 1 10 12 1 1 10 7 12 1 1 10 7 12 1 1 1 9 12 1 1 9 12 1 9 12 1 9 12 1 1 9 12 1 1 9 12 1 9 12 1 1 9 12 1 1 7 1 8 1 10 12 1 10 12 1 9 12 1 1 9 12 1 10 12 1 10 7 12 1 1 10 12 1 1 10 12 1 1 10 12 1 10 12 1 1 7 1 10 12 1 1 10 12 1 1 10 12 1 1 10 12 1 10 12 1 10 7 1 10 7 12 1 1 100 1 10 8 1 10 12 1 1 10 12 1 1 8 1 10 12 10 12 1 8 1 8 1 10 11 100 1 9 12 1 10 12 1 1 10 12 1 1 11 7 12 1 1 1 11 12 1 1 11 12 1 1 11 12 1 1 11 12 1 1 11 12 1 1 11 12 1 1 11 12 1 1 11 12 1 1 11 12 1 1 11 12 1 1 11 12 1 1 11 12 1 1 11 12 1 1 11 12 1 1 11 12 1 1 11 12 1 1 11 12 1 1 10 12 1 10 7 12 1 1 10 12 1 10 12 1 1 10 12 9 12 1 1 10 7 12 1 1 1 10 12 1 1 10 7 12 1 1 10 12 1 1 11 7 1 10 12 1 7 1 10 100 12 1 1 1 10 7 12 1 1 1 9 12 1 10 7 12 1 1 1 11 7 12 1 1 1 10 12 1 1 10 12 1 1 9 100 12 1 1 1 10 100 12 1 1 1 10 12 1 1 100 1 1 1 1 1 1 1 1 1 1 1 1 1 1 1 1 1 1 1 1 1 1 1 1 1 1 1 1 1 1 1 1 1 1 1 7 1 1 1 1 1 1 1 1 1 1 1 1 1 1 1 1 1 1 1 1 1 1 1 1 1 1 1 1 1 1 1 1 1 1 100 1 1 1 1 1 1 1 1 100 1 1
ciInstanceKlass java/lang/reflect/Parameter 0 0 226 10 100 12 1 1 1 9 100 12 1 1 1 9 12 1 1 9 12 1 1 9 12 1 10 12 1 1 10 12 1 1 10 100 12 1 1 1 100 1 10 10 12 1 1 11 100 12 1 1 1 10 12 1 10 100 12 1 1 1 10 12 1 1 10 12 1 10 12 1 8 1 8 1 10 100 12 1 1 1 10 12 1 10 12 10 12 1 8 1 10 12 1 9 12 1 1 10 12 1 1 9 12 1 1 10 12 1 1 10 12 1 1 10 12 1 1 10 12 1 10 10 12 1 10 100 12 1 1 1 10 12 1 1 11 100 12 1 1 10 100 12 1 1 100 1 10 100 12 1 1 1 10 12 1 1 10 12 1 1 10 12 1 1 10 12 1 1 9 12 1 100 1 10 11 12 1 1 11 12 1 1 100 1 1 1 1 1 1 1 1 1 1 1 1 1 1 1 1 1 1 1 1 1 1 1 1 1 1 1 1 1 1 1 1 1 1 1 1 1 1 100 1 1 1 1
ciInstanceKlass java/lang/StringBuffer 1 1 470 10 7 12 1 1 1 10 12 1 10 12 1 10 12 1 1 9 7 12 1 1 1 10 12 1 1 10 12 1 10 12 1 1 9 12 1 1 10 12 1 10 12 1 1 10 12 1 1 10 12 1 10 12 1 1 10 12 1 10 12 1 1 10 12 1 1 10 100 12 1 1 1 10 12 1 1 10 12 1 10 12 1 10 12 1 10 12 1 10 12 1 10 12 1 10 12 1 10 12 1 10 12 1 10 12 1 10 12 1 10 12 1 10 12 1 10 12 1 1 10 12 1 10 12 1 1 10 12 1 1 10 10 12 1 1 10 12 1 10 12 1 10 12 1 10 12 1 10 12 1 10 12 1 10 12 10 12 1 10 12 1 10 12 1 10 12 1 1 10 12 1 10 12 1 10 10 12 1 1 10 12 1 1 9 12 1 1 10 7 12 1 1 1 10 7 1 10 10 100 12 1 1 1 10 10 12 1 10 8 10 100 12 1 1 1 8 10 12 1 8 1 10 12 1 10 12 1 10 100 12 1 1 1 10 100 12 1 1 1 7 1 10 12 100 1 8 1 10 10 12 1 1 10 12 1 1 10 12 1 1 10 12 1 10 12 1 10 12 1 10 12 1 10 12 1 10 12 1 10 12 1 10 12 1 10 12 1 10 12 1 10 12 1 10 12 1 10 12 1 10 12 1 10 12 1 10 12 1 10 12 10 12 10 12 1 10 12 1 10 12 1 10 12 10 12 1 10 12 1 10 12 1 10 12 1 10 12 1 10 12 1 10 12 1 10 12 1 10 12 1 10 12 1 10 12 1 7 1 10 12 1 9 7 12 1 1 1 9 7 1 9 12 1 1 100 1 100 1 100 1 1 1 1 5 0 1 1 1 1 1 1 1 1 1 1 1 1 1 1 1 1 1 1 1 1 1 1 1 1 1 1 1 1 1 1 1 1 1 1 1 1 1 1 1 1 1 1 1 1 1 1 1 1 1 1 1 1 1 1 1 1 1 1 1 1 100 1 1 1 1 1 100 1 1 1 1 1 1 1 1 1 1 1 1 1 1 1 1 1
staticfield java/lang/StringBuffer serialPersistentFields [Ljava/io/ObjectStreamField; 3 [Ljava/io/ObjectStreamField;
instanceKlass java/lang/StringBuilder
instanceKlass java/lang/StringBuffer
ciInstanceKlass java/lang/AbstractStringBuilder 1 1 547 7 1 7 1 10 7 12 1 1 1 9 7 12 1 1 1 9 12 1 9 12 1 1 9 12 1 1 10 7 12 1 1 1 10 12 1 1 3 3 10 12 1 10 12 1 1 11 7 1 100 1 100 1 10 8 1 10 12 1 10 12 1 10 12 1 1 10 12 1 10 12 1 10 12 1 9 12 1 1 10 12 1 1 10 7 12 1 1 1 10 10 12 1 10 12 1 10 12 1 1 10 12 1 1 10 7 12 1 1 1 10 7 12 1 1 1 100 1 8 1 10 10 12 1 1 100 1 10 12 10 12 1 1 10 10 12 1 1 10 12 1 1 10 12 1 1 10 12 1 1 100 1 10 10 12 1 10 7 12 1 1 1 10 12 1 1 10 12 1 10 12 1 1 10 10 12 1 1 10 12 10 12 1 10 12 1 1 10 12 1 1 10 12 1 1 10 12 1 10 10 12 1 1 10 12 1 10 12 1 1 8 1 10 12 1 1 10 12 1 10 12 1 10 12 1 10 12 1 10 12 1 10 12 1 10 7 12 1 1 10 12 1 10 12 1 10 7 12 1 1 1 10 12 1 10 12 1 10 12 1 10 12 1 10 12 1 1 10 12 1 10 12 1 1 10 12 1 1 10 10 7 12 1 1 1 10 12 1 10 12 1 10 12 1 1 10 12 1 10 12 1 10 12 1 10 12 1 10 12 1 10 12 1 10 12 1 10 12 1 10 12 1 1 10 12 1 10 12 1 10 12 10 12 1 1 18 12 1 1 100 1 10 100 12 1 1 1 18 10 12 1 1 10 12 1 10 12 1 1 11 12 1 10 12 1 10 12 1 10 10 12 1 10 8 1 8 1 8 1 10 10 100 1 10 12 1 100 1 10 100 1 10 100 1 1 1 3 1 1 1 1 1 1 1 1 1 1 100 1 1 1 1 1 1 1 1 1 1 1 1 1 1 1 1 1 1 1 1 1 1 1 1 1 1 1 1 1 1 1 1 1 1 1 1 1 1 1 1 1 1 1 1 1 1 1 1 1 1 1 1 1 1 1 1 1 1 1 1 1 1 1 1 1 1 1 1 1 1 1 1 1 1 1 1 1 1 1 1 1 1 1 1 1 1 1 1 1 1 1 1 1 1 1 1 1 100 1 1 100 1 1 1 1 1 100 1 1 1 1 1 1 15 10 100 12 1 1 1 16 1 15 10 12 16 15 10 12 1 1 1 1 100 1 100 1 1
staticfield java/lang/AbstractStringBuilder EMPTYVALUE [B 0
instanceKlass javax/crypto/JceSecurityManager
ciInstanceKlass java/lang/SecurityManager 1 1 576 10 7 12 1 1 1 9 7 12 1 1 1 10 7 12 1 1 1 100 1 8 1 10 12 1 10 12 1 1 10 100 12 1 1 1 10 100 1 10 100 1 10 9 100 12 1 1 1 10 7 12 1 1 1 10 12 1 1 10 7 12 1 1 100 1 8 1 10 9 12 1 1 9 12 1 8 1 9 12 1 100 1 10 8 1 10 12 1 1 10 12 1 10 12 1 1 100 1 10 10 12 1 1 100 1 8 1 10 12 1 8 1 8 1 8 1 8 1 8 1 8 1 10 12 1 8 1 8 1 8 1 8 1 8 1 10 100 12 1 1 1 10 12 1 1 8 1 100 1 8 1 10 8 1 8 1 8 1 8 1 8 1 10 100 12 1 1 8 1 100 1 8 1 8 1 10 8 1 10 12 1 100 1 8 1 10 10 12 1 1 10 12 1 10 12 1 10 12 1 10 7 12 1 1 1 10 12 1 10 7 12 1 1 11 7 12 1 1 1 18 12 1 1 11 7 12 1 1 1 18 12 1 1 11 12 1 1 18 18 11 12 1 18 12 1 11 12 1 1 9 12 1 1 9 12 1 9 12 1 9 12 1 7 1 10 7 12 1 1 10 12 1 10 12 1 18 12 1 18 10 7 12 1 1 1 18 12 1 10 12 1 18 18 8 1 10 12 1 9 12 1 1 11 7 12 1 1 1 8 1 100 1 10 12 1 10 12 1 1 10 12 1 1 9 12 1 1 10 12 1 10 12 1 1 8 1 100 1 10 9 12 1 8 1 10 12 1 8 1 100 1 10 10 7 12 1 1 10 7 1 9 7 12 1 1 1 11 12 1 1 10 12 1 11 12 1 10 12 1 7 1 10 10 12 1 1 10 12 1 1 1 1 1 1 1 1 1 1 1 100 1 1 1 1 1 1 1 1 1 1 1 1 1 1 1 1 1 1 1 1 1 1 1 1 1 1 1 1 1 1 1 1 1 1 1 1 1 1 1 1 1 1 1 1 1 1 1 1 1 1 1 1 1 1 1 1 3 1 1 1 1 1 1 1 1 1 1 100 1 1 1 1 1 1 1 1 1 1 1 1 1 1 1 1 1 1 1 1 1 1 1 1 1 1 1 1 1 1 1 1 1 1 1 1 1 1 15 10 7 12 1 1 1 16 15 10 7 12 1 1 1 16 1 16 15 10 12 16 1 15 10 12 16 15 11 7 1 16 1 16 1 15 10 12 16 15 10 12 16 15 10 12 1 16 1 15 11 12 1 15 10 12 16 15 10 16 1 1 1 1 100 1 100 1 1
staticfield java/lang/SecurityManager packageAccessLock Ljava/lang/Object; java/lang/Object
staticfield java/lang/SecurityManager packageDefinitionLock Ljava/lang/Object; java/lang/Object
staticfield java/lang/SecurityManager nonExportedPkgs Ljava/util/Map; java/util/concurrent/ConcurrentHashMap
ciInstanceKlass java/security/AccessControlContext 1 1 373 9 7 12 1 1 1 9 12 1 1 10 100 12 1 1 1 8 1 10 100 12 1 1 1 10 7 12 1 1 1 9 12 1 9 12 1 1 9 12 1 1 10 7 12 1 1 100 1 10 12 1 11 100 12 1 1 1 11 12 1 11 12 1 11 12 1 1 7 1 11 12 1 1 10 12 1 10 7 12 1 1 1 9 100 12 1 1 1 10 100 12 1 1 1 11 100 12 1 1 1 10 100 1 100 1 8 1 10 12 1 10 12 1 1 100 1 10 100 12 1 1 1 9 12 1 9 12 1 9 12 1 9 12 1 1 9 12 1 1 9 12 1 9 12 1 10 7 12 1 1 1 9 12 1 10 12 1 1 10 12 1 1 8 1 10 12 1 1 10 12 1 1 10 100 12 1 1 1 100 1 10 10 12 1 1 10 100 12 1 1 1 10 8 1 10 100 12 1 1 8 1 10 100 12 1 1 8 1 8 1 10 12 1 8 1 10 12 1 8 1 10 12 1 10 12 1 10 12 1 1 8 1 8 1 100 1 10 12 1 10 12 1 1 100 1 10 12 1 8 1 10 12 1 10 12 1 10 8 1 10 12 1 1 10 12 1 1 10 12 1 1 10 12 1 1 10 12 1 10 12 1 10 12 1 10 12 1 1 10 10 10 12 1 1 1 1 1 1 1 1 1 1 1 1 1 1 1 1 1 1 1 1 1 1 1 1 100 1 1 1 1 1 1 1 1 1 1 1 1 1 1 1 1 1 1 1 1 1 1 1 1 1 1 1 1 1 1 1 1 1 1 1 1 1 1 1 1 1 1 1 1 1 1 1 1 1 1 1 1 3 1 1
ciInstanceKlass java/net/URL 1 1 743 10 7 12 1 1 1 10 12 1 10 7 12 1 1 9 12 1 1 9 12 1 10 7 12 1 1 1 10 12 1 1 10 12 1 1 9 12 1 1 10 7 12 1 1 1 8 1 10 12 1 1 100 1 10 10 12 1 1 8 1 10 12 1 1 9 12 1 100 1 8 1 10 12 1 10 12 1 8 1 9 12 1 10 12 1 1 9 12 1 10 12 1 10 12 1 9 12 1 9 12 1 8 1 9 12 1 10 12 1 1 8 1 9 12 1 1 10 12 1 1 10 7 12 1 1 1 8 1 10 12 1 7 1 10 12 1 10 12 1 10 12 1 10 12 1 1 10 12 1 1 8 1 10 12 1 1 10 12 1 8 1 9 12 1 8 1 10 12 1 10 7 12 1 1 1 100 1 10 12 1 10 12 1 1 10 7 12 1 1 1 100 1 8 1 10 10 12 1 8 1 10 12 1 1 10 12 1 10 12 1 10 12 1 10 12 1 10 12 1 8 1 10 12 1 10 10 7 12 1 1 1 10 12 1 9 100 12 1 1 1 10 100 12 1 1 1 9 12 1 1 10 12 1 10 100 12 1 1 1 100 1 100 1 10 12 1 10 12 1 10 12 1 10 12 1 10 12 1 10 12 10 10 10 12 1 100 1 10 12 1 10 12 1 1 8 1 9 100 12 1 1 1 10 100 12 1 1 1 10 12 1 1 9 100 12 1 1 1 10 12 1 1 100 1 10 12 1 10 12 1 10 10 12 1 1 10 12 1 1 10 12 1 10 12 1 10 12 1 10 7 12 1 1 1 10 12 1 1 10 12 1 9 12 1 1 9 12 1 1 100 1 8 1 10 10 12 1 9 12 1 1 10 7 12 1 1 8 1 10 7 12 1 1 8 1 10 12 1 1 10 12 1 8 1 8 1 10 7 12 1 1 1 100 1 10 100 12 1 1 1 10 12 1 10 12 1 7 1 10 9 12 1 1 10 7 12 1 1 8 1 10 12 1 1 7 1 10 10 7 12 1 1 1 8 9 7 12 1 1 1 10 12 1 10 12 1 10 12 1 10 12 1 10 7 12 1 1 11 7 12 1 1 10 12 1 10 12 1 9 12 1 10 12 1 1 10 100 12 1 1 10 100 12 1 1 1 8 10 100 12 1 1 100 1 10 8 8 10 12 1 8 8 8 100 1 10 12 1 9 12 1 1 10 12 1 10 12 1 1 10 12 1 10 12 10 12 1 1 10 12 1 1 10 10 10 12 1 10 12 1 10 12 1 10 12 1 10 12 1 10 10 12 1 100 1 8 1 10 10 10 12 1 1 10 12 1 10 12 1 1 8 1 7 1 10 10 10 7 1 10 12 1 9 7 12 1 1 1 9 12 1 1 7 1 10 10 7 12 1 1 1 100 1 1 1 1 1 5 0 1 1 1 1 1 1 1 1 1 1 1 1 1 1 1 1 1 1 1 1 1 1 1 1 1 1 1 1 1 1 1 1 1 1 1 1 1 1 1 100 1 1 1 1 1 1 1 1 1 1 1 1 1 1 1 1 1 1 1 1 1 1 1 1 1 1 1 1 1 1 1 1 1 1 1 1 1 100 1 1 1 1 1 1 1 1 1 1 1 1 1 1 1 1 100 1 1 1 1 1 1 1 1 1 1 1 1 1 1 1 1 1 1
staticfield java/net/URL defaultFactory Ljava/net/URLStreamHandlerFactory; java/net/URL$DefaultFactory
staticfield java/net/URL streamHandlerLock Ljava/lang/Object; java/lang/Object
staticfield java/net/URL serialPersistentFields [Ljava/io/ObjectStreamField; 7 [Ljava/io/ObjectStreamField;
ciInstanceKlass java/util/jar/Manifest 1 1 336 10 7 12 1 1 1 7 1 10 9 7 12 1 1 1 7 1 10 9 12 1 1 9 12 1 1 10 12 1 10 12 1 1 10 12 1 1 10 12 1 1 10 12 1 1 11 7 1 11 12 1 1 10 12 1 1 10 100 12 1 1 1 100 1 100 1 10 8 1 10 12 1 1 10 12 1 1 10 12 1 10 12 1 11 100 1 10 12 1 10 12 1 1 11 12 1 1 10 12 1 11 12 1 1 11 100 12 1 1 1 11 100 12 1 1 11 12 1 1 100 1 10 12 1 8 1 11 12 1 100 1 10 12 1 1 11 12 1 10 12 1 10 12 1 10 100 12 1 1 1 8 1 10 12 1 1 10 9 100 12 1 1 1 10 12 1 1 10 100 12 1 10 12 1 10 12 1 9 100 12 1 1 1 8 1 10 12 1 8 1 8 1 7 1 10 12 1 10 12 1 10 12 1 1 100 1 8 1 10 12 1 1 8 1 10 10 12 1 1 8 1 10 12 1 1 10 100 12 1 1 1 10 12 1 10 11 12 1 1 10 12 1 10 100 12 1 1 1 10 12 1 1 10 12 1 1 11 10 12 1 11 10 12 1 100 1 1 1 1 1 1 1 1 1 1 1 1 1 1 1 1 1 1 1 1 1 1 1 1 1 1 1 1 1 1 1 1 1 1 1 1 1 1 1 1 1 1 1 100 1 1 1 1 1 1 1 1 1 1 1 1 1 1 100 1 1 1 1 1 1 1 1 1 1 1
instanceKlass java/util/EnumMap
instanceKlass java/util/concurrent/ConcurrentSkipListMap
instanceKlass java/util/TreeMap
instanceKlass java/util/IdentityHashMap
instanceKlass java/util/WeakHashMap
instanceKlass java/util/Collections$EmptyMap
instanceKlass sun/util/PreHashedMap
instanceKlass java/util/HashMap
instanceKlass java/util/ImmutableCollections$AbstractImmutableMap
instanceKlass java/util/concurrent/ConcurrentHashMap
ciInstanceKlass java/util/AbstractMap 1 1 192 10 7 12 1 1 1 10 7 12 1 1 1 11 7 12 1 1 1 10 11 12 1 1 11 7 12 1 1 1 11 12 1 1 7 1 11 12 1 10 12 1 1 11 12 1 100 1 10 11 12 1 11 7 1 10 12 1 1 11 12 1 9 12 1 1 7 1 10 12 1 9 12 1 1 100 1 10 11 11 12 1 1 11 12 1 100 1 100 1 11 12 1 8 1 100 1 10 10 12 1 1 8 1 10 12 1 10 12 1 1 10 12 1 1 1 1 1 1 1 1 1 1 1 1 1 1 1 1 1 1 1 1 1 1 1 1 1 1 1 1 1 1 1 1 1 1 1 1 1 1 1 1 100 1 1 1 1 1 1 1 1 1 1 1 1 1 1 1 1 100 1 1 1 1 1 1 1 1 1 100 1 100 1 100 1 100 1 1 1 1 1
instanceKlass sun/security/jca/ProviderList$ServiceList
instanceKlass java/util/Collections$SingletonList
instanceKlass java/util/Vector
instanceKlass java/util/AbstractSequentialList
instanceKlass sun/security/jca/ProviderList$3
instanceKlass java/util/ArrayList$SubList
instanceKlass java/util/Arrays$ArrayList
instanceKlass java/util/Collections$EmptyList
instanceKlass java/util/ArrayList
ciInstanceKlass java/util/AbstractList 1 1 218 10 7 12 1 1 1 9 7 12 1 1 1 10 12 1 1 10 12 1 1 100 1 10 10 12 1 1 11 100 12 1 1 1 11 12 1 1 11 12 1 10 100 12 1 1 1 10 12 1 11 12 1 11 12 1 11 12 1 10 12 1 1 10 12 1 1 11 100 12 1 1 1 11 100 1 11 7 1 10 12 1 100 1 10 12 1 10 12 1 1 100 1 100 1 10 12 1 100 1 10 100 1 100 1 10 8 1 10 12 1 1 10 12 1 10 12 1 1 10 12 1 8 1 100 1 8 1 8 1 8 1 10 100 1 11 10 10 12 1 11 12 1 10 12 1 1 8 1 8 1 1 1 1 1 1 1 1 1 1 1 1 1 1 1 1 1 1 1 1 1 1 1 1 1 1 1 1 1 1 1 1 1 1 1 1 1 1 1 1 1 1 1 1 1 1 1 1 1 1 1 1 1 1 1 1 1 1 100 1 100 1 1 1 1 1 1 1
ciInstanceKlass java/lang/AssertionStatusDirectives 0 0 24 10 100 12 1 1 1 100 1 1 1 1 1 1 1 1 1 1 1 1 1 1 1 1
ciInstanceKlass java/lang/invoke/MethodHandleNatives$CallSiteContext 1 1 49 10 7 12 1 1 1 7 1 10 10 7 12 1 1 1 10 7 12 1 1 1 10 7 12 1 1 1 100 1 1 1 1 1 1 1 1 1 1 1 1 1 1 1 1 1 100 1 1
ciInstanceKlass jdk/internal/invoke/NativeEntryPoint 0 0 92 10 100 12 1 1 1 9 100 12 1 1 1 10 100 12 1 1 1 100 1 9 12 1 9 12 1 9 12 1 1 9 12 1 1 9 12 1 1 100 1 8 1 10 12 1 11 100 12 1 1 1 10 12 1 1 10 12 1 11 100 12 1 1 11 12 1 10 12 1 1 10 12 1 1 1 1 1 1 1 1 1 1 1 1 1 1 1 1 1 1 1
instanceKlass java/lang/invoke/VolatileCallSite
instanceKlass java/lang/invoke/MutableCallSite
instanceKlass java/lang/invoke/ConstantCallSite
ciInstanceKlass java/lang/invoke/CallSite 1 1 302 10 7 12 1 1 1 10 7 12 1 1 1 9 7 12 1 1 1 10 12 1 1 9 12 1 1 10 7 12 1 1 1 10 12 1 100 1 10 12 1 1 10 12 1 1 9 100 12 1 1 1 10 100 12 1 1 10 12 1 1 100 1 100 1 10 10 100 12 1 1 1 10 12 1 1 8 1 10 12 1 10 12 1 1 10 12 1 10 12 1 1 10 12 1 1 10 10 100 12 1 1 10 12 1 1 9 12 1 9 100 12 1 1 1 8 1 10 7 12 1 1 1 10 12 1 1 100 1 10 12 1 1 9 12 1 8 1 100 1 10 12 1 10 12 1 100 1 8 1 10 10 12 1 10 12 1 1 100 1 10 12 1 1 10 12 1 10 12 1 10 12 1 1 10 12 1 1 9 12 1 1 8 10 12 1 1 9 12 1 1 100 1 10 10 12 1 10 100 12 1 1 1 10 12 1 1 10 12 1 1 10 12 1 10 7 12 1 1 1 100 1 8 1 10 10 12 10 12 1 1 100 1 100 1 100 1 8 1 10 12 1 10 7 12 1 1 1 1 1 1 1 1 1 1 1 1 1 1 1 1 1 1 1 1 1 1 1 1 1 1 1 1 1 1 1 1 1 1 1 1 1 1 1 1 1 1 1 1 1 1 1 1 1 1 1 1 1 1 1 1 1
staticfield java/lang/invoke/CallSite $assertionsDisabled Z 1
ciInstanceKlass java/lang/invoke/VolatileCallSite 0 0 37 10 100 12 1 1 1 10 12 1 10 100 12 1 1 1 10 12 1 10 12 1 1 1 1 1 1 1 1 1 1 1 1 1 1 1 1
ciInstanceKlass java/lang/invoke/MethodType 1 1 771 7 1 10 7 12 1 1 1 9 12 1 1 9 12 1 1 9 12 1 1 10 7 12 1 1 1 9 7 12 1 1 8 1 10 100 12 1 1 1 9 7 1 9 7 1 10 12 1 1 100 1 10 8 1 10 12 1 1 10 12 1 10 12 1 1 100 1 8 1 10 12 1 100 1 10 10 12 1 10 12 1 1 10 12 1 1 11 7 12 1 1 1 9 12 1 11 12 1 1 7 7 1 10 7 12 1 1 1 10 12 1 9 12 1 1 10 7 12 1 1 10 12 1 1 10 7 12 1 1 1 10 7 12 1 1 1 10 12 1 9 12 1 1 10 12 1 1 100 1 10 12 1 1 10 12 1 1 10 12 1 1 10 12 1 1 10 12 1 1 10 12 1 10 12 1 10 12 1 1 10 12 1 8 1 8 1 10 12 1 1 9 12 1 1 100 1 10 10 12 1 1 10 12 1 10 12 1 1 10 12 1 1 10 12 1 10 12 1 1 10 12 1 8 1 10 12 1 1 10 100 12 1 1 1 10 12 1 10 12 1 1 10 12 1 10 12 1 10 12 1 1 10 12 1 10 12 1 9 12 1 10 12 1 10 10 12 1 1 10 12 1 9 12 1 1 10 12 1 1 10 12 1 1 10 12 1 1 10 12 1 1 7 1 10 12 10 12 1 10 12 1 100 1 8 1 8 1 8 1 10 12 1 10 12 1 10 12 1 10 11 12 1 1 11 12 1 10 100 12 1 1 1 9 12 1 10 12 1 10 12 1 1 10 12 1 1 10 12 1 10 12 1 10 100 12 1 1 1 10 12 1 1 10 12 1 10 12 1 10 12 1 10 9 12 1 1 7 1 10 12 1 10 12 1 1 9 100 12 1 1 1 10 100 12 1 1 1 10 100 12 1 1 1 10 12 1 1 10 100 12 1 1 1 10 12 1 1 8 1 10 7 12 1 1 1 11 12 1 1 9 12 1 1 10 12 1 1 10 12 1 10 12 1 1 10 12 1 1 10 100 12 1 1 100 1 10 12 1 1 11 100 12 1 1 1 18 12 1 1 11 12 1 1 18 12 1 11 12 1 100 1 11 100 12 1 1 10 12 1 100 1 10 12 1 10 100 12 1 1 10 12 1 1 9 12 1 1 9 100 12 1 1 1 10 100 12 1 1 1 9 12 1 10 100 12 1 1 10 12 1 100 10 12 1 1 10 12 1 10 7 1 7 1 9 12 1 1 100 1 100 1 100 1 1 1 5 0 1 1 1 1 1 1 1 3 1 3 1 3 1 1 1 1 1 1 1 1 1 1 1 1 1 1 1 1 1 1 1 1 1 1 1 1 1 1 1 1 1 1 1 1 1 1 1 1 1 1 1 1 1 1 1 1 1 1 1 1 1 1 1 1 1 1 1 1 1 1 1 1 1 1 1 1 1 1 1 1 1 1 1 1 1 1 1 1 1 1 1 1 1 1 1 1 1 1 1 1 1 1 1 1 1 1 1 1 1 1 1 1 1 1 1 1 1 1 1 1 1 1 1 1 1 1 1 1 1 1 1 1 1 1 1 1 1 1 1 100 1 100 1 1 1 1 1 1 1 1 1 1 1 1 1 100 1 1 1 100 1 1 1 1 1 1 1 1 1 1 1 1 1 1 1 1 1 1 1 1 1 15 10 100 12 1 1 1 16 15 10 12 16 16 15 10 12 16 1 1 1 1 100 1 1 100 1 1 100 1 100 1 1
staticfield java/lang/invoke/MethodType internTable Ljava/lang/invoke/MethodType$ConcurrentWeakInternSet; java/lang/invoke/MethodType$ConcurrentWeakInternSet
staticfield java/lang/invoke/MethodType NO_PTYPES [Ljava/lang/Class; 0 [Ljava/lang/Class;
staticfield java/lang/invoke/MethodType objectOnlyTypes [Ljava/lang/invoke/MethodType; 20 [Ljava/lang/invoke/MethodType;
staticfield java/lang/invoke/MethodType METHOD_HANDLE_ARRAY [Ljava/lang/Class; 1 [Ljava/lang/Class;
staticfield java/lang/invoke/MethodType serialPersistentFields [Ljava/io/ObjectStreamField; 0 [Ljava/io/ObjectStreamField;
staticfield java/lang/invoke/MethodType $assertionsDisabled Z 1
ciInstanceKlass java/lang/BootstrapMethodError 0 0 45 10 100 12 1 1 1 10 12 1 10 12 1 10 100 12 1 1 1 10 100 12 1 1 1 1 1 1 5 0 1 1 1 1 1 1 1 1 1 1 1 100 1 1 1
instanceKlass jdk/internal/misc/ThreadTracker$ThreadRef
instanceKlass jdk/net/UnixDomainPrincipal
ciInstanceKlass java/lang/Record 1 1 22 10 7 12 1 1 1 100 1 1 1 1 1 1 1 1 1 1 1 1 1 1
ciInstanceKlass java/lang/ClassNotFoundException 1 1 96 7 1 10 7 12 1 1 1 10 12 1 10 12 1 1 10 100 12 1 1 1 8 1 10 100 12 1 1 1 10 7 12 1 1 10 100 12 1 1 1 10 100 12 1 1 1 10 12 1 1 7 1 10 12 1 9 12 1 1 1 1 1 5 0 1 1 1 1 1 1 1 1 1 1 1 1 1 1 1 1 1 1 100 1 1 1 1 1 1 1 1 1 1 1 1
staticfield java/lang/ClassNotFoundException serialPersistentFields [Ljava/io/ObjectStreamField; 1 [Ljava/io/ObjectStreamField;
ciInstanceKlass jdk/internal/loader/ClassLoaders$AppClassLoader 1 1 119 8 1 10 7 12 1 1 1 10 7 12 1 1 1 10 100 12 1 1 1 10 12 1 1 10 100 12 1 1 1 10 12 1 1 10 12 1 1 7 1 8 1 10 12 10 7 12 1 1 1 10 100 12 1 1 10 12 1 1 10 12 1 1 10 7 12 1 1 1 100 1 10 12 1 1 1 1 1 1 1 1 1 1 1 1 1 1 1 1 1 1 1 1 1 100 1 1 1 1 1 1 1 1 1 1 1 1 1 1 1 1 1 1 1 100 1 1 1
ciInstanceKlass jdk/internal/loader/ClassLoaders$PlatformClassLoader 1 1 42 8 1 10 7 12 1 1 1 10 7 12 1 1 1 100 1 10 12 1 100 1 1 1 1 1 1 1 1 1 1 1 1 1 1 100 1 1 1 100 1 1
ciInstanceKlass java/lang/ArithmeticException 1 1 26 10 100 12 1 1 1 10 12 1 100 1 1 1 1 5 0 1 1 1 1 1 1 1 1 1
ciInstanceKlass java/lang/NullPointerException 1 1 52 10 7 12 1 1 1 10 12 1 9 7 12 1 1 1 10 12 1 1 9 12 1 1 10 12 1 1 10 12 1 1 1 1 5 0 1 1 1 1 1 1 1 1 100 1 100 1 100 1 1 1
ciInstanceKlass java/lang/IllegalMonitorStateException 1 1 26 10 100 12 1 1 1 10 12 1 100 1 1 1 1 5 0 1 1 1 1 1 1 1 1 1
ciInstanceKlass java/lang/OutOfMemoryError 1 1 26 10 100 12 1 1 1 10 12 1 100 1 1 1 1 5 0 1 1 1 1 1 1 1 1 1
ciInstanceKlass java/lang/InternalError 0 0 34 10 100 12 1 1 1 10 12 1 10 12 1 10 12 1 100 1 1 1 1 5 0 1 1 1 1 1 1 1 1 1 1 1
ciInstanceKlass java/lang/ClassCastException 1 1 26 10 100 12 1 1 1 10 12 1 100 1 1 1 1 5 0 1 1 1 1 1 1 1 1 1
ciInstanceKlass java/lang/NoClassDefFoundError 0 0 26 10 100 12 1 1 1 10 12 1 100 1 1 1 1 5 0 1 1 1 1 1 1 1 1 1
instanceKlass java/nio/DoubleBuffer
instanceKlass java/nio/FloatBuffer
instanceKlass java/nio/ShortBuffer
instanceKlass java/nio/IntBuffer
instanceKlass java/nio/CharBuffer
instanceKlass java/nio/LongBuffer
instanceKlass java/nio/ByteBuffer
ciInstanceKlass java/nio/Buffer 1 1 224 100 1 10 7 12 1 1 1 9 7 12 1 1 1 9 12 1 9 12 1 1 9 12 1 9 12 1 1 10 12 1 1 10 12 1 1 10 12 100 1 100 1 10 8 1 10 12 1 1 10 12 1 8 1 8 1 10 12 1 1 10 12 1 8 1 9 12 1 1 100 1 8 1 10 12 1 8 1 8 1 9 12 10 12 1 8 1 8 1 8 1 10 12 1 8 1 8 1 8 1 100 1 10 100 1 10 100 1 10 100 1 10 10 100 12 1 1 1 10 11 100 12 1 1 10 7 12 1 1 1 10 7 12 1 1 1 9 12 1 1 10 7 12 1 1 1 9 12 1 1 7 1 10 10 7 12 1 1 1 1 1 3 1 1 1 1 1 1 1 1 1 1 1 1 1 1 1 1 1 1 100 1 1 1 1 1 1 1 1 1 1 1 1 1 1 1 1 1 1 1 1 1 1 1 1 1 1 1 1 1 1 1 1 1 1 1 1 1 1 1 1 1 1
staticfield java/nio/Buffer UNSAFE Ljdk/internal/misc/Unsafe; jdk/internal/misc/Unsafe
staticfield java/nio/Buffer SCOPED_MEMORY_ACCESS Ljdk/internal/misc/ScopedMemoryAccess; jdk/internal/misc/ScopedMemoryAccess
staticfield java/nio/Buffer $assertionsDisabled Z 1
ciInstanceKlass jdk/internal/misc/UnsafeConstants 1 1 34 10 100 12 1 1 1 9 7 12 1 1 1 9 12 1 9 12 1 1 9 12 1 9 12 1 1 1 1 1 1 1 1 1
staticfield jdk/internal/misc/UnsafeConstants ADDRESS_SIZE0 I 8
staticfield jdk/internal/misc/UnsafeConstants PAGE_SIZE I 4096
staticfield jdk/internal/misc/UnsafeConstants BIG_ENDIAN Z 0
staticfield jdk/internal/misc/UnsafeConstants UNALIGNED_ACCESS Z 1
staticfield jdk/internal/misc/UnsafeConstants DATA_CACHE_LINE_FLUSH_SIZE I 0
instanceKlass java/lang/invoke/DelegatingMethodHandle
instanceKlass java/lang/invoke/BoundMethodHandle
instanceKlass java/lang/invoke/DirectMethodHandle
ciInstanceKlass java/lang/invoke/MethodHandle 1 1 644 100 1 9 7 12 1 1 1 10 7 12 1 1 1 10 7 12 1 1 1 7 1 7 1 10 12 1 1 9 12 1 1 10 12 1 10 12 1 1 10 12 1 1 10 100 12 1 1 1 10 12 1 1 10 12 1 1 11 100 12 1 1 1 10 12 1 1 10 12 1 10 12 1 9 12 1 1 10 12 1 1 100 1 100 1 10 8 1 10 12 1 1 10 12 1 8 1 10 12 1 1 10 12 1 10 7 12 1 1 1 10 12 1 10 12 1 1 10 12 1 1 10 12 1 1 10 12 1 1 10 7 12 1 1 1 10 100 12 1 1 1 7 1 10 12 1 1 10 12 1 1 10 12 1 1 8 1 10 7 12 1 1 1 8 1 10 12 1 1 10 12 1 1 10 12 1 1 10 12 1 8 1 10 12 1 1 8 1 10 12 1 8 1 10 100 12 1 1 1 9 12 1 1 100 1 10 9 100 12 1 1 1 9 100 1 8 1 10 12 1 1 10 12 1 10 12 1 1 10 12 1 10 12 1 1 10 12 1 10 12 1 1 10 12 1 10 12 1 1 10 12 1 1 8 1 10 12 1 1 8 1 10 12 1 10 12 1 1 10 12 1 10 12 1 10 12 1 1 9 100 12 1 1 1 10 12 1 1 11 12 1 10 12 1 10 12 1 1 10 100 12 1 1 1 100 1 11 12 1 10 100 1 11 12 1 100 1 10 12 1 11 12 1 9 100 12 1 1 1 11 12 1 1 11 100 12 1 1 1 10 12 1 1 9 12 1 11 12 1 9 12 1 9 12 1 9 12 1 11 12 1 1 9 12 1 9 12 1 9 12 1 9 12 1 9 12 1 9 12 1 9 12 1 8 1 10 12 1 10 12 1 8 1 10 12 1 10 12 1 10 10 7 12 1 1 10 12 1 1 100 1 8 1 10 12 1 1 10 12 1 1 10 12 1 10 12 1 100 1 10 100 12 1 1 1 10 12 1 9 7 12 1 1 1 10 12 1 1 10 12 1 1 8 1 9 12 1 9 12 1 1 9 12 1 1 10 12 1 7 1 10 12 1 10 12 1 1 9 12 1 1 9 12 1 1 10 7 12 1 1 1 11 7 12 1 1 9 12 1 10 12 1 1 10 12 1 9 12 1 10 12 1 8 10 12 1 1 8 1 1 1 1 1 1 100 1 1 1 1 1 1 1 1 1 1 1 1 1 1 1 1 1 1 1 1 1 1 1 1 1 1 1 1 1 1 1 1 1 1 1 1 1 1 1 1 1 1 1 1 1 1 1 1 1 1 1 1 1 1 1 1 1 1 1 1 1 1 1 1 1 1 1 1 1 100 1 1 1 1 1 1 1 1 1 100 1 1 1 1 1 1 1 1 1 1 1 1 1 1 1 1 1 1 1 1 1 1 1 1 1 1 1 100 1 1 100 1 1 100 1 1 1 1
staticfield java/lang/invoke/MethodHandle FORM_OFFSET J 20
staticfield java/lang/invoke/MethodHandle UPDATE_OFFSET J 13
staticfield java/lang/invoke/MethodHandle $assertionsDisabled Z 1
ciInstanceKlass jdk/internal/reflect/CallerSensitive 1 1 17 100 1 100 1 100 1 1 1 1 1 1 1 1 1 1 1
ciInstanceKlass jdk/internal/reflect/NativeConstructorAccessorImpl 1 1 126 10 7 12 1 1 1 9 7 12 1 1 1 9 12 1 1 10 7 12 1 1 1 10 7 12 1 1 1 10 7 12 1 1 1 9 12 1 9 12 1 1 9 12 1 1 10 7 12 1 1 1 7 1 10 10 12 1 1 10 12 1 10 12 1 10 12 1 1 9 12 1 1 10 7 12 1 1 1 100 1 10 12 1 1 10 12 1 1 8 10 12 1 1 1 1 1 1 1 1 1 1 1 1 1 1 1 1 1 1 1 1 1 1 100 1 100 1 100 1 1 1 1 1 1 1
staticfield jdk/internal/reflect/NativeConstructorAccessorImpl U Ljdk/internal/misc/Unsafe; jdk/internal/misc/Unsafe
staticfield jdk/internal/reflect/NativeConstructorAccessorImpl GENERATED_OFFSET J 16
instanceKlass java/lang/invoke/DirectMethodHandle$Special
instanceKlass java/lang/invoke/DirectMethodHandle$Interface
instanceKlass java/lang/invoke/DirectMethodHandle$Constructor
instanceKlass java/lang/invoke/DirectMethodHandle$Accessor
ciInstanceKlass java/lang/invoke/DirectMethodHandle 1 1 940 7 1 7 1 100 1 7 1 7 1 10 7 12 1 1 1 10 7 12 1 1 1 100 1 10 12 1 10 12 1 1 10 7 12 1 1 10 12 1 1 10 12 1 10 12 1 7 1 10 12 1 1 10 12 1 1 10 12 1 10 12 1 1 10 7 12 1 1 1 10 12 1 9 12 1 1 100 1 10 9 12 1 1 9 12 1 10 12 1 10 12 1 10 12 1 1 10 12 1 10 12 1 10 12 1 10 7 12 1 1 1 10 12 1 10 12 1 1 8 1 10 12 1 1 7 1 10 12 1 7 1 10 10 12 1 10 12 1 10 12 1 10 7 12 1 1 1 10 12 1 1 100 1 10 12 1 10 12 1 7 1 10 12 1 10 12 1 1 10 12 1 1 10 12 1 8 10 100 12 1 1 1 10 12 1 10 12 1 10 12 1 1 10 12 1 9 7 12 1 1 1 7 1 10 12 1 10 7 12 1 1 1 10 12 1 10 12 1 1 9 12 1 1 100 1 10 8 1 10 12 1 1 10 12 1 10 12 1 10 10 12 1 10 12 1 10 12 1 10 12 1 10 12 1 1 10 12 1 10 12 1 1 10 12 1 10 12 1 1 10 10 7 12 1 1 1 10 12 1 10 12 1 1 10 12 1 10 12 1 1 8 1 9 7 12 1 1 1 8 1 9 12 1 9 12 1 8 1 9 12 1 9 12 1 8 1 9 12 1 9 12 1 8 1 10 12 1 10 12 1 1 9 12 1 1 7 1 10 12 1 1 100 1 10 7 12 1 1 1 10 12 1 1 10 12 1 10 12 1 1 7 1 10 12 1 1 10 12 1 10 12 1 1 7 1 10 12 1 1 10 7 12 1 1 1 10 12 1 10 12 1 10 12 1 9 12 1 1 10 7 1 9 12 9 12 1 10 7 12 1 1 1 10 12 1 7 1 7 1 7 1 9 12 1 1 10 7 12 1 10 12 1 1 10 12 1 100 1 10 12 1 10 12 1 1 9 100 12 1 1 1 10 12 1 1 100 1 10 100 12 1 1 1 10 12 1 10 12 1 8 1 9 12 1 9 12 1 10 12 1 9 12 1 1 10 100 12 1 1 1 9 12 1 1 9 12 1 1 10 12 1 10 12 1 10 12 1 10 12 1 10 12 1 1 10 12 1 10 7 12 1 1 9 12 1 10 12 1 10 12 1 10 12 1 10 12 1 1 10 12 1 1 9 12 1 1 10 12 1 1 9 7 12 1 1 1 9 12 1 9 12 1 9 12 1 9 12 1 9 12 1 9 12 1 9 12 1 9 12 1 9 12 1 9 12 1 9 12 1 9 12 1 9 12 1 9 12 1 9 12 1 9 12 1 9 12 1 9 12 1 9 12 1 9 12 1 9 12 1 9 12 1 9 12 1 9 12 1 9 12 1 9 12 1 9 12 1 9 12 1 9 12 1 9 12 1 9 12 1 9 12 1 9 12 1 9 12 1 9 12 1 9 12 1 8 1 9 12 1 1 9 12 1 1 10 12 1 10 12 1 1 9 7 1 10 12 1 9 12 1 1 10 12 10 12 1 10 12 1 10 12 1 10 8 1 8 1 8 1 8 1 10 12 1 1 9 12 1 1 10 12 1 10 100 12 1 1 1 8 9 12 1 1 10 12 1 1 8 1 8 8 9 12 1 8 1 8 8 8 8 8 1 8 10 12 1 10 12 1 8 1 8 1 10 12 1 10 12 1 10 12 1 10 12 1 1 7 1 1 1 1 3 1 3 1 3 1 3 1 3 1 3 1 3 1 3 1 3 1 3 1 1 1 1 1 1 1 1 1 1 3 1 3 1 1 1 1 3 1 1 1 1 1 1 1 1 1 1 1 1 1 1 1 1 1 1 1 1 1 1 1 1 1 1 1 1 1 1 1 1 1 1 1 1 1 1 1 1 1 1 1 1 1 1 1 1 1 1 1 1 1 1 1 1 100 1 1 1 1 1 1 1 1 1 1 1 1 100 1 1 1 1 1 1 1 1 1 1 1 1 1 1 1 1 1 1 1 1 1 1 1 1 1 1 1 1 1 1 1 1 1 1 1 1 1 1 1 1 1 1 1 1 1 1 1 1 1 1 1
staticfield java/lang/invoke/DirectMethodHandle IMPL_NAMES Ljava/lang/invoke/MemberName$Factory; java/lang/invoke/MemberName$Factory
staticfield java/lang/invoke/DirectMethodHandle FT_UNCHECKED_REF I 8
staticfield java/lang/invoke/DirectMethodHandle ACCESSOR_FORMS [Ljava/lang/invoke/LambdaForm; 132 [Ljava/lang/invoke/LambdaForm;
staticfield java/lang/invoke/DirectMethodHandle ALL_WRAPPERS [Lsun/invoke/util/Wrapper; 10 [Lsun/invoke/util/Wrapper;
staticfield java/lang/invoke/DirectMethodHandle NFS [Ljava/lang/invoke/LambdaForm$NamedFunction; 12 [Ljava/lang/invoke/LambdaForm$NamedFunction;
staticfield java/lang/invoke/DirectMethodHandle OBJ_OBJ_TYPE Ljava/lang/invoke/MethodType; java/lang/invoke/MethodType
staticfield java/lang/invoke/DirectMethodHandle LONG_OBJ_TYPE Ljava/lang/invoke/MethodType; java/lang/invoke/MethodType
staticfield java/lang/invoke/DirectMethodHandle $assertionsDisabled Z 1
ciInstanceKlass java/lang/invoke/LambdaForm 1 1 1052 100 1 9 7 12 1 1 1 10 7 12 1 1 1 10 7 12 1 1 9 12 1 1 9 12 1 1 10 12 1 1 100 1 10 9 12 1 10 12 1 1 9 12 1 10 7 12 1 1 1 9 12 1 9 12 1 9 12 1 1 9 12 1 10 12 1 1 7 1 10 12 1 10 100 12 1 1 1 10 100 12 1 1 1 10 12 1 10 12 1 1 9 100 12 1 1 1 10 12 1 1 9 12 1 10 12 1 1 10 12 1 10 12 1 1 10 12 1 1 10 100 12 1 1 1 7 1 10 10 12 1 1 8 1 10 12 1 10 12 1 10 12 1 1 7 1 10 7 12 1 1 1 10 12 1 1 10 12 1 10 12 1 1 9 12 1 1 9 12 1 9 12 1 1 10 12 1 9 12 1 10 100 12 1 1 1 10 12 1 1 10 12 1 9 12 1 1 10 100 12 1 1 1 10 12 1 10 12 1 10 12 1 10 12 1 10 12 1 10 12 1 1 10 12 1 10 12 1 1 8 1 10 12 1 10 12 1 8 1 8 1 9 12 1 9 12 1 9 12 1 1 10 12 1 1 10 12 1 9 12 1 10 12 1 1 10 7 12 1 1 1 10 12 1 1 10 12 1 10 12 1 10 12 1 1 9 12 1 10 12 1 8 1 8 1 8 1 8 1 8 1 8 1 8 1 8 1 10 12 1 9 12 1 7 1 10 12 1 1 9 12 1 10 12 1 10 12 1 1 10 12 10 12 1 10 12 1 1 10 12 1 1 10 10 12 1 1 10 12 1 1 7 1 8 1 10 12 1 1 10 12 1 10 12 1 1 10 8 1 10 12 1 1 8 1 8 1 8 1 10 12 1 9 12 1 1 10 12 1 1 10 12 1 1 100 1 10 12 1 1 10 12 1 10 7 12 1 1 1 10 12 1 1 9 12 1 1 8 1 10 100 12 1 1 1 10 7 12 1 1 10 12 10 10 12 1 1 9 12 1 8 10 12 1 1 100 1 10 12 1 1 10 12 1 9 7 12 1 1 9 12 1 1 8 1 10 100 12 1 1 10 12 1 1 100 1 100 1 10 10 12 1 1 10 12 1 1 8 1 8 1 100 1 8 1 10 12 10 12 1 10 12 1 10 12 1 1 8 1 8 1 9 100 12 1 1 1 10 12 1 10 12 1 1 8 1 8 1 8 1 100 1 8 1 100 1 8 1 100 1 8 1 10 12 1 8 1 9 10 7 12 1 1 1 10 12 1 9 12 1 1 10 12 1 10 10 12 1 10 12 1 10 12 1 10 12 1 1 10 12 1 10 12 1 1 10 12 1 1 10 12 1 1 8 1 100 10 12 1 10 12 1 9 12 1 1 10 7 12 1 1 8 1 8 1 100 1 8 1 8 1 8 1 8 1 8 1 8 1 8 1 8 1 10 12 1 1 10 12 1 1 10 12 1 10 12 1 8 1 8 1 8 1 10 12 1 8 1 10 12 1 8 1 8 1 8 1 8 1 8 1 10 12 1 10 12 1 10 12 1 1 10 7 12 1 1 1 10 12 1 10 12 1 10 12 1 10 12 1 10 12 1 10 12 1 10 12 1 9 12 1 1 8 1 10 12 1 1 9 12 1 1 10 12 1 1 9 12 1 9 12 1 1 9 12 1 9 12 1 1 7 1 10 7 12 1 1 1 9 12 1 10 12 1 10 12 1 8 1 10 12 1 9 12 1 1 7 1 10 7 12 1 1 1 8 1 100 1 10 12 1 9 12 1 9 12 1 10 12 1 10 12 1 10 7 12 1 1 1 10 12 1 9 7 12 1 1 10 12 1 1 10 12 1 10 12 1 9 12 10 12 1 10 10 12 1 9 9 12 1 7 9 12 1 1 10 12 1 1 9 12 1 10 12 1 10 7 1 9 1 1 1 1 3 1 3 1 3 1 1 1 1 1 1 1 1 1 1 1 1 1 1 1 1 1 1 1 1 1 1 1 1 1 1 1 1 1 1 1 1 1 1 1 1 1 1 1 1 1 1 1 1 1 1 1 1 1 1 1 1 1 1 1 1 100 1 1 1 1 1 1 1 1 1 1 1 1 1 1 1 1 1 1 1 1 1 1 1 1 1 1 1 1 1 1 1 1 1 1 1 1 1 1 1 1 1 1 1 1 1 1 1 1 1 1 1 1 1 1 1 1 1 1 1 100 1 1 1 1 1 1 1 1 1 1 1 1 1 1 1 1 1 1 1 1 1 1 1 1 1 1 1 1 1 1 1 1 1 1 100 1 1 1 1 1 1 1 1 1 1 1 1 1 1 1 1 1 1 1 1 1 1 100 1 1 1 100 1 1 100 1 1 1 1 1 1 1 1 1 1 1
staticfield java/lang/invoke/LambdaForm COMPILE_THRESHOLD I 0
staticfield java/lang/invoke/LambdaForm INTERNED_ARGUMENTS [[Ljava/lang/invoke/LambdaForm$Name; 5 [[Ljava/lang/invoke/LambdaForm$Name;
staticfield java/lang/invoke/LambdaForm IMPL_NAMES Ljava/lang/invoke/MemberName$Factory; java/lang/invoke/MemberName$Factory
staticfield java/lang/invoke/LambdaForm LF_identity [Ljava/lang/invoke/LambdaForm; 6 [Ljava/lang/invoke/LambdaForm;
staticfield java/lang/invoke/LambdaForm LF_zero [Ljava/lang/invoke/LambdaForm; 6 [Ljava/lang/invoke/LambdaForm;
staticfield java/lang/invoke/LambdaForm NF_identity [Ljava/lang/invoke/LambdaForm$NamedFunction; 6 [Ljava/lang/invoke/LambdaForm$NamedFunction;
staticfield java/lang/invoke/LambdaForm NF_zero [Ljava/lang/invoke/LambdaForm$NamedFunction; 6 [Ljava/lang/invoke/LambdaForm$NamedFunction;
staticfield java/lang/invoke/LambdaForm createFormsLock Ljava/lang/Object; java/lang/Object
staticfield java/lang/invoke/LambdaForm DEBUG_NAME_COUNTERS Ljava/util/HashMap; null
staticfield java/lang/invoke/LambdaForm DEBUG_NAMES Ljava/util/HashMap; null
staticfield java/lang/invoke/LambdaForm TRACE_INTERPRETER Z 0
staticfield java/lang/invoke/LambdaForm $assertionsDisabled Z 1
ciInstanceKlass java/lang/invoke/MethodHandleNatives 1 1 684 100 1 10 7 12 1 1 1 9 7 12 1 1 1 10 12 1 1 100 1 10 10 12 1 1 10 12 1 10 12 1 8 1 8 1 8 1 8 1 8 1 8 1 8 1 8 1 8 1 8 1 10 12 1 1 7 1 10 7 12 1 1 1 10 100 12 1 1 1 7 1 10 10 12 1 1 8 1 10 12 1 8 1 10 12 1 1 8 1 10 12 1 1 9 100 12 1 1 1 8 1 10 100 12 1 1 1 100 1 10 12 100 1 100 1 8 1 7 1 10 10 12 1 7 1 9 7 12 1 1 10 12 1 1 10 12 1 10 7 12 1 1 1 7 1 10 12 1 1 10 7 12 1 1 1 10 12 1 10 12 1 1 10 12 1 1 9 12 1 8 1 10 12 1 8 1 10 12 1 8 1 8 1 8 1 100 1 10 12 1 8 1 10 12 1 1 10 12 1 10 100 12 1 1 1 100 1 8 1 10 100 12 1 1 1 7 1 8 1 10 12 1 8 1 8 1 8 1 8 1 8 1 10 12 1 1 10 12 1 1 10 12 1 10 12 1 1 10 12 1 1 7 1 10 12 1 100 1 100 1 10 12 1 10 12 1 8 1 8 1 10 10 12 1 1 10 12 1 1 8 1 10 100 12 1 1 1 8 1 8 1 10 12 1 1 10 7 12 1 1 1 100 1 10 12 1 1 7 1 9 12 1 1 10 7 12 1 1 1 10 10 12 1 9 12 1 10 12 1 1 9 12 1 9 12 1 10 12 1 1 10 12 1 10 12 1 1 7 1 7 1 10 12 1 1 10 12 1 10 12 1 1 10 7 12 1 1 1 10 12 1 8 1 10 12 1 10 12 1 10 12 1 1 10 12 1 10 7 12 1 1 1 10 12 1 1 100 1 8 1 10 9 7 12 1 1 1 10 12 1 1 10 12 1 1 100 1 10 12 1 1 10 12 1 1 100 1 100 1 10 10 100 1 100 1 10 100 1 10 10 12 1 1 10 100 1 10 12 1 10 12 1 10 12 1 1 10 12 1 1 10 12 1 1 10 12 1 10 12 1 1 10 8 1 100 1 10 12 1 10 12 1 10 12 1 10 12 1 10 12 1 1 10 12 1 9 12 1 1 10 7 12 1 1 1 9 12 1 1 11 7 12 1 1 1 10 12 1 10 12 1 10 10 12 1 10 7 12 1 1 1 1 1 1 1 1 1 1 1 1 1 1 1 100 1 1 1 1 1 1 1 1 1 1 1 1 1 1 1 1 1 1 1 1 1 1 1 1 1 1 1 1 1 1 1 1 1 1 1 1 1 1 1 1 1 1 1 1 1 1 1 1 1 1 1 1 1 1 1 1 1 1 1 1 1 1 1 1 1 1 1 1 1 1 1 1 1 1 1 1 1 1 1 1 1 1 1 1 1 1 1 1 1 1 1 1 1 1 1 1 1 1 100 1 1 1 1 1 1 1 1 1 1 1 1 1 1 1 1 1 1 1 1 1 1 1 1 1 1 1 1 100 1 1 1 1 1 1 1 100 1 1 1
staticfield java/lang/invoke/MethodHandleNatives JLA Ljdk/internal/access/JavaLangAccess; java/lang/System$2
staticfield java/lang/invoke/MethodHandleNatives $assertionsDisabled Z 1
ciInstanceKlass jdk/internal/reflect/ConstantPool 1 1 142 10 100 12 1 1 1 9 7 12 1 1 1 10 12 1 1 10 12 1 1 10 12 1 10 12 1 1 10 12 1 1 10 12 1 10 12 1 1 10 12 1 10 12 1 1 10 12 1 10 12 1 10 12 1 10 12 1 1 10 12 1 1 10 12 1 1 10 12 1 1 10 12 1 10 12 1 1 10 100 12 1 1 1 8 11 7 12 1 1 1 10 7 12 1 1 1 1 1 1 1 1 1 1 1 1 1 1 1 1 1 1 1 1 1 1 1 1 1 1 1 1 1 1 1 1 1 1 1 1 1 1 1 1 1 1 1 1 1 1 1 1
instanceKlass jdk/internal/reflect/UnsafeStaticFloatFieldAccessorImpl
instanceKlass jdk/internal/reflect/UnsafeStaticIntegerFieldAccessorImpl
instanceKlass jdk/internal/reflect/UnsafeStaticBooleanFieldAccessorImpl
instanceKlass jdk/internal/reflect/UnsafeStaticObjectFieldAccessorImpl
instanceKlass jdk/internal/reflect/UnsafeQualifiedStaticFieldAccessorImpl
ciInstanceKlass jdk/internal/reflect/UnsafeStaticFieldAccessorImpl 1 1 47 10 7 12 1 1 1 9 7 12 1 1 1 10 7 12 1 1 1 9 12 1 1 8 11 7 12 1 1 1 10 7 12 1 1 1 1 1 1 1 1 1 1 1 1 1 1
instanceKlass jdk/internal/reflect/UnsafeFieldAccessorImpl
ciInstanceKlass jdk/internal/reflect/FieldAccessorImpl 1 1 59 10 7 12 1 1 1 100 1 100 1 1 1 1 1 1 1 1 1 100 1 1 1 1 1 1 1 1 1 1 1 1 1 1 1 1 1 1 1 100 1 1 1 1 1 1 1 1 1 1 1 1 1 1 1 1 1 1 1
instanceKlass jdk/internal/reflect/UnsafeShortFieldAccessorImpl
instanceKlass jdk/internal/reflect/UnsafeLongFieldAccessorImpl
instanceKlass jdk/internal/reflect/UnsafeByteFieldAccessorImpl
instanceKlass jdk/internal/reflect/UnsafeFloatFieldAccessorImpl
instanceKlass jdk/internal/reflect/UnsafeIntegerFieldAccessorImpl
instanceKlass jdk/internal/reflect/UnsafeQualifiedFieldAccessorImpl
instanceKlass jdk/internal/reflect/UnsafeBooleanFieldAccessorImpl
instanceKlass jdk/internal/reflect/UnsafeObjectFieldAccessorImpl
instanceKlass jdk/internal/reflect/UnsafeStaticFieldAccessorImpl
ciInstanceKlass jdk/internal/reflect/UnsafeFieldAccessorImpl 1 1 254 10 7 12 1 1 1 9 7 12 1 1 1 10 7 12 1 1 1 10 7 12 1 1 1 9 12 1 1 10 7 12 1 1 1 9 12 1 1 10 12 1 10 12 1 9 12 1 10 12 1 1 10 7 12 1 1 10 7 12 1 1 1 10 12 1 1 100 1 10 10 12 1 1 10 12 1 1 8 1 10 10 12 1 100 1 8 1 10 12 1 8 1 10 12 1 8 1 10 12 1 100 1 10 12 1 1 10 8 1 10 12 1 1 8 1 10 100 12 1 1 8 1 10 100 12 1 1 8 1 10 100 12 1 1 8 1 10 100 12 1 1 8 1 10 100 12 1 1 8 1 10 100 12 1 1 8 1 10 100 12 1 1 8 1 10 100 12 1 1 10 12 1 1 8 1 8 1 8 1 8 1 8 1 8 1 10 100 12 1 1 1 8 1 8 1 8 1 10 12 10 12 1 1 1 1 1 1 1 1 1 1 1 1 1 1 1 1 1 1 1 1 1 1 1 1 1 1 1 1 1 1 1 1 1 1 1 1 1 1 1 1 1 1 1 1 1 1 1 1 1 1 1 1
staticfield jdk/internal/reflect/UnsafeFieldAccessorImpl unsafe Ljdk/internal/misc/Unsafe; jdk/internal/misc/Unsafe
ciInstanceKlass java/lang/invoke/ConstantCallSite 1 1 65 10 7 12 1 1 1 9 7 12 1 1 1 9 12 1 1 10 7 12 1 1 1 10 12 1 100 1 10 12 9 12 1 1 100 1 10 10 12 1 1 10 12 1 1 1 1 1 1 1 1 1 1 1 1 1 100 1 1 1 1 1 1 1 1
staticfield java/lang/invoke/ConstantCallSite UNSAFE Ljdk/internal/misc/Unsafe; jdk/internal/misc/Unsafe
ciInstanceKlass java/lang/invoke/MutableCallSite 0 0 63 10 100 12 1 1 1 10 12 1 9 100 12 1 1 1 10 12 1 10 12 1 1 9 12 1 1 10 100 12 1 1 1 10 100 12 1 1 1 10 12 1 1 1 1 1 1 1 1 1 1 1 1 1 1 1 1 1 1 100 1 1 1
instanceKlass java/lang/invoke/VarHandleReferences$Array
instanceKlass java/lang/invoke/VarHandleReferences$FieldStaticReadOnly
instanceKlass java/lang/invoke/VarHandleBooleans$FieldInstanceReadOnly
instanceKlass java/lang/invoke/VarHandleByteArrayAsLongs$ByteArrayViewVarHandle
instanceKlass java/lang/invoke/VarHandleByteArrayAsInts$ByteArrayViewVarHandle
instanceKlass java/lang/invoke/VarHandleInts$FieldStaticReadOnly
instanceKlass java/lang/invoke/VarHandleLongs$FieldInstanceReadOnly
instanceKlass java/lang/invoke/VarHandleInts$FieldInstanceReadOnly
instanceKlass java/lang/invoke/VarHandleReferences$FieldInstanceReadOnly
ciInstanceKlass java/lang/invoke/VarHandle 1 1 390 10 7 12 1 1 1 10 7 12 1 1 9 12 1 1 9 12 1 1 100 1 10 8 1 10 12 1 1 10 7 12 1 1 1 10 12 1 1 10 100 12 1 1 1 9 100 12 1 1 1 10 12 1 1 10 100 12 1 1 1 10 12 1 1 9 12 1 10 12 1 9 12 1 1 10 7 12 1 1 10 12 1 9 7 12 1 1 1 9 12 1 1 10 12 1 1 100 1 100 1 10 8 1 10 12 1 1 10 12 1 8 1 10 12 1 10 12 1 10 12 1 1 9 7 12 1 1 1 10 12 1 10 12 1 1 10 12 1 10 10 100 12 1 1 1 10 12 1 1 10 12 1 1 10 100 12 1 1 1 10 100 12 1 1 1 10 100 12 1 1 1 9 12 1 1 10 9 12 1 1 10 12 1 10 12 1 10 12 1 1 10 12 1 10 100 12 1 1 1 9 12 1 1 10 12 1 1 9 12 1 10 12 1 10 12 1 10 100 12 1 1 100 1 10 9 7 12 1 1 1 9 12 1 1 10 7 12 1 1 1 10 12 1 10 12 1 10 12 1 10 12 1 10 12 1 10 12 1 1 7 1 10 10 7 12 1 1 1 9 12 1 1 8 10 12 1 1 7 1 10 12 1 1 100 1 1 1 1 1 1 1 1 1 1 1 1 1 1 1 1 1 1 1 1 1 1 1 1 1 1 1 1 1 1 1 1 1 1 1 1 1 1 1 1 1 1 1 1 1 1 1 1 1 1 1 1 1 1 1 1 1 1 1 1 1 1 1 1 1 1 1 1 1 1 1 1 1 1 1 1 1 1 1 1 1 1 1 1 1 1 1 1 1 100 1 100 1 100 1 1 1 1 1 1 1 100 1 1 1
staticfield java/lang/invoke/VarHandle AIOOBE_SUPPLIER Ljava/util/function/BiFunction; jdk/internal/util/Preconditions$1
staticfield java/lang/invoke/VarHandle VFORM_OFFSET J 16
staticfield java/lang/invoke/VarHandle $assertionsDisabled Z 1
ciInstanceKlass java/lang/invoke/MemberName 1 1 757 7 1 7 1 100 1 9 12 1 1 10 7 12 1 1 1 9 12 1 1 10 12 1 1 10 12 1 1 10 12 1 1 10 12 1 10 12 1 1 10 7 12 1 1 1 10 12 1 9 100 12 1 1 10 12 1 100 1 100 1 10 12 1 8 1 10 12 1 1 10 12 1 10 12 1 1 10 12 1 9 12 1 1 8 1 10 100 12 1 1 1 7 1 10 10 12 1 1 100 1 100 1 10 12 1 1 9 12 1 1 100 1 8 1 10 12 1 10 12 1 10 12 1 10 12 1 10 12 1 1 10 12 1 10 12 1 10 12 1 1 10 12 1 1 10 12 1 8 1 8 1 8 1 10 100 12 1 1 1 10 12 1 9 12 1 1 3 10 12 1 10 12 1 10 12 1 10 10 7 12 1 1 1 10 12 1 10 12 1 10 12 1 10 12 1 7 1 8 10 12 1 1 10 12 1 1 8 1 9 100 1 8 9 100 1 10 12 1 1 10 12 1 10 12 1 8 1 10 12 1 1 10 12 1 10 12 1 10 12 1 10 12 1 1 100 1 10 12 1 1 10 12 1 8 1 10 12 1 10 12 1 8 1 10 12 1 1 10 12 1 1 100 1 10 12 1 1 10 12 8 1 8 1 100 1 10 12 1 10 100 12 1 1 1 100 1 10 12 10 12 1 10 12 1 10 12 1 10 12 1 10 10 12 1 10 12 1 10 12 1 3 10 12 1 3 10 12 1 3 3 3 3 3 3 3 100 1 10 12 1 10 7 12 1 1 1 10 12 1 3 9 12 1 10 12 1 1 3 10 12 1 10 10 7 12 1 1 1 10 12 1 1 10 100 1 10 10 12 1 10 12 1 10 12 1 10 10 12 1 1 10 12 1 10 12 1 10 12 1 100 1 10 10 10 12 100 1 10 10 10 12 1 1 10 12 1 1 10 10 12 1 8 10 100 1 10 12 1 10 100 1 10 12 1 10 12 1 10 12 1 10 10 12 1 10 12 1 1 10 12 1 1 10 12 1 10 12 1 10 12 1 100 1 10 12 1 1 100 1 8 1 10 7 1 10 12 1 10 12 10 12 1 1 10 12 1 10 12 1 8 1 8 1 8 1 8 1 10 12 1 10 12 1 10 12 1 1 8 1 8 1 10 12 1 8 1 10 10 12 1 10 12 1 8 1 8 1 10 10 12 1 8 1 10 100 12 1 1 1 8 1 10 12 1 10 12 1 1 10 12 1 8 1 8 1 8 1 8 1 100 1 10 8 1 8 1 8 1 8 1 10 12 1 100 1 100 1 100 1 10 100 1 10 100 1 10 100 12 1 1 1 9 7 12 1 1 1 100 1 100 1 1 1 1 1 1 1 3 1 3 1 3 1 3 1 3 1 3 1 1 1 1 1 1 1 1 3 1 3 1 1 1 1 3 1 1 1 1 1 1 1 1 1 1 1 1 1 1 1 1 1 1 1 1 1 1 1 1 1 1 1 1 1 1 1 1 1 1 1 1 1 1 1 1 1 1 1 1 1 1 1 1 1 1 1 1 1 1 1 1 1 1 1 1 1 1 1 1 1 1 1 1 1 1 1 1 1 1 1 1 1 1 1 1 1 1 1 1 1 1 1 1 1 1 1 1 1 1 1 1 1 1 1 1 1 1 1 1 1 1 100 1 1 1 1 1 1 1 1 1 1 1 1 1 1 1
staticfield java/lang/invoke/MemberName $assertionsDisabled Z 1
ciInstanceKlass java/lang/invoke/ResolvedMethodName 1 1 16 10 100 12 1 1 1 100 1 1 1 1 1 1 1 1
ciInstanceKlass java/lang/StackWalker 0 0 235 9 100 12 1 1 1 10 100 12 1 1 1 100 1 10 100 12 1 1 1 10 12 1 1 11 100 12 1 1 1 10 12 1 1 10 12 1 1 10 12 1 1 100 1 8 1 10 12 1 10 12 1 10 12 1 10 100 12 1 1 9 12 1 1 9 12 1 1 9 12 1 1 9 12 1 1 10 12 1 1 9 12 1 1 10 100 12 1 1 1 11 12 1 1 100 1 8 1 10 10 100 12 1 1 9 12 1 1 10 12 1 1 10 100 12 1 1 1 10 100 12 1 1 1 18 12 1 1 100 1 8 1 10 10 12 1 1 10 100 12 1 1 1 9 100 12 1 1 11 100 12 1 1 1 10 12 1 1 1 1 1 1 1 1 1 1 1 1 1 1 1 1 1 1 1 1 1 1 1 1 1 1 1 1 1 1 1 1 1 1 1 1 1 1 1 1 1 1 1 1 1 1 1 1 1 1 1 100 1 1 15 10 100 12 1 1 1 16 15 10 12 16 1 1 1 1 1 1 1 100 1 100 1 1
ciInstanceKlass java/lang/StackStreamFactory$AbstractStackWalker 1 0 306 100 1 100 1 3 10 100 12 1 1 1 10 100 12 1 1 10 100 12 1 1 1 9 12 1 1 10 12 1 1 9 12 1 1 9 12 1 1 9 12 1 1 9 12 1 9 100 12 1 1 1 10 100 12 1 1 1 10 12 1 1 9 12 1 1 10 100 12 1 1 1 10 12 1 1 9 12 1 1 9 100 12 1 1 1 100 1 10 8 1 10 12 1 1 10 12 1 8 1 10 12 1 1 10 100 12 1 1 1 100 1 8 1 10 12 1 8 1 10 12 9 100 12 1 1 1 10 100 12 1 1 9 12 1 8 1 5 0 8 1 8 1 9 12 1 1 10 12 1 1 10 12 1 1 10 12 1 9 12 1 10 12 1 10 12 1 10 12 1 10 12 1 1 10 12 1 10 12 1 1 8 1 10 12 1 10 12 1 10 12 1 10 12 1 1 8 1 10 12 1 1 10 12 1 1 10 12 1 1 10 12 1 10 12 1 10 100 12 1 1 1 9 12 1 8 1 10 12 1 10 12 1 10 12 1 10 12 1 10 12 1 10 12 1 10 12 1 1 10 12 1 1 10 12 1 1 10 12 1 8 1 1 1 1 1 1 1 1 1 1 1 1 1 1 1 1 1 1 100 1 1 1 1 100 1 1 1 1 1 1 1 1 1 1 1 1 1 1 1 1 1 1 1 1 1
ciInstanceKlass java/util/Comparator 1 1 288 10 100 12 1 1 1 10 100 12 1 1 1 18 12 1 1 100 1 100 1 11 12 1 1 11 12 1 11 12 1 11 12 1 1 11 12 1 1 11 12 1 1 10 12 1 9 100 12 1 1 1 100 1 10 12 1 1 18 12 1 18 12 18 12 18 12 18 12 10 100 12 1 1 1 10 100 12 1 1 1 8 1 10 12 1 1 8 1 8 1 8 1 8 1 8 1 10 12 1 10 12 1 8 10 100 1 10 12 1 8 10 12 1 8 1 10 12 1 10 12 1 8 1 10 12 1 1 100 1 8 1 100 1 8 1 8 1 100 1 8 1 8 1 100 1 100 1 8 1 10 12 1 11 12 1 1 10 100 12 1 1 11 12 1 1 10 100 12 1 1 11 12 1 1 10 100 12 1 1 11 12 1 100 1 11 12 1 11 12 1 1 1 1 1 1 1 1 1 1 1 1 1 1 1 1 1 1 1 1 1 1 1 1 1 1 1 1 1 1 1 1 1 1 1 1 1 1 1 1 1 1 1 1 1 1 1 1 1 1 1 1 1 1 1 1 1 1 1 1 15 10 100 12 1 1 1 16 15 11 12 3 3 15 11 12 15 11 12 15 11 12 15 11 12 15 11 12 1 100 1 1 1 100 1 100 1 1
ciInstanceKlass jdk/internal/module/Modules 1 1 504 10 100 12 1 1 1 9 7 12 1 1 1 11 7 12 1 1 1 11 12 1 1 11 12 1 1 11 12 1 1 11 12 1 11 12 1 11 12 1 11 12 1 11 12 1 1 10 100 12 1 1 1 10 100 12 1 1 1 18 12 1 1 10 100 12 1 1 1 100 1 10 100 12 1 1 1 10 100 12 1 1 1 10 100 12 1 1 10 12 1 1 11 12 1 9 12 1 1 11 100 12 1 1 1 10 12 1 1 10 10 12 1 10 9 12 1 1 10 100 12 1 1 10 12 1 1 10 100 12 1 1 100 1 11 100 12 1 1 1 10 100 12 1 1 1 11 100 12 1 1 10 12 1 1 10 100 12 1 1 10 100 12 1 1 1 10 12 1 1 10 12 1 1 11 12 1 1 18 12 1 1 11 100 12 1 1 10 100 12 1 1 1 11 100 12 1 1 1 100 1 11 12 1 1 11 100 12 1 1 1 11 12 1 1 10 12 1 1 10 100 12 1 1 18 12 1 1 11 12 1 1 18 12 1 1 11 12 1 1 10 12 1 18 18 10 12 1 1 9 12 1 1 11 100 12 1 1 1 100 1 10 11 12 1 11 12 1 1 11 12 1 1 10 100 1 10 12 1 1 10 100 12 1 1 10 12 1 1 11 12 10 12 1 1 100 1 10 18 12 1 10 12 1 1 100 1 8 1 10 12 1 10 100 12 1 1 18 12 1 11 11 12 10 12 1 10 10 100 1 18 12 1 10 10 10 7 12 1 1 10 7 12 1 1 1 10 12 1 1 1 1 1 1 1 1 1 1 1 1 1 1 1 1 1 1 1 1 1 1 1 1 1 1 1 1 1 1 1 1 1 100 1 1 1 1 1 1 1 1 1 1 1 1 1 1 1 1 1 1 1 1 1 1 1 1 1 1 1 1 1 1 1 1 1 1 1 100 1 1 1 1 1 1 1 1 1 1 1 1 1 1 1 1 1 1 1 1 1 1 1 15 10 100 12 1 1 1 16 15 10 12 1 16 16 15 10 12 1 16 1 16 1 15 10 12 1 16 1 16 1 15 10 12 16 1 15 10 16 1 15 10 12 16 1 15 10 12 16 15 10 12 16 15 10 12 1 1 1 100 1 100 1 1
staticfield jdk/internal/module/Modules JLA Ljdk/internal/access/JavaLangAccess; java/lang/System$2
staticfield jdk/internal/module/Modules JLMA Ljdk/internal/access/JavaLangModuleAccess; java/lang/module/ModuleDescriptor$1
staticfield jdk/internal/module/Modules $assertionsDisabled Z 1
ciMethod java/util/Arrays sort ([Ljava/lang/Object;Ljava/util/Comparator;)V 522 0 2250 0 -1
ciMethod java/lang/Math max (FF)F 1024 0 5946 0 -1
ciMethod java/lang/Math min (FF)F 1024 0 5864 0 -1
ciMethod java/util/Iterator hasNext ()Z 0 0 1 0 -1
ciMethod java/util/Iterator next ()Ljava/lang/Object; 0 0 1 0 -1
instanceKlass mindustry/ui/dialogs/EffectsDialog$BoundsBatch
instanceKlass arc/graphics/g3d/PlaneBatch3D
instanceKlass mindustry/graphics/FloorRenderer$FloorRenderBatch
instanceKlass arc/graphics/g2d/CacheBatch
instanceKlass arc/graphics/g2d/SpriteBatch
ciInstanceKlass arc/graphics/g2d/Batch 1 1 149 10 7 12 1 1 1 9 7 12 1 1 1 9 12 1 1 7 1 10 9 12 1 1 9 12 1 9 12 1 9 7 12 1 1 1 9 12 1 9 12 1 1 9 7 12 1 1 1 9 12 1 9 12 1 9 12 1 9 12 1 11 100 12 1 1 10 12 1 9 12 1 1 9 12 1 10 7 12 1 1 10 12 1 1 10 12 1 10 12 1 1 8 1 10 12 1 1 10 12 1 1 9 12 1 100 1 1 1 1 1 1 1 1 1 1 1 1 1 1 1 1 1 1 1 1 1 1 1 1 1 1 1 1 1 1 1 1 1 1 1 1 1 1 1 1 1 1 1
ciInstanceKlass arc/graphics/g2d/SpriteBatch 1 1 523 7 1 10 12 1 1 10 7 12 1 1 9 7 12 1 1 1 9 12 1 9 12 1 9 12 1 1 3 9 12 1 9 12 1 1 7 1 9 12 1 1 9 12 1 9 12 1 1 9 12 1 9 12 1 9 12 1 9 12 1 1 4 10 7 12 1 1 1 9 12 1 100 1 100 1 10 8 1 10 12 1 1 10 12 1 10 12 1 1 10 12 1 9 12 1 1 9 7 12 1 1 1 10 7 12 1 1 1 10 12 1 10 7 12 1 1 1 7 1 7 1 9 12 1 1 9 12 1 9 12 1 9 12 1 10 12 1 9 12 1 1 10 12 1 1 10 12 1 1 10 7 12 1 1 10 12 1 10 12 1 10 12 1 1 9 12 1 1 9 12 1 10 12 1 1 9 12 1 1 10 7 1 10 9 12 1 1 7 1 10 12 1 10 9 12 1 10 12 1 9 12 1 8 1 10 12 1 1 9 12 1 1 10 12 1 9 12 1 1 9 12 1 1 9 12 1 1 9 9 12 1 10 12 1 1 10 7 12 1 1 1 9 12 1 10 12 1 9 12 1 10 12 1 1 10 12 1 10 12 1 1 9 7 1 10 12 1 11 7 12 1 10 100 12 1 1 1 10 12 1 100 10 12 1 10 12 1 9 12 1 10 12 1 10 7 12 1 1 10 12 1 9 12 1 9 12 1 10 12 10 7 12 1 1 1 10 7 1 9 12 1 10 7 1 10 12 1 1 10 12 1 9 12 1 9 12 1 10 12 1 1 10 12 1 1 10 7 12 1 1 1 10 12 1 1 10 12 1 9 12 1 9 12 1 9 12 1 9 12 1 10 7 12 1 1 1 10 12 1 1 10 12 1 8 1 8 1 10 12 1 10 12 1 10 12 1 10 7 12 1 1 1 9 7 12 1 1 9 12 1 9 12 1 9 12 1 9 12 1 1 10 12 1 10 7 12 1 1 1 10 12 1 1 1 3 1 3 1 3 1 1 1 1 1 1 1 1 1 1 1 1 1 1 1 1 100 1 1 1 1 1 1 1 1 1 1 1 1 1 1 1 1 1 1 1 1 1 1 1 1 1 1 1 100 1 1 1 1 1 1 1 1 1 1 1 1 1 1 1 1 1 1 1 1 1 1 1 1 1 100 1 1 1 1 1 1 1 1 1 1 1 1
staticfield arc/graphics/g2d/SpriteBatch emptyVertices [F 0
ciInstanceKlass arc/util/Eachable 1 0 12 100 1 100 1 1 1 1 1 1 1 1
instanceKlass arc/util/serialization/Jval$JsonArray
instanceKlass arc/struct/DelayedRemovalSeq
instanceKlass mindustry/io/TypeIO$ClientBuildPlans
instanceKlass arc/struct/SnapshotSeq
ciInstanceKlass arc/struct/Seq 1 1 775 10 7 12 1 1 1 10 7 12 1 1 9 12 1 1 9 12 1 1 10 7 12 1 1 1 7 10 12 1 9 12 1 1 10 12 1 1 10 7 12 1 1 10 7 12 1 1 1 10 12 1 10 10 12 1 1 10 12 1 1 10 12 1 11 7 12 1 1 1 11 7 12 1 1 1 11 12 1 1 10 12 1 11 7 12 1 1 1 11 7 12 1 1 7 1 10 10 12 1 1 18 12 1 10 12 1 100 1 10 10 12 1 1 18 12 1 10 12 1 1 10 7 12 1 1 1 10 12 1 100 1 10 10 100 12 1 1 18 12 1 10 12 1 1 11 7 12 1 1 11 7 12 1 11 7 12 1 1 10 12 1 100 1 10 10 12 100 1 10 10 12 1 11 100 12 1 11 7 12 1 1 1 100 1 4 4 10 12 1 4 10 7 12 1 1 1 10 12 1 1 4 10 12 1 100 1 100 1 10 8 1 10 12 1 1 10 12 1 8 1 8 1 10 12 1 1 10 12 1 10 12 1 1 10 12 1 10 12 1 10 7 12 1 1 1 10 12 1 100 1 8 1 8 1 10 8 1 8 1 8 1 8 1 10 12 1 10 12 1 1 10 12 1 10 12 1 10 12 1 10 12 1 10 12 8 1 8 1 10 11 12 10 12 1 11 100 12 1 10 12 1 100 1 8 1 10 8 1 10 12 1 10 12 1 10 7 12 1 1 1 10 12 1 1 10 12 1 10 7 12 1 1 1 10 12 1 1 10 12 1 18 12 1 10 12 1 1 18 12 1 10 12 1 100 1 8 1 10 10 100 12 1 1 10 12 1 1 10 12 1 1 10 12 1 1 8 1 10 7 12 1 9 12 1 1 10 12 1 10 12 10 12 1 10 10 12 1 1 10 12 1 1 8 1 10 10 12 1 10 12 1 8 1 8 1 7 1 18 10 12 1 9 12 1 1 7 1 10 10 9 12 1 100 1 1 1 1 1 1 1 1 1 1 1 1 1 1 1 1 1 1 1 1 1 1 1 1 1 1 1 1 1 1 1 1 1 1 1 1 1 1 1 1 1 1 1 1 1 1 1 1 1 1 1 1 1 1 1 1 1 1 1 1 1 1 1 1 1 1 1 1 1 1 1 1 1 1 1 1 1 1 1 1 1 1 1 1 1 1 1 1 1 1 1 1 1 1 1 1 1 1 1 1 1 1 1 1 1 1 1 1 1 1 1 1 1 1 1 1 1 1 1 1 1 1 1 1 1 1 1 1 1 1 1 1 1 1 1 1 1 1 1 1 1 1 1 1 1 1 1 1 1 1 1 1 1 1 1 1 1 1 1 1 1 1 1 1 1 1 1 1 1 1 1 1 1 1 1 1 1 1 1 1 1 1 1 1 1 1 1 1 1 1 1 1 1 1 1 1 1 1 1 1 1 1 1 1 1 1 1 1 1 1 1 1 1 1 1 1 1 1 1 1 1 1 1 1 1 1 1 1 1 1 1 1 1 1 1 1 1 1 1 1 1 1 1 1 1 1 1 1 1 1 1 1 1 1 1 1 1 1 1 1 1 1 1 1 1 1 1 1 1 1 1 1 1 1 1 1 1 1 1 1 1 1 1 1 1 1 1 1 1 1 1 1 1 1 1 1 1 1 1 1 1 1 1 16 15 16 16 15 10 12 16 15 10 12 15 10 12 16 15 10 12 15 10 12 1 1 16 15 10 7 12 1 1 1 1 1 100 1 100 1 1
ciInstanceKlass arc/math/Mathf 1 1 462 7 1 10 100 12 1 1 1 9 12 1 1 4 4 4 4 9 7 12 1 1 1 10 12 1 1 10 12 1 10 12 1 10 12 1 10 12 1 1 4 4 10 7 12 1 1 4 4 10 12 1 1 6 0 6 0 6 0 6 0 6 0 6 0 6 0 10 12 1 4 10 12 1 1 3 3 3 3 3 10 12 1 10 12 1 10 12 1 1 10 12 1 10 12 1 10 12 1 10 12 1 6 0 10 12 1 1 9 12 1 1 10 7 12 1 1 1 9 12 1 10 12 1 1 10 12 1 1 10 12 1 1 10 12 10 12 1 9 12 1 10 12 1 1 10 12 1 1 5 0 4 10 12 1 10 12 1 10 12 1 10 12 1 10 12 10 12 10 12 10 12 10 12 10 12 1 10 12 1 10 12 10 12 1 4 10 12 1 6 0 6 0 6 0 10 12 4 6 0 10 12 1 10 12 10 7 12 1 1 10 12 1 11 100 12 1 1 11 12 1 10 12 1 1 9 12 1 1 10 7 12 1 1 1 10 12 1 10 12 1 9 12 1 10 12 1 1 9 12 1 9 12 1 10 12 1 1 10 12 1 1 9 12 1 1 9 12 1 9 12 1 1 10 12 9 12 1 4 9 12 1 10 10 9 12 1 4 10 12 4 1 1 1 1 1 1 1 4 1 1 1 1 1 1 6 0 1 6 0 1 1 3 1 3 1 3 1 1 1 1 1 1 1 1 1 1 1 1 1 1 1 1 1 1 1 1 1 1 1 1 1 1 1 1 1 1 1 1 1 1 1 1 1 1 1 1 1 1 1 1 1 1 1 1 1 1 1 1 1 1 1 1 1 1 1 1 1 1 1 1 1 1 1 1 1 1 1 1 1 1 1 1 1 1 1 1 1 1 1 1 1 1 1 1 1 1 1 1 1 1 1 1 1 1 1 1 1 1 1 1 1 1 1 1 1 1 1 1 1 1 1 1 1 1 1 1 1 1 1 1 1 1 1 1 1 1 1 1 1 1 1 1 1 1 1 1 1 1 1 1 1
staticfield arc/math/Mathf signs [I 2
staticfield arc/math/Mathf zeroOne [I 2
staticfield arc/math/Mathf booleans [Z 2
staticfield arc/math/Mathf sqrt2 F 1068827891
staticfield arc/math/Mathf sqrt3 F 1071494103
staticfield arc/math/Mathf sinTable [F 16384
staticfield arc/math/Mathf seedr Larc/math/Rand; arc/math/Rand
staticfield arc/math/Mathf v1 Larc/math/geom/Vec2; arc/math/geom/Vec2
staticfield arc/math/Mathf v2 Larc/math/geom/Vec2; arc/math/geom/Vec2
staticfield arc/math/Mathf v3 Larc/math/geom/Vec2; arc/math/geom/Vec2
ciInstanceKlass arc/math/geom/Position 1 1 54 11 7 12 1 1 1 11 12 1 10 7 12 1 1 1 11 12 1 1 11 12 1 10 7 12 1 1 1 11 12 1 1 10 12 100 1 1 1 1 1 1 1 1 1 1 1 1 1 1 1 1 1 1
ciInstanceKlass arc/math/geom/Vec2 1 1 448 10 7 12 1 1 1 9 7 12 1 1 1 9 12 1 10 12 1 1 10 12 1 10 12 1 1 7 1 4 10 12 1 10 12 1 10 7 12 1 1 1 11 7 12 1 1 1 11 12 1 9 100 1 9 10 12 1 10 12 1 10 12 1 4 10 12 1 10 12 1 10 12 1 10 12 1 10 12 1 10 12 1 100 1 10 8 1 10 12 1 1 10 12 1 8 1 8 1 10 12 1 1 10 12 1 1 10 7 12 1 1 1 10 12 1 1 10 12 1 1 10 12 1 1 10 7 12 1 1 1 7 1 10 12 1 1 100 1 100 1 8 1 10 12 1 9 7 12 1 1 1 10 12 1 1 4 4 10 12 1 1 10 12 1 10 12 1 10 12 1 10 12 1 10 12 1 10 12 1 10 100 12 1 1 10 12 1 10 12 10 12 10 12 1 1 10 12 1 10 12 10 12 9 7 12 1 1 10 12 1 1 10 12 10 12 10 12 11 7 12 1 1 10 12 1 4 10 12 1 10 100 1 10 12 1 1 10 12 1 1 10 12 1 4 10 12 1 1 10 12 1 10 12 1 1 10 12 1 4 10 12 1 10 12 1 10 12 1 10 12 1 10 12 1 10 12 1 1 10 12 10 12 1 10 12 1 10 12 1 10 12 10 12 1 10 12 10 12 1 10 12 10 12 1 1 10 12 1 10 12 1 10 12 1 10 12 10 12 1 10 12 10 12 1 10 12 1 9 12 1 1 9 12 1 9 12 1 100 1 1 1 1 1 1 1 1 1 1 1 1 1 1 1 1 1 1 1 1 1 1 1 1 1 1 1 1 1 1 1 1 1 1 1 1 1 1 1 1 1 1 1 1 1 1 1 1 1 1 1 1 1 1 1 1 1 1 1 1 1 1 1 1 1 1 1 1 1 1 1 1 1 1 1 1 1 1 1 1 1 1 1 1 1 1 1 1 1 1 1 1 1 1 1 1 1 1 1 1 1 1 1 1 1 1 1 1 1
staticfield arc/math/geom/Vec2 X Larc/math/geom/Vec2; arc/math/geom/Vec2
staticfield arc/math/geom/Vec2 Y Larc/math/geom/Vec2; arc/math/geom/Vec2
staticfield arc/math/geom/Vec2 ZERO Larc/math/geom/Vec2; arc/math/geom/Vec2
ciInstanceKlass arc/graphics/Color 1 1 532 10 7 12 1 1 1 10 7 12 1 1 1 9 12 1 1 9 12 1 9 12 1 9 12 1 10 12 1 1 10 12 1 10 12 1 1 10 10 12 1 1 10 7 12 1 1 1 10 12 1 1 10 12 1 1 4 10 12 1 10 7 12 1 1 1 10 12 1 1 10 12 1 5 0 10 7 12 1 1 1 10 12 1 1 10 12 1 1 4 4 4 3 3 3 3 3 10 12 1 1 10 12 1 10 7 12 1 1 4 3 10 12 1 10 7 12 1 1 1 4 10 12 1 10 12 1 1 10 12 1 10 7 12 1 1 10 12 1 10 12 1 10 12 9 100 12 1 1 9 12 1 9 12 1 10 12 10 12 1 1 9 12 1 1 10 12 1 1 10 12 1 10 12 1 1 10 12 1 10 12 1 7 1 10 10 12 1 1 10 12 1 10 7 12 1 1 1 10 12 1 1 10 8 1 10 12 1 1 4 4 10 12 1 1 10 12 1 4 4 10 12 1 10 12 1 4 6 0 10 12 1 10 12 6 0 4 10 12 1 10 12 1 1 10 12 1 4 10 12 1 10 12 1 10 12 1 10 12 10 12 1 9 12 1 1 3 10 12 1 9 12 1 3 9 12 1 3 9 12 1 9 12 1 9 12 1 10 12 1 9 12 1 9 12 1 9 12 1 10 12 1 9 12 1 1 9 12 1 9 12 1 9 12 1 4 9 12 1 3 9 12 1 3 9 12 1 3 9 12 1 9 12 1 9 12 1 3 9 12 1 3 9 12 1 3 9 12 1 3 9 12 1 3 9 12 1 3 9 12 1 3 9 12 1 3 9 12 1 3 9 12 1 3 9 12 1 3 9 12 1 3 9 12 1 3 9 12 1 3 9 12 1 3 9 12 1 3 9 12 1 3 9 12 1 3 9 12 1 9 12 1 3 9 12 1 3 9 12 1 3 9 12 1 1 1 1 1 1 1 1 1 1 1 1 1 1 1 1 1 1 1 1 1 1 1 1 1 1 1 1 1 1 1 1 1 1 1 1 1 1 1 1 1 1 1 1 1 1 1 1 1 1 1 1 1 1 1 1 1 1 1 1 1 1 1 1 1 1 1 1 1 1 1 1 1 1 1 1 1 1 1 1 1 1 1 1 1 1 1 1 1 1 1 1 1 1 1 1 1 1 1 1 1 1 1 1 1 1 1 1 1
staticfield arc/graphics/Color white Larc/graphics/Color; arc/graphics/Color
staticfield arc/graphics/Color lightGray Larc/graphics/Color; arc/graphics/Color
staticfield arc/graphics/Color gray Larc/graphics/Color; arc/graphics/Color
staticfield arc/graphics/Color darkGray Larc/graphics/Color; arc/graphics/Color
staticfield arc/graphics/Color black Larc/graphics/Color; arc/graphics/Color
staticfield arc/graphics/Color clear Larc/graphics/Color; arc/graphics/Color
staticfield arc/graphics/Color whiteFloatBits F -16777217
staticfield arc/graphics/Color clearFloatBits F 0
staticfield arc/graphics/Color blackFloatBits F -33554432
staticfield arc/graphics/Color whiteRgba I -1
staticfield arc/graphics/Color clearRgba I 0
staticfield arc/graphics/Color blackRgba I 255
staticfield arc/graphics/Color blue Larc/graphics/Color; arc/graphics/Color
staticfield arc/graphics/Color navy Larc/graphics/Color; arc/graphics/Color
staticfield arc/graphics/Color royal Larc/graphics/Color; arc/graphics/Color
staticfield arc/graphics/Color slate Larc/graphics/Color; arc/graphics/Color
staticfield arc/graphics/Color sky Larc/graphics/Color; arc/graphics/Color
staticfield arc/graphics/Color cyan Larc/graphics/Color; arc/graphics/Color
staticfield arc/graphics/Color teal Larc/graphics/Color; arc/graphics/Color
staticfield arc/graphics/Color green Larc/graphics/Color; arc/graphics/Color
staticfield arc/graphics/Color acid Larc/graphics/Color; arc/graphics/Color
staticfield arc/graphics/Color lime Larc/graphics/Color; arc/graphics/Color
staticfield arc/graphics/Color forest Larc/graphics/Color; arc/graphics/Color
staticfield arc/graphics/Color olive Larc/graphics/Color; arc/graphics/Color
staticfield arc/graphics/Color yellow Larc/graphics/Color; arc/graphics/Color
staticfield arc/graphics/Color gold Larc/graphics/Color; arc/graphics/Color
staticfield arc/graphics/Color goldenrod Larc/graphics/Color; arc/graphics/Color
staticfield arc/graphics/Color orange Larc/graphics/Color; arc/graphics/Color
staticfield arc/graphics/Color brown Larc/graphics/Color; arc/graphics/Color
staticfield arc/graphics/Color tan Larc/graphics/Color; arc/graphics/Color
staticfield arc/graphics/Color brick Larc/graphics/Color; arc/graphics/Color
staticfield arc/graphics/Color red Larc/graphics/Color; arc/graphics/Color
staticfield arc/graphics/Color scarlet Larc/graphics/Color; arc/graphics/Color
staticfield arc/graphics/Color crimson Larc/graphics/Color; arc/graphics/Color
staticfield arc/graphics/Color coral Larc/graphics/Color; arc/graphics/Color
staticfield arc/graphics/Color salmon Larc/graphics/Color; arc/graphics/Color
staticfield arc/graphics/Color pink Larc/graphics/Color; arc/graphics/Color
staticfield arc/graphics/Color magenta Larc/graphics/Color; arc/graphics/Color
staticfield arc/graphics/Color purple Larc/graphics/Color; arc/graphics/Color
staticfield arc/graphics/Color violet Larc/graphics/Color; arc/graphics/Color
staticfield arc/graphics/Color maroon Larc/graphics/Color; arc/graphics/Color
staticfield arc/graphics/Color tmpHSV [F 3
ciInstanceKlass arc/Core 1 1 71 10 100 12 1 1 1 10 7 12 1 1 1 9 7 12 1 1 1 8 1 9 7 12 1 1 1 10 7 12 1 1 1 9 12 1 1 1 1 1 1 1 1 1 1 1 1 1 1 1 1 1 1 1 1 1 1 1 1 1 1 1 1 1 1 1 1 1 1 1 1
ciInstanceKlass mindustry/Vars 1 1 1338 100 1 100 1 7 1 10 7 12 1 1 1 10 12 1 10 12 1 10 7 1 9 12 1 1 9 7 12 1 1 1 8 1 11 7 12 1 1 1 10 7 12 1 1 1 8 1 10 7 12 1 1 1 7 1 9 12 1 8 1 10 12 1 1 10 12 1 10 12 1 18 12 1 1 9 12 1 1 10 7 12 1 1 1 10 7 12 1 1 1 10 7 12 1 1 1 8 1 10 12 1 1 10 12 1 1 7 10 7 1 10 7 1 9 12 1 8 1 10 12 1 10 7 12 1 1 1 9 12 1 1 10 7 12 1 1 1 9 12 1 1 8 1 10 12 1 9 12 1 8 1 9 12 1 8 1 9 12 1 8 1 9 12 1 8 1 9 12 1 8 1 9 12 1 8 1 9 12 1 8 1 9 12 1 8 1 9 12 1 8 1 9 12 1 7 1 7 1 10 10 12 1 9 12 1 1 9 12 1 1 7 1 10 9 12 1 1 7 1 10 7 1 10 9 12 1 1 7 1 10 9 12 1 1 7 1 10 9 12 1 1 7 1 10 9 12 1 1 7 1 10 9 12 1 1 7 1 10 9 12 1 1 7 1 10 9 12 1 1 7 1 10 9 12 1 1 7 1 10 9 12 1 1 7 1 10 9 12 1 1 7 1 10 9 12 1 1 7 1 10 9 12 1 1 7 1 10 9 12 1 1 7 1 10 9 12 1 1 7 1 10 9 12 1 1 7 1 10 9 12 1 1 7 1 10 9 12 1 8 1 10 7 12 1 1 1 10 8 1 10 12 1 1 10 12 1 8 1 11 12 1 8 1 8 1 9 12 1 1 7 1 10 9 12 1 1 9 12 1 1 11 7 12 1 1 9 12 1 9 12 1 11 12 1 9 12 1 11 12 1 9 12 1 10 10 12 1 7 1 18 12 1 10 7 12 1 1 1 10 12 1 10 10 8 1 10 12 1 8 1 9 12 1 9 12 1 8 1 10 12 1 8 1 9 12 1 1 10 7 12 1 1 1 10 12 1 1 8 1 10 12 1 9 12 1 8 1 8 1 8 1 8 1 8 1 8 1 8 1 8 1 8 1 10 18 12 1 1 9 12 1 1 7 1 18 12 1 9 12 1 8 1 10 12 1 1 10 12 1 10 12 1 1 18 12 1 100 1 10 12 1 1 9 7 12 1 1 1 10 12 1 1 9 12 1 9 12 1 10 12 1 8 1 8 1 8 1 10 7 12 1 1 10 12 1 1 10 12 1 1 10 9 7 12 1 1 1 10 12 1 1 11 7 12 1 1 11 12 1 1 10 10 7 1 8 1 10 12 1 1 10 12 1 10 7 12 1 1 1 4 10 7 12 1 1 1 8 1 9 12 1 1 10 7 12 1 1 1 9 12 1 8 1 10 12 1 4 18 12 1 1 10 12 1 7 1 8 1 10 12 1 10 12 1 1 10 12 1 1 10 12 1 1 10 12 1 10 12 1 100 1 3 10 7 12 1 1 10 12 1 1 11 100 1 10 12 1 1 10 12 10 100 12 1 1 1 8 1 10 12 1 1 10 7 12 1 1 8 1 8 1 10 12 1 1 10 7 12 1 1 10 12 1 1 18 12 1 11 12 1 1 9 12 1 1 8 1 10 12 1 1 10 7 12 1 1 11 7 12 1 1 10 7 12 1 1 10 12 1 1 10 12 1 1 10 12 1 18 12 1 1 10 7 12 1 1 10 12 1 100 1 10 12 1 9 12 1 1 10 7 12 1 1 1 18 12 1 10 12 1 1 10 12 1 1 18 12 10 9 7 12 1 1 1 10 7 12 1 1 18 9 12 1 9 100 12 1 1 1 10 12 1 1 10 7 12 1 1 7 1 100 1 10 12 1 9 12 1 1 9 12 1 9 12 1 9 12 1 9 12 1 7 1 9 12 1 1 9 12 1 9 12 1 9 12 1 9 12 1 9 12 1 1 10 7 12 1 1 1 9 12 1 1 8 1 8 1 9 12 1 8 1 8 1 9 12 1 8 1 8 1 9 12 1 8 1 8 1 9 12 1 7 1 9 12 1 9 12 1 4 9 12 1 1 9 12 1 7 1 8 1 10 12 1 8 1 8 1 8 1 8 1 8 1 8 1 8 1 8 1 8 1 8 1 8 1 8 1 8 1 8 1 8 1 9 12 1 1 8 1 8 1 8 1 8 1 8 8 1 8 1 8 1 8 1 8 1 8 8 1 8 1 8 1 8 1 8 1 8 1 8 1 8 1 8 1 8 1 8 1 8 1 8 8 1 8 1 8 1 8 1 8 1 8 1 8 1 9 12 1 4 9 12 1 9 12 1 9 12 1 9 12 1 9 12 1 9 12 1 9 12 1 9 12 1 9 12 1 9 12 1 9 12 1 9 12 1 9 12 1 9 12 1 9 12 1 9 12 1 1 9 12 1 7 1 10 9 12 1 1 7 1 10 9 12 1 1 100 1 1 1 3 1 3 1 3 1 3 1 3 1 8 1 1 3 1 1 8 1 1 8 1 1 8 1 1 8 1 1 8 1 1 1 1 3 1 3 1 4 1 3 1 3 1 3 1 1 4 1 4 1 1 4 1 1 4 1 4 1 4 1 4 1 4 1 3 1 4 1 4 1 4 1 1 4 1 3 1 3 1 3 1 1 8 1 1 1 1 8 1 1 1 8 1 1 1 1 1 1 1 1 1 1 1 1 1 1 1 1 1 1 1 1 1 1 1 1 1 1 1 1 1 1 100 1 1 1 1 1 1 1 1 1 1 1 1 1 1 1 1 1 1 1 1 1 1 1 1 1 1 1 1 1 1 1 1 1 1 1 1 1 1 1 1 1 1 1 1 15 10 7 12 1 1 1 16 15 10 7 12 1 1 1 16 16 15 10 12 16 16 15 10 12 15 10 12 16 1 15 10 12 16 15 10 12 15 10 7 12 1 1 15 10 7 12 1 1 8 1 15 16 8 1 8 1 1 100 1 1 1 1 1 100 1 100 1 1
staticfield mindustry/Vars defaultContentIcons [Lmindustry/ctype/ContentType; 5 [Lmindustry/ctype/ContentType;
staticfield mindustry/Vars charset Ljava/nio/charset/Charset; sun/nio/cs/UTF_8
staticfield mindustry/Vars serverJsonBeURLs [Ljava/lang/String; 2 [Ljava/lang/String;
staticfield mindustry/Vars serverJsonURLs [Ljava/lang/String; 2 [Ljava/lang/String;
staticfield mindustry/Vars modJsonURLs [Ljava/lang/String; 2 [Ljava/lang/String;
staticfield mindustry/Vars steamBansURLs [Ljava/lang/String; 2 [Ljava/lang/String;
staticfield mindustry/Vars defaultServers Larc/struct/Seq; arc/struct/Seq
staticfield mindustry/Vars cachedServers Larc/struct/Seq; arc/struct/Seq
staticfield mindustry/Vars playerColors [Larc/graphics/Color; 16 [Larc/graphics/Color;
staticfield mindustry/Vars accessibleIcons [Ljava/lang/String; 31 [Ljava/lang/String;
instanceKlass mindustry/type/ErrorContent
instanceKlass mindustry/entities/bullet/BulletType
instanceKlass mindustry/ctype/MappableContent
ciInstanceKlass mindustry/ctype/Content 1 1 133 10 7 12 1 1 1 7 1 10 9 7 12 1 1 1 9 7 12 1 1 1 10 12 1 1 10 7 12 1 1 1 9 7 12 1 1 1 9 12 1 1 10 12 1 1 9 12 1 1 9 12 1 1 10 12 1 1 9 7 12 1 1 10 100 12 1 1 1 10 100 12 1 1 1 18 12 1 1 10 12 1 1 100 1 1 1 1 1 1 1 1 1 1 1 1 1 1 1 1 1 1 1 1 1 1 1 1 1 1 1 1 1 15 10 100 12 1 1 8 1 1 1 100 1 100 1 1 100 1 100 1 1
instanceKlass mindustry/ai/UnitStance
instanceKlass mindustry/ai/UnitCommand
instanceKlass mindustry/ctype/UnlockableContent
ciInstanceKlass mindustry/ctype/MappableContent 1 1 41 10 7 12 1 1 1 9 7 12 1 1 1 10 7 12 1 1 1 9 7 12 1 1 1 10 12 1 1 1 1 1 1 1 1 1 1 1 1 1 1
instanceKlass mindustry/type/TeamEntry
instanceKlass mindustry/type/Planet
instanceKlass mindustry/type/SectorPreset
instanceKlass mindustry/type/Weather
instanceKlass mindustry/type/UnitType
instanceKlass mindustry/type/StatusEffect
instanceKlass mindustry/type/Liquid
instanceKlass mindustry/world/Block
instanceKlass mindustry/type/Item
ciInstanceKlass mindustry/ctype/UnlockableContent 1 1 507 10 7 12 1 1 1 7 1 10 12 1 9 7 12 1 1 1 9 12 1 1 9 12 1 9 12 1 9 12 1 9 12 1 4 9 12 1 1 8 1 9 12 1 1 9 12 1 7 1 10 9 12 1 1 9 12 1 7 1 10 9 12 1 1 9 7 12 1 1 1 10 12 1 1 9 12 1 18 12 1 1 10 7 12 1 1 1 9 12 1 18 10 12 1 1 9 12 1 18 9 12 1 18 9 12 1 9 12 1 1 18 12 10 7 12 1 1 1 9 12 1 10 12 1 9 12 1 10 7 12 1 1 1 10 7 12 1 1 9 12 1 8 1 10 12 1 1 9 12 1 1 18 12 18 18 18 10 7 12 1 1 1 10 12 1 9 12 1 1 18 9 12 1 10 12 1 9 7 12 1 1 1 10 10 12 1 1 9 7 12 1 1 1 10 100 12 1 1 1 9 12 1 1 9 100 12 1 1 1 10 12 1 8 1 100 1 9 100 12 1 1 1 9 100 12 1 1 10 12 1 1 18 9 12 1 10 12 1 10 12 1 1 100 1 10 100 12 1 1 9 18 10 100 12 1 1 1 8 1 18 10 12 1 10 12 1 10 100 12 1 1 1 10 100 12 1 1 1 10 12 1 1 10 100 12 1 1 10 12 1 9 100 12 1 1 1 10 12 1 9 7 12 1 1 1 10 7 12 1 1 10 12 1 1 10 12 1 10 12 1 10 100 12 1 1 1 10 12 1 1 10 12 1 100 1 10 12 1 10 100 12 1 1 1 10 12 9 12 1 1 10 7 12 1 1 10 12 1 9 12 1 1 10 7 12 1 1 9 12 1 1 9 100 12 1 1 1 1 1 1 1 1 1 1 1 1 1 1 1 1 1 1 1 1 1 1 1 1 1 1 1 1 1 1 1 1 1 1 1 1 1 1 1 1 1 1 1 1 1 1 1 1 1 1 1 100 1 1 1 1 1 1 1 1 1 1 1 1 1 1 1 1 1 1 1 1 1 1 1 1 1 15 10 7 12 1 1 8 1 8 1 8 1 8 1 8 1 8 1 8 1 8 1 8 1 8 1 8 1 8 1 8 1 1 1 100 1 1 100 1 1 1 1 100 1 1 100 1 100 1 1 100 1 100 1 1
instanceKlass mindustry/content/Items$22
instanceKlass mindustry/content/Items$21
instanceKlass mindustry/content/Items$20
instanceKlass mindustry/content/Items$19
instanceKlass mindustry/content/Items$18
instanceKlass mindustry/content/Items$17
instanceKlass mindustry/content/Items$16
instanceKlass mindustry/content/Items$15
instanceKlass mindustry/content/Items$14
instanceKlass mindustry/content/Items$13
instanceKlass mindustry/content/Items$12
instanceKlass mindustry/content/Items$11
instanceKlass mindustry/content/Items$10
instanceKlass mindustry/content/Items$9
instanceKlass mindustry/content/Items$8
instanceKlass mindustry/content/Items$7
instanceKlass mindustry/content/Items$6
instanceKlass mindustry/content/Items$5
instanceKlass mindustry/content/Items$4
instanceKlass mindustry/content/Items$3
instanceKlass mindustry/content/Items$2
instanceKlass mindustry/content/Items$1
ciInstanceKlass mindustry/type/Item 1 1 350 10 7 12 1 1 1 9 7 12 1 1 1 9 12 1 9 12 1 9 12 1 1 9 12 1 9 12 1 9 12 1 9 12 1 4 9 12 1 9 12 1 1 9 12 1 9 12 1 1 100 1 9 12 1 10 12 1 10 12 1 10 12 1 1 10 12 1 1 100 1 9 100 12 1 1 1 9 12 1 1 18 12 1 1 10 100 12 1 1 1 18 9 12 1 1 10 12 1 9 12 1 9 100 12 1 1 1 18 12 1 1 10 100 12 1 1 9 12 1 1 9 100 12 1 1 10 100 12 1 1 1 9 12 9 12 1 9 12 9 12 9 12 1 9 7 12 1 1 1 10 12 1 1 100 1 10 100 12 1 1 1 10 100 12 1 1 1 9 100 12 1 1 1 10 12 1 1 10 100 12 1 1 9 100 12 1 1 10 12 1 1 9 12 1 10 12 1 1 100 1 6 0 9 12 9 12 1 1 9 100 12 1 1 1 10 100 12 1 1 1 18 12 1 10 100 12 1 1 1 18 12 1 10 12 1 1 9 100 12 1 1 1 100 1 9 100 12 1 1 10 12 1 100 1 1 1 1 1 1 1 1 1 1 1 1 1 1 1 1 100 1 1 1 1 1 1 1 1 1 1 1 1 100 1 1 1 1 1 1 1 1 1 1 1 1 1 1 1 1 1 1 1 1 15 10 100 12 1 1 8 1 8 1 15 10 100 12 1 1 1 16 15 10 12 16 1 15 10 12 16 16 1 15 10 12 16 1 100 1 1 100 1 1 1 100 1 100 1 1
instanceKlass mindustry/world/blocks/distribution/DuctJunction
instanceKlass mindustry/world/blocks/legacy/LegacyBlock
instanceKlass mindustry/world/blocks/ConstructBlock
instanceKlass mindustry/world/blocks/logic/CanvasBlock
instanceKlass mindustry/world/blocks/logic/LogicDisplay
instanceKlass mindustry/world/blocks/logic/MemoryBlock
instanceKlass mindustry/world/blocks/logic/LogicBlock
instanceKlass mindustry/world/blocks/logic/SwitchBlock
instanceKlass mindustry/world/blocks/logic/MessageBlock
instanceKlass mindustry/world/blocks/campaign/Accelerator
instanceKlass mindustry/world/blocks/campaign/LandingPad
instanceKlass mindustry/world/blocks/campaign/LaunchPad
instanceKlass mindustry/world/blocks/power/LightBlock
instanceKlass mindustry/world/blocks/sandbox/LiquidVoid
instanceKlass mindustry/world/blocks/sandbox/LiquidSource
instanceKlass mindustry/world/blocks/sandbox/ItemVoid
instanceKlass mindustry/world/blocks/sandbox/ItemSource
instanceKlass mindustry/world/blocks/payloads/PayloadConveyor
instanceKlass mindustry/world/blocks/units/RepairTower
instanceKlass mindustry/world/blocks/units/RepairTurret
instanceKlass mindustry/world/blocks/payloads/PayloadBlock
instanceKlass mindustry/world/blocks/storage/StorageBlock
instanceKlass mindustry/world/blocks/production/BeamDrill
instanceKlass mindustry/world/blocks/production/WallCrafter
instanceKlass mindustry/world/blocks/production/Drill
instanceKlass mindustry/world/blocks/power/PowerDiode
instanceKlass mindustry/world/blocks/power/PowerBlock
instanceKlass mindustry/world/blocks/liquid/LiquidBlock
instanceKlass mindustry/world/blocks/units/UnitCargoUnloadPoint
instanceKlass mindustry/world/blocks/units/UnitCargoLoader
instanceKlass mindustry/world/blocks/distribution/DirectionalUnloader
instanceKlass mindustry/world/blocks/distribution/DirectionBridge
instanceKlass mindustry/world/blocks/distribution/OverflowDuct
instanceKlass mindustry/world/blocks/distribution/DuctRouter
instanceKlass mindustry/world/blocks/distribution/Duct
instanceKlass mindustry/world/blocks/distribution/MassDriver
instanceKlass mindustry/world/blocks/storage/Unloader
instanceKlass mindustry/world/blocks/distribution/OverflowGate
instanceKlass mindustry/world/blocks/distribution/Router
instanceKlass mindustry/world/blocks/distribution/Sorter
instanceKlass mindustry/world/blocks/distribution/ItemBridge
instanceKlass mindustry/world/blocks/distribution/Junction
instanceKlass mindustry/world/blocks/distribution/StackConveyor
instanceKlass mindustry/world/blocks/distribution/Conveyor
instanceKlass mindustry/world/blocks/defense/BaseShield
instanceKlass mindustry/world/blocks/defense/ShockwaveTower
instanceKlass mindustry/world/blocks/defense/RegenProjector
instanceKlass mindustry/world/blocks/defense/turrets/BaseTurret
instanceKlass mindustry/world/blocks/defense/Radar
instanceKlass mindustry/world/blocks/defense/ShockMine
instanceKlass mindustry/world/blocks/defense/ForceProjector
instanceKlass mindustry/world/blocks/defense/OverdriveProjector
instanceKlass mindustry/world/blocks/defense/MendProjector
instanceKlass mindustry/world/blocks/defense/Wall
instanceKlass mindustry/world/blocks/production/ItemIncinerator
instanceKlass mindustry/world/blocks/heat/HeatConductor
instanceKlass mindustry/world/blocks/production/Incinerator
instanceKlass mindustry/world/blocks/production/Separator
instanceKlass mindustry/world/blocks/production/GenericCrafter
instanceKlass mindustry/world/blocks/environment/TallBlock
instanceKlass mindustry/world/blocks/environment/TreeBlock
instanceKlass mindustry/world/blocks/environment/Prop
instanceKlass mindustry/world/blocks/environment/Cliff
instanceKlass mindustry/world/blocks/environment/RemoveWall
instanceKlass mindustry/world/blocks/environment/Floor
ciInstanceKlass mindustry/world/Block 1 1 2763 7 1 10 7 12 1 1 1 9 7 12 1 1 1 9 12 1 9 12 1 9 12 1 9 12 1 9 12 1 9 12 1 9 12 1 9 12 1 9 12 1 4 9 12 1 1 9 12 1 9 12 1 1 9 12 1 9 12 1 9 12 1 9 12 1 9 12 1 9 12 1 9 12 1 9 12 1 9 12 1 9 12 1 9 12 1 9 12 1 9 12 1 9 12 1 9 12 1 9 12 1 9 12 1 9 12 1 9 12 1 9 12 1 9 12 1 9 12 1 9 12 1 9 12 1 9 12 1 9 12 1 9 12 1 9 12 1 9 12 1 9 12 1 9 12 1 9 12 1 9 12 1 9 12 1 9 12 1 9 12 1 9 12 1 9 12 1 9 12 1 9 12 1 1 9 12 1 7 1 10 12 1 9 12 1 1 9 12 1 9 12 1 9 12 1 9 12 1 9 12 1 9 12 1 4 9 12 1 9 12 1 1 9 12 1 9 12 1 9 12 1 9 12 1 9 12 1 9 12 1 9 12 1 9 12 1 4 9 12 1 9 12 1 9 12 1 9 12 1 9 7 12 1 1 1 9 12 1 9 12 1 9 12 1 9 7 12 1 1 9 12 1 9 12 1 9 12 1 9 12 1 9 12 1 9 7 12 1 1 1 9 12 1 7 1 10 7 12 1 1 1 9 12 1 1 100 1 9 12 1 9 12 1 9 7 12 1 1 1 9 12 1 9 12 1 9 12 1 9 12 1 9 12 1 9 12 1 9 12 1 100 1 9 12 1 9 12 1 9 12 1 9 12 1 9 12 1 7 1 10 12 1 9 12 1 1 9 12 1 9 12 1 9 12 1 9 12 1 9 12 1 8 1 10 12 1 1 9 12 1 9 12 1 9 12 1 9 12 1 9 12 1 9 12 1 9 12 1 9 12 1 9 12 1 9 12 1 9 12 1 9 12 1 9 12 1 9 12 1 9 12 1 9 12 1 9 12 1 10 12 1 1 9 12 1 9 12 1 9 12 1 4 9 12 1 9 12 1 9 12 9 12 1 4 9 12 1 7 1 9 12 1 1 9 7 12 1 1 1 9 12 1 9 12 1 9 7 12 1 1 1 9 12 1 9 12 1 9 12 1 9 12 1 9 12 1 9 12 1 9 7 12 1 1 1 9 12 1 9 12 1 9 12 1 9 12 1 9 12 1 9 12 1 7 1 10 9 12 1 1 9 12 1 9 12 1 9 12 1 9 12 1 1 7 1 10 9 12 1 1 9 12 1 1 9 12 1 7 1 9 12 1 1 9 12 1 9 12 1 9 12 1 7 1 10 9 12 1 1 7 1 10 9 12 1 1 9 12 1 9 12 1 9 12 1 9 12 1 10 12 1 4 9 12 1 9 7 12 1 1 1 10 7 12 1 1 9 12 1 1 9 12 1 1 10 12 1 1 10 7 12 1 1 1 10 7 12 1 1 1 10 12 1 1 10 12 1 10 7 12 1 1 1 10 12 9 100 12 1 1 9 12 1 10 12 1 9 12 1 9 12 1 10 12 9 12 1 1 10 100 12 1 1 1 9 12 1 10 12 1 1 18 12 1 1 10 12 1 1 10 12 1 10 12 1 10 100 12 1 1 1 10 12 1 1 10 12 1 1 9 7 12 1 1 1 10 12 1 9 7 12 1 1 9 7 12 1 1 10 12 1 9 12 1 4 10 12 1 9 12 1 9 12 1 1 10 100 12 1 1 1 18 12 1 10 100 12 1 1 1 18 10 100 1 9 7 12 1 1 9 12 1 10 12 1 1 9 12 1 1 9 7 12 1 1 9 7 12 1 1 1 7 1 18 12 1 10 7 12 1 1 1 10 7 12 1 1 1 10 12 1 1 10 12 1 1 4 10 7 12 1 1 10 7 12 1 1 1 10 12 1 1 9 12 10 12 1 1 9 12 1 100 1 10 12 1 9 12 1 10 7 12 1 1 1 4 10 12 1 10 12 1 10 12 1 1 18 12 1 9 12 1 10 12 1 1 9 12 1 1 10 12 1 1 10 12 1 1 9 100 12 1 1 10 12 1 1 9 12 1 9 12 1 10 12 1 1 9 12 1 9 12 1 9 12 1 10 12 1 10 12 1 1 10 12 1 9 12 1 1 9 100 12 1 1 8 1 7 1 10 100 12 1 1 10 7 12 1 1 1 9 12 9 100 12 1 1 10 12 1 9 12 10 12 1 9 12 9 12 1 9 12 1 10 100 12 1 1 1 10 12 1 9 12 1 10 12 1 1 9 12 1 9 12 9 12 1 9 12 9 12 10 12 1 1 10 12 1 10 12 1 1 9 7 12 1 1 18 12 1 1 18 12 1 10 12 1 1 8 1 18 12 1 8 18 12 1 9 12 1 1 9 7 12 1 1 9 12 1 8 1 18 12 1 9 12 1 8 18 12 1 9 12 1 8 1 8 1 10 12 1 1 18 12 1 7 1 9 12 1 10 12 1 1 7 1 9 12 1 1 9 7 1 18 10 12 1 10 12 1 10 12 1 10 12 1 9 12 1 1 10 7 12 1 1 9 10 12 10 12 1 1 11 7 12 1 1 11 12 1 1 10 12 1 1 9 7 12 1 1 1 9 9 12 1 1 9 12 1 10 12 1 1 10 12 1 1 100 1 9 12 1 1 10 12 1 1 9 12 1 4 4 9 7 12 1 1 4 4 10 12 1 1 10 12 1 1 10 12 1 9 12 9 7 12 1 1 10 12 1 1 4 10 12 1 10 12 1 1 10 12 1 10 10 9 12 1 9 12 1 9 12 1 10 12 1 9 12 1 9 7 12 1 9 12 10 12 10 12 1 10 12 1 1 7 1 10 12 1 1 9 12 1 8 1 10 12 1 9 9 10 12 1 1 9 7 12 1 1 18 12 1 10 10 12 1 10 7 12 1 1 1 10 12 1 10 12 1 11 100 12 1 9 7 12 1 1 1 9 18 10 7 12 1 1 9 12 1 1 9 100 12 1 1 9 12 1 1 9 12 1 10 12 1 1 11 7 12 1 10 12 1 10 7 12 1 1 1 10 12 1 1 10 12 1 9 12 1 1 9 7 12 1 1 1 9 7 12 1 1 9 12 1 10 12 1 10 12 1 9 12 1 10 12 1 1 10 12 1 10 12 1 9 12 1 1 10 7 12 1 1 10 12 1 1 10 100 12 1 1 1 10 12 1 1 7 1 7 1 9 9 12 1 10 12 1 1 10 12 1 1 9 12 1 10 12 1 10 7 12 1 1 10 12 1 100 1 8 1 10 10 12 10 12 1 1 18 12 1 10 12 1 10 12 1 10 12 1 1 10 12 1 10 12 1 7 1 10 12 1 7 1 10 12 1 10 12 1 10 12 1 1 7 1 10 12 1 10 12 1 7 1 10 12 10 12 1 18 10 12 1 10 12 1 10 12 1 9 12 1 9 12 1 18 12 1 10 12 1 1 10 7 12 1 1 1 10 12 1 1 10 7 12 1 1 10 12 1 10 12 1 1 10 12 1 1 18 10 12 1 10 12 1 1 18 12 1 7 1 18 9 12 1 9 12 1 9 12 1 4 10 12 1 4 9 12 1 10 12 1 10 12 1 1 10 7 12 1 1 11 7 12 1 9 12 1 9 12 9 7 12 1 1 1 9 12 1 1 10 7 12 1 1 10 12 1 7 1 10 12 1 18 12 1 10 12 1 10 12 9 12 1 10 100 1 10 12 10 12 1 10 12 1 9 12 1 7 1 7 1 9 12 1 9 12 1 10 12 1 9 12 1 9 12 1 9 12 1 9 12 1 9 12 1 9 12 1 9 12 1 9 12 1 9 12 1 4 9 12 1 1 10 12 1 1 9 12 1 9 12 1 4 9 12 1 9 12 1 4 7 1 9 12 9 4 10 12 1 9 12 1 9 12 1 10 12 1 1 7 18 10 12 1 18 18 9 12 1 9 12 1 18 12 1 10 12 1 1 8 1 10 100 12 1 1 1 9 12 1 9 12 1 18 18 18 18 10 12 1 1 10 12 1 10 7 12 1 1 1 9 12 1 1 9 12 1 9 18 12 1 10 12 1 18 10 12 1 9 12 1 10 10 12 1 1 10 100 12 1 1 9 100 1 9 12 10 12 10 12 1 1 100 1 10 12 9 12 1 1 10 12 1 1 10 12 1 1 9 100 12 1 1 1 10 12 1 10 12 1 100 1 10 10 100 12 1 1 9 10 12 1 1 18 10 12 1 1 10 12 1 10 12 1 18 10 12 1 18 12 1 10 12 1 10 12 1 10 12 1 9 100 12 1 1 10 100 12 1 1 10 12 1 1 10 12 1 100 1 6 0 9 12 1 9 10 9 12 1 9 12 1 9 10 12 1 10 10 7 12 1 1 1 100 1 100 1 10 12 1 10 12 1 9 12 1 10 100 12 1 1 1 7 1 18 12 1 18 18 12 1 10 12 1 9 12 1 10 100 12 1 1 9 12 9 12 1 1 8 1 10 100 12 1 1 1 18 12 1 18 18 10 12 1 1 10 12 1 1 9 12 1 9 100 12 1 1 1 10 100 12 1 1 10 12 1 9 12 1 9 12 1 8 1 10 100 12 1 1 8 1 10 12 1 1 8 1 10 12 8 1 9 12 10 7 12 1 1 18 12 1 10 12 1 10 12 1 1 18 12 1 18 18 12 1 11 100 12 1 10 12 1 9 12 10 12 1 4 8 1 9 10 12 1 18 12 1 18 18 12 1 10 12 1 1 10 12 1 9 10 12 1 9 12 1 9 12 1 9 12 1 4 9 12 9 12 10 12 1 1 9 12 1 10 12 1 1 9 10 9 12 1 9 12 1 100 1 1 1 1 1 1 1 1 1 1 1 1 1 1 1 1 1 1 1 1 1 1 1 1 1 1 1 1 1 1 1 1 1 1 1 1 1 1 1 1 1 1 1 1 1 1 1 1 1 1 1 1 1 1 1 1 1 1 1 1 1 1 1 1 1 1 1 1 1 1 1 1 1 1 1 1 1 1 1 1 1 1 1 1 1 1 1 1 1 1 1 1 1 1 1 1 1 1 1 1 100 1 1 1 1 1 1 1 1 1 1 1 1 1 1 1 1 1 1 1 1 1 1 1 1 1 1 1 1 1 1 1 1 100 1 1 1 1 1 1 1 1 1 1 1 1 1 1 1 1 1 1 1 1 1 1 1 1 1 1 1 1 1 1 1 1 1 1 1 1 1 1 1 1 1 1 1 1 1 1 1 1 1 1 1 1 1 1 100 1 1 1 1 1 1 1 1 1 1 1 1 1 1 1 1 1 1 1 1 1 1 1 1 1 1 1 1 1 1 1 1 1 1 1 1 1 1 1 1 1 1 1 1 1 1 1 1 1 1 1 1 1 1 1 1 1 1 1 1 1 1 1 1 1 1 1 1 1 1 1 1 1 1 1 1 1 1 1 1 1 1 1 1 1 1 1 1 1 1 1 1 1 100 1 1 1 1 1 1 1 1 1 1 1 1 1 1 1 100 1 1 1 1 1 1 1 1 1 1 1 1 1 1 1 1 1 1 1 1 1 1 1 1 1 1 1 1 1 1 1 1 1 1 1 1 1 1 1 1 1 1 1 1 1 1 1 1 1 1 1 1 1 1 1 1 1 1 1 1 1 1 1 1 1 1 1 1 1 100 1 100 1 1 1 1 1 1 1 1 1 1 1 1 1 1 1 1 1 1 1 1 1 1 1 1 1 1 1 1 1 1 1 15 10 7 12 1 1 1 16 1 15 10 12 16 16 15 10 12 16 1 15 10 12 16 15 10 16 1 15 10 12 15 10 7 12 1 1 8 1 16 15 10 12 16 15 10 12 15 10 12 15 10 12 15 10 12 8 1 15 10 12 16 16 1 15 10 12 8 1 16 15 10 12 16 15 10 12 16 1 15 10 12 16 15 10 12 16 15 10 12 16 15 10 12 1 15 10 12 16 1 15 10 12 15 10 12 15 10 12 15 10 12 16 15 10 12 15 10 12 15 10 12 15 10 12 8 1 8 1 8 1 8 1 15 10 12 1 16 15 10 12 16 1 15 10 12 16 16 15 10 12 15 10 12 15 10 12 15 10 12 15 10 12 1 15 10 12 15 10 12 15 10 12 15 10 12 15 15 10 12 1 1 100 1 1 100 1 1 1 100 1 1 100 1 100 1 1 100 1 1 1 100 1 100 1 1
staticfield mindustry/world/Block tempTiles Larc/struct/Seq; arc/struct/Seq
staticfield mindustry/world/Block tempBuilds Larc/struct/Seq; arc/struct/Seq
instanceKlass mindustry/world/blocks/defense/BuildTurret$1
instanceKlass mindustry/type/unit/MissileUnitType
instanceKlass mindustry/content/UnitTypes$59
instanceKlass mindustry/type/unit/NeoplasmUnitType
instanceKlass mindustry/type/unit/ErekirUnitType
instanceKlass mindustry/content/UnitTypes$38
instanceKlass mindustry/content/UnitTypes$37
instanceKlass mindustry/content/UnitTypes$36
instanceKlass mindustry/content/UnitTypes$35
instanceKlass mindustry/content/UnitTypes$34
instanceKlass mindustry/content/UnitTypes$33
instanceKlass mindustry/content/UnitTypes$32
instanceKlass mindustry/content/UnitTypes$31
instanceKlass mindustry/content/UnitTypes$30
instanceKlass mindustry/content/UnitTypes$29
instanceKlass mindustry/content/UnitTypes$28
instanceKlass mindustry/content/UnitTypes$27
instanceKlass mindustry/content/UnitTypes$26
instanceKlass mindustry/content/UnitTypes$25
instanceKlass mindustry/content/UnitTypes$24
instanceKlass mindustry/content/UnitTypes$23
instanceKlass mindustry/content/UnitTypes$22
instanceKlass mindustry/content/UnitTypes$21
instanceKlass mindustry/content/UnitTypes$20
instanceKlass mindustry/content/UnitTypes$19
instanceKlass mindustry/content/UnitTypes$18
instanceKlass mindustry/content/UnitTypes$17
instanceKlass mindustry/content/UnitTypes$16
instanceKlass mindustry/content/UnitTypes$15
instanceKlass mindustry/content/UnitTypes$14
instanceKlass mindustry/content/UnitTypes$13
instanceKlass mindustry/content/UnitTypes$12
instanceKlass mindustry/content/UnitTypes$11
instanceKlass mindustry/content/UnitTypes$10
instanceKlass mindustry/content/UnitTypes$9
instanceKlass mindustry/content/UnitTypes$8
instanceKlass mindustry/content/UnitTypes$7
instanceKlass mindustry/content/UnitTypes$6
instanceKlass mindustry/content/UnitTypes$5
instanceKlass mindustry/content/UnitTypes$4
instanceKlass mindustry/content/UnitTypes$3
instanceKlass mindustry/content/UnitTypes$2
instanceKlass mindustry/content/UnitTypes$1
ciInstanceKlass mindustry/type/UnitType 1 1 3355 7 1 10 7 12 1 1 1 9 7 12 1 1 1 100 1 9 12 1 9 12 1 4 9 12 1 1 9 12 1 9 12 1 4 9 12 1 9 12 1 4 9 12 1 4 9 12 1 4 9 12 1 4 9 12 1 9 12 1 9 12 1 4 9 12 1 9 12 1 4 9 12 1 9 12 1 4 9 12 1 9 12 1 9 12 1 9 12 1 4 9 12 1 4 9 12 1 4 9 12 1 9 12 1 4 9 12 1 9 12 1 9 12 1 9 12 1 9 12 1 4 9 12 1 100 1 4 9 12 1 9 12 1 4 9 12 1 9 12 1 9 12 1 4 9 12 1 100 1 4 9 12 1 9 12 1 9 12 1 9 12 1 9 12 1 4 9 12 1 9 12 1 4 9 12 1 9 12 1 4 9 12 1 9 12 1 9 12 1 4 9 12 1 4 9 12 1 9 12 1 9 12 1 1 9 12 1 9 12 1 9 12 1 9 12 1 9 12 1 9 12 1 9 12 1 9 12 1 9 12 1 9 12 1 9 12 1 9 12 1 9 12 1 9 12 1 9 12 1 9 12 1 9 12 1 9 12 1 9 12 1 9 12 1 9 12 1 9 12 1 9 12 1 9 12 1 9 12 1 9 12 1 9 12 1 9 12 1 9 12 1 9 12 1 9 12 1 9 12 1 9 12 1 9 12 1 9 12 1 9 12 1 9 12 1 9 12 1 9 12 1 9 12 1 9 12 1 9 12 1 9 12 1 9 12 1 9 12 1 9 12 1 9 12 1 9 12 1 9 12 1 9 12 1 9 12 1 9 12 1 9 12 1 9 12 1 9 12 1 9 12 1 9 12 1 9 12 1 18 12 1 1 9 12 1 1 18 12 1 9 12 1 1 7 1 10 12 1 9 12 1 1 9 12 1 7 1 10 9 12 1 1 9 7 12 1 1 1 9 12 1 9 12 1 9 12 1 9 7 12 1 1 1 9 12 1 9 12 1 9 12 1 9 12 1 9 12 1 9 12 1 9 12 1 9 12 1 9 12 1 9 12 1 9 12 1 4 9 12 1 9 12 1 9 12 1 9 12 1 9 12 1 9 12 1 9 12 1 9 12 1 9 7 12 1 1 1 9 12 1 9 12 1 9 12 1 9 12 1 7 1 10 12 1 9 12 1 9 12 1 9 12 1 9 12 1 9 7 12 1 1 9 12 1 9 12 1 9 12 1 7 1 9 12 1 1 9 12 1 9 12 1 9 12 1 9 12 1 9 12 1 9 12 1 9 12 1 9 12 1 9 12 1 9 12 1 9 12 1 9 12 1 9 12 1 9 12 1 9 12 1 9 12 1 9 12 1 7 1 9 7 12 1 1 1 9 12 1 9 12 1 9 12 1 10 12 1 1 9 12 1 9 12 1 9 12 1 4 9 12 1 9 12 1 9 12 1 9 12 1 9 12 1 9 12 1 9 12 1 9 12 1 9 12 1 4 9 12 1 9 12 1 9 12 1 9 12 1 9 12 1 9 12 1 9 12 1 9 12 1 9 12 1 9 12 1 9 12 1 9 12 1 9 12 1 4 9 12 1 9 12 1 9 12 1 9 12 1 9 12 1 9 12 1 7 1 9 12 1 1 9 12 1 9 12 1 9 12 1 9 12 1 9 12 1 9 12 1 9 12 1 9 12 1 9 12 1 9 12 1 4 9 12 1 9 12 1 9 12 1 9 12 1 9 12 1 4 9 12 1 4 9 12 1 9 12 1 9 12 1 9 12 1 1 10 7 12 1 1 1 9 12 1 18 12 1 9 12 1 9 12 1 10 100 12 1 1 1 8 1 8 1 8 1 10 12 1 11 7 12 1 1 7 1 11 7 12 1 1 7 1 9 12 1 1 10 12 1 1 10 12 1 7 1 9 12 1 1 9 12 1 9 12 1 10 7 12 1 1 1 9 12 1 10 12 7 1 11 12 1 9 12 1 1 7 1 9 7 12 1 1 1 10 7 12 1 1 1 9 12 1 9 12 1 10 12 1 1 9 12 1 10 12 1 1 10 12 1 11 7 12 1 1 9 12 1 1 9 12 1 11 12 1 10 12 1 1 10 12 1 9 12 1 1 9 7 12 1 1 1 9 7 12 1 1 10 12 1 11 100 12 1 1 1 11 12 1 10 12 1 9 12 1 7 1 11 12 1 10 12 1 1 9 7 12 1 1 9 7 12 1 1 1 10 12 1 9 12 1 1 10 100 12 1 1 1 10 12 1 1 11 7 12 1 1 11 12 1 10 12 1 1 10 12 1 10 12 1 10 100 12 1 1 1 10 12 1 1 9 12 1 10 12 1 1 9 12 1 9 12 1 10 12 1 10 12 1 1 10 12 1 1 18 12 1 10 7 12 1 1 1 10 7 12 1 1 1 10 12 1 10 12 1 1 18 7 1 9 100 12 1 1 1 10 7 12 1 1 1 9 7 12 1 1 1 8 1 10 100 12 1 1 18 12 1 1 10 12 1 10 12 1 9 12 1 9 12 1 1 8 1 10 7 12 1 1 1 8 1 10 100 12 1 1 1 10 12 1 18 12 1 18 12 1 10 12 1 1 9 12 1 10 12 1 1 9 12 1 1 10 7 12 1 1 9 12 1 8 1 100 1 10 12 1 1 9 12 1 8 1 10 12 1 1 9 12 1 1 10 7 12 1 1 7 1 9 12 1 7 1 10 12 1 1 9 7 12 1 1 9 12 1 1 9 100 12 1 1 10 100 12 1 1 9 12 9 12 9 100 12 1 1 1 10 12 1 9 12 9 12 10 100 12 1 1 1 10 12 1 9 12 9 12 10 100 12 1 1 1 10 12 1 9 12 9 12 1 9 12 18 12 1 1 9 12 1 10 12 1 9 12 1 10 12 1 9 12 10 12 1 9 12 9 12 9 12 1 9 12 10 12 1 9 12 18 12 1 10 12 1 1 9 12 9 12 4 10 7 12 1 1 1 10 12 1 9 12 1 10 12 1 1 9 12 10 12 1 9 9 12 10 12 1 10 12 1 10 12 1 100 1 8 1 10 10 9 12 1 1 10 7 12 1 1 1 10 12 1 10 12 1 7 1 11 10 12 1 1 10 100 12 1 1 8 1 10 100 12 1 1 1 100 1 9 12 1 1 9 7 12 1 1 9 12 1 9 12 1 9 12 1 9 12 1 10 12 1 1 9 12 1 10 12 1 10 12 1 7 1 7 1 7 1 7 1 9 7 12 1 1 1 10 12 4 10 12 1 4 9 12 1 4 9 12 1 9 12 1 9 12 1 9 12 1 4 10 7 12 1 1 1 4 4 10 12 1 1 10 12 4 7 1 9 12 1 10 12 10 12 1 4 18 12 1 10 12 1 4 18 4 4 10 12 1 4 7 1 4 10 12 1 9 12 1 7 1 18 12 1 10 12 1 4 10 12 1 1 10 12 9 12 1 9 12 1 9 12 1 10 12 1 1 10 12 1 9 12 1 18 12 1 10 12 1 1 18 18 9 12 1 9 12 1 9 12 1 9 12 1 10 12 1 9 12 1 9 12 1 9 12 1 9 12 1 9 12 1 10 12 10 12 1 9 12 1 9 12 1 9 12 1 9 12 1 9 12 1 10 12 1 18 12 1 10 12 1 1 18 10 12 1 10 12 18 9 12 1 1 10 7 12 1 1 1 9 12 1 1 18 12 10 12 1 9 12 1 18 9 12 1 18 9 12 1 18 9 12 1 18 9 12 1 18 9 12 1 8 1 9 12 1 10 7 12 1 1 7 1 9 12 1 18 12 1 18 9 12 1 18 9 12 1 18 8 1 10 12 1 9 12 1 8 1 9 12 1 8 1 9 12 1 8 1 8 1 10 12 1 8 1 8 1 9 12 1 18 9 12 1 9 12 1 9 12 1 9 12 1 1 18 12 1 9 12 1 9 12 1 9 12 1 18 18 18 9 12 1 9 10 12 1 1 10 12 1 1 18 10 12 1 100 1 9 10 12 1 10 100 12 1 1 10 100 12 1 1 1 10 7 12 1 1 1 9 100 12 1 1 1 10 12 1 10 100 12 1 1 10 12 1 1 10 12 1 9 9 12 1 1 9 100 12 1 1 1 9 100 1 10 12 1 9 12 1 10 12 1 18 9 18 7 1 9 9 100 1 9 9 12 1 9 12 10 12 1 1 9 9 10 12 1 10 12 10 12 1 10 12 1 1 10 12 1 9 12 1 1 9 12 1 9 12 1 10 12 1 10 12 1 1 9 12 1 7 1 10 10 12 1 10 12 1 9 12 1 9 12 1 18 10 12 1 18 10 12 1 1 7 1 18 9 12 1 9 12 18 7 1 9 12 1 18 7 1 9 12 1 9 12 1 18 7 1 9 18 7 1 9 9 12 7 1 9 12 1 9 9 10 12 1 10 7 12 1 1 1 10 12 18 10 7 12 1 1 1 7 10 9 100 12 1 1 1 10 100 12 1 1 10 7 12 1 1 10 12 1 100 1 6 0 9 12 1 9 12 1 1 9 7 12 1 1 1 10 12 1 9 4 9 4 9 7 12 1 1 9 12 1 1 10 7 12 1 1 10 12 1 1 10 12 1 10 12 1 10 12 1 10 12 1 7 1 10 12 1 9 12 1 11 12 1 4 10 12 1 1 4 10 12 1 1 10 12 1 10 12 10 12 1 4 10 12 1 1 9 12 1 11 12 1 11 12 1 1 4 10 12 1 10 12 1 10 12 1 4 10 12 1 10 12 10 12 1 10 12 1 4 10 12 1 10 12 11 12 11 12 1 10 12 1 1 10 12 1 10 12 1 10 12 1 10 12 1 10 12 10 12 10 12 1 10 12 1 10 12 10 12 1 9 12 1 10 12 1 10 12 1 9 12 1 1 9 12 1 9 12 1 1 9 7 12 1 1 9 9 12 1 1 9 12 1 9 12 1 9 12 1 9 12 1 9 9 10 100 12 1 1 100 1 11 12 1 9 12 1 10 12 1 10 12 1 1 10 12 1 10 12 9 12 1 9 7 12 1 9 7 1 10 12 1 10 7 12 1 1 10 12 1 10 12 1 1 9 12 1 1 10 7 12 1 1 4 10 12 1 4 10 12 1 9 7 12 1 1 10 12 1 4 10 12 1 1 10 12 1 9 12 1 10 7 12 1 1 1 9 12 1 10 12 1 1 10 12 11 12 1 100 1 11 12 1 11 12 10 12 10 12 4 10 12 1 9 12 9 12 1 9 12 1 10 12 1 10 12 1 10 12 1 10 12 10 12 1 4 10 12 1 1 10 7 12 1 1 1 9 12 1 4 4 9 12 1 1 10 12 1 1 9 7 12 1 1 9 12 1 10 12 1 9 12 1 9 12 10 12 1 10 12 1 1 10 12 1 10 12 4 10 12 4 9 10 12 9 12 1 10 12 1 10 12 1 9 12 1 10 12 1 9 10 12 10 12 1 10 12 1 9 12 1 1 9 12 1 9 100 12 1 1 9 12 1 1 18 12 1 10 100 12 1 100 1 10 100 12 1 1 9 12 1 1 100 1 10 12 1 9 12 1 10 12 4 10 10 12 1 10 12 1 9 12 1 10 12 10 12 1 1 7 1 10 12 1 1 9 12 1 9 12 1 10 12 1 4 10 12 1 10 12 1 10 12 1 9 12 1 10 12 1 11 12 1 9 12 9 12 1 10 12 10 12 1 1 9 12 1 9 12 1 10 12 1 1 11 12 1 1 4 11 9 100 12 1 1 10 12 11 12 1 10 12 1 10 12 9 12 1 10 12 1 10 12 1 1 10 12 1 9 12 1 9 12 1 10 12 1 10 12 1 1 10 12 10 12 1 1 10 12 1 11 12 1 1 11 12 1 11 12 10 12 1 9 12 1 10 12 1 9 12 1 9 12 10 12 10 12 4 9 12 1 1 4 10 12 1 4 9 12 1 9 12 1 1 10 7 12 1 1 9 12 18 9 18 18 9 12 1 9 12 1 1 9 7 12 1 1 9 12 1 10 12 1 9 100 1 9 12 1 1 9 12 1 10 100 12 1 1 1 9 12 1 9 4 10 12 10 12 1 10 12 1 9 9 10 12 1 10 9 4 10 12 10 12 1 9 12 9 12 1 9 12 1 9 12 1 9 12 1 8 1 8 1 8 1 8 1 10 12 1 1 9 12 1 10 12 1 9 12 1 1 18 12 1 10 12 1 10 12 1 10 12 1 7 1 8 1 9 12 10 7 12 1 1 18 12 1 10 12 1 10 12 1 1 10 12 1 10 12 1 1 8 1 9 12 18 12 1 10 12 18 12 1 10 12 1 11 12 1 4 4 11 12 1 1 10 12 7 1 9 12 1 10 12 1 4 10 12 9 7 12 1 1 1 10 12 1 1 10 12 1 10 12 1 1 10 12 1 9 12 1 18 10 12 1 1 4 10 12 10 12 1 10 12 1 10 12 1 9 100 12 1 1 10 100 1 10 100 1 10 10 100 1 1 1 1 1 1 1 1 1 1 1 1 1 1 1 1 1 1 1 1 1 1 1 1 1 1 1 1 1 1 1 1 1 100 1 1 1 1 1 1 1 1 1 1 1 1 1 1 1 1 1 1 1 1 1 1 1 1 1 1 1 1 1 1 1 1 1 1 1 1 1 1 1 1 1 1 1 1 1 1 1 1 1 1 1 1 1 1 1 100 1 1 1 1 1 100 1 1 1 1 1 1 1 1 1 1 1 1 1 1 1 1 1 1 1 1 1 1 1 1 1 1 1 1 1 1 1 1 100 1 1 1 1 1 1 1 1 1 1 1 1 1 1 1 1 1 1 1 1 1 1 1 1 1 1 1 1 100 1 1 1 1 1 1 1 1 1 1 1 1 1 1 1 1 1 1 1 1 1 1 1 1 1 1 1 1 1 1 100 1 1 1 1 100 1 1 1 1 1 1 1 1 1 100 1 1 1 1 1 1 1 100 1 1 1 1 1 1 1 1 1 1 1 1 1 1 1 1 1 1 1 1 1 1 1 1 1 1 1 1 1 1 1 1 1 1 1 1 1 1 1 1 1 1 1 1 1 1 1 1 1 1 1 1 1 1 1 1 1 15 10 7 12 1 1 1 16 15 10 12 16 16 15 10 12 16 15 10 7 12 1 1 16 1 16 15 10 12 16 15 10 12 15 10 7 12 1 1 8 1 8 1 15 10 12 16 1 15 10 12 16 15 10 12 16 15 10 12 16 15 10 12 15 10 12 16 15 10 16 1 15 10 12 15 10 12 16 1 15 10 12 1 16 1 15 10 12 15 10 8 1 8 1 8 1 8 1 8 1 8 1 8 1 8 1 8 1 8 1 8 1 8 1 8 1 8 1 8 1 8 1 15 10 12 16 15 10 12 15 10 12 15 10 12 16 15 10 12 16 15 10 12 15 10 12 16 15 10 12 15 10 12 16 15 10 12 16 8 1 15 10 12 15 10 12 15 10 12 8 1 16 15 11 7 1 15 10 12 15 10 12 8 1 1 1 1 1 1 100 1 1 100 1 1 1 1 1 1 1 100 1 100 1 1
staticfield mindustry/type/UnitType legOffset Larc/math/geom/Vec2; arc/math/geom/Vec2
staticfield mindustry/type/UnitType tmpStances Larc/struct/Seq; arc/struct/Seq
ciInstanceKlass arc/util/Time 1 1 250 10 100 12 1 1 1 9 7 12 1 1 1 7 1 18 12 1 1 10 7 12 1 1 1 9 12 1 1 9 12 1 1 10 7 12 1 1 1 4 10 7 12 1 1 1 9 12 1 1 10 12 1 1 10 7 12 1 1 9 12 1 1 4 10 12 1 10 12 1 1 4 9 12 1 1 9 7 12 1 1 1 10 7 12 1 1 1 9 12 1 1 11 7 12 1 9 12 1 9 12 1 10 7 12 1 1 1 10 12 1 9 12 1 9 12 1 9 12 1 10 12 1 1 10 12 1 1 11 7 12 1 1 1 11 12 1 1 11 7 12 1 1 10 12 1 1 10 12 1 1 10 7 12 1 1 10 12 1 5 0 10 12 1 4 10 100 12 1 1 1 10 10 18 12 1 1 1 1 4 1 4 1 1 1 1 1 1 1 1 1 1 1 1 1 1 1 1 1 1 1 1 1 1 1 1 1 1 1 1 1 1 1 1 1 1 1 1 1 1 1 1 1 1 16 15 10 16 1 16 15 10 12 15 10 7 12 1 1 1 1 1 100 1 1 100 1 100 1 1
ciInstanceKlass mindustry/graphics/Pal 1 1 590 10 100 12 1 1 1 8 1 10 7 12 1 1 1 9 7 12 1 1 1 8 1 9 12 1 8 1 9 12 1 8 1 9 12 1 8 1 9 12 1 8 1 9 12 1 8 1 9 12 1 8 1 9 12 1 8 1 9 12 1 10 12 1 1 4 10 12 1 1 9 12 1 8 1 9 12 1 9 12 1 8 1 9 12 1 8 1 9 12 1 8 1 4 10 12 1 9 12 1 8 1 9 12 1 8 1 9 12 1 8 1 9 12 1 8 1 9 12 1 8 1 9 12 1 8 1 9 12 1 8 1 9 12 1 8 1 9 12 1 8 1 9 12 1 8 1 9 12 1 8 1 9 12 1 8 1 9 12 1 8 1 9 12 1 8 1 9 12 1 8 1 9 12 1 8 1 9 12 1 8 1 9 12 1 8 1 9 12 1 8 1 9 12 1 4 10 12 1 9 12 1 4 9 12 1 4 9 12 1 4 9 12 1 4 9 12 1 8 1 9 12 1 8 1 9 12 1 8 1 9 12 1 8 1 9 12 1 8 1 9 12 1 8 1 9 12 1 8 1 9 12 1 8 1 9 12 1 8 1 9 12 1 8 1 9 12 1 9 12 1 9 12 1 9 12 1 9 12 1 8 1 9 12 1 8 1 9 12 1 9 12 1 8 1 9 12 1 8 1 9 12 1 9 12 1 8 1 9 12 1 8 1 9 12 1 9 12 1 8 1 9 12 1 8 1 9 12 1 8 1 9 12 1 8 1 9 12 1 8 1 9 12 1 9 12 1 8 1 9 12 1 8 1 9 12 1 8 1 9 12 1 8 1 9 12 1 8 1 9 12 1 8 1 9 12 1 8 1 9 12 1 8 1 9 12 1 8 1 9 12 1 8 1 9 12 1 8 1 9 12 1 8 1 9 12 1 8 1 9 12 1 8 1 9 12 1 8 1 9 12 1 8 1 9 12 1 8 1 9 12 1 9 12 1 8 1 9 12 1 8 1 9 12 1 8 1 9 12 1 8 1 9 12 1 8 1 9 12 1 8 1 9 12 1 8 1 9 12 1 8 1 9 12 1 8 1 9 12 1 8 1 9 12 1 8 1 9 12 1 8 1 9 12 1 8 1 9 12 1 8 1 9 12 1 8 1 9 12 1 8 1 9 12 1 8 1 9 12 1 8 1 9 12 1 8 1 9 12 1 8 1 9 12 1 8 1 9 12 1 8 1 9 12 1 8 1 9 12 1 8 1 9 12 1 9 12 1 9 12 1 9 12 1 8 1 9 12 1 8 1 9 12 1 8 1 9 12 1 9 12 1 1 1 1 1 1 1 1 1
instanceKlass arc/graphics/g2d/PixmapPacker$Page$1
ciInstanceKlass arc/graphics/Texture 1 1 186 9 7 12 1 1 1 11 7 12 1 1 1 10 7 12 1 1 1 10 12 1 11 7 12 1 1 1 10 12 1 7 1 10 12 1 7 1 10 12 1 100 1 10 7 12 1 1 1 10 12 1 10 7 1 10 12 10 12 1 9 12 1 1 11 12 1 9 12 1 1 11 12 1 9 12 1 11 12 1 1 11 12 1 10 12 1 10 12 1 1 9 12 1 1 9 12 1 10 12 1 1 9 12 1 1 9 12 1 10 12 1 1 9 12 1 10 12 1 10 12 1 1 9 9 10 12 1 10 12 1 9 12 1 1 10 12 1 1 9 12 1 100 1 11 12 1 1 10 100 1 1 1 1 1 1 1 1 1 1 1 1 1 1 1 1 1 1 1 1 1 1 1 1 1 1 1 1 1 1 7 1 1 7 1 1
ciInstanceKlass arc/func/Floatf 1 0 12 100 1 100 1 1 1 1 1 1 1 1
ciInstanceKlass arc/util/Structs 1 1 375 10 7 12 1 1 1 10 12 1 1 11 100 12 1 1 1 10 7 12 1 1 1 11 100 12 1 1 1 11 12 1 1 11 7 12 1 1 11 12 1 10 7 12 1 1 1 10 100 1 10 12 1 1 10 12 1 1 10 12 1 10 100 12 1 1 10 100 12 1 1 1 7 1 10 12 1 10 12 1 1 10 12 1 1 18 12 1 1 18 12 1 18 12 1 18 12 1 18 12 1 18 12 1 18 12 1 11 100 12 1 1 11 7 12 1 1 7 1 4 11 7 12 1 1 10 100 12 1 1 11 7 12 1 1 10 7 12 1 1 11 7 12 1 1 10 7 12 1 1 10 12 1 11 7 12 1 1 7 1 11 12 1 1 1 1 1 1 1 1 1 1 1 1 1 1 1 1 1 1 1 1 1 1 1 1 1 1 1 1 1 1 1 1 1 1 1 1 1 1 1 1 1 1 1 1 1 100 1 1 1 1 1 1 1 1 1 1 1 1 1 1 1 1 1 1 1 1 1 1 1 1 1 1 1 100 1 1 1 1 1 1 1 1 1 1 1 1 1 1 1 1 1 1 1 1 1 1 1 1 1 1 1 1 1 1 1 1 1 1 1 1 1 1 1 1 1 1 1 1 1 1 1 1 1 1 1 1 1 1 1 1 1 1 1 1 1 1 1 1 1 1 1 1 1 1 1 1 1 1 1 1 1 1 1 1 1 1 1 1 1 1 1 1 1 1 1 1 1 1 1 1 1 1 1 1 1 1 1 1 16 15 10 12 15 10 12 15 10 12 15 10 12 15 10 12 15 10 12 15 10 12 15 10 7 12 1 1 1 1 100 1 100 1 1
instanceKlass java/nio/channels/CancelledKeyException
ciInstanceKlass java/lang/IllegalStateException 1 1 35 10 7 12 1 1 1 10 12 1 10 12 1 10 12 1 100 1 1 1 1 5 0 1 1 1 1 1 1 1 1 1 1 1 1
ciInstanceKlass java/util/NoSuchElementException 0 0 34 10 100 12 1 1 1 10 12 1 10 12 1 10 12 1 100 1 1 1 1 5 0 1 1 1 1 1 1 1 1 1 1 1
ciInstanceKlass arc/graphics/g2d/Font 1 1 414 7 1 10 12 1 1 7 1 10 12 1 10 12 1 10 7 1 10 12 1 100 1 10 10 12 1 9 12 1 1 10 7 12 1 1 1 10 12 1 10 7 12 1 1 9 12 1 9 9 12 1 1 9 12 1 9 12 1 1 9 12 1 1 100 1 8 1 10 12 1 10 12 1 9 12 1 1 9 12 1 1 9 100 12 1 1 1 11 100 12 1 1 1 10 100 12 1 1 1 11 12 1 1 10 12 1 1 10 12 1 1 9 12 1 1 10 12 1 1 11 100 12 1 1 1 11 12 1 1 9 12 1 1 9 7 12 1 1 10 12 1 10 12 1 1 9 12 1 1 10 7 12 1 1 10 12 1 1 10 12 1 10 12 1 1 9 12 1 1 10 12 1 1 10 12 1 1 10 12 1 1 10 12 1 1 10 12 1 9 7 12 1 1 1 10 12 10 12 1 10 12 1 10 12 1 10 12 1 1 10 12 1 1 10 12 1 9 12 1 10 12 1 1 9 12 1 9 12 1 9 12 1 9 12 1 9 12 1 9 12 1 9 12 1 1 10 12 1 18 12 1 10 12 1 1 10 12 1 1 9 12 1 9 12 1 10 100 12 1 1 1 9 12 1 1 9 12 1 10 10 12 1 10 12 1 1 10 12 1 10 12 1 10 12 1 100 1 1 1 3 1 3 1 3 1 1 1 1 1 1 1 1 1 1 1 1 1 1 1 1 1 1 1 1 1 1 1 1 1 1 1 1 1 1 100 100 1 1 1 1 1 1 1 1 1 1 1 1 1 1 1 1 1 1 1 1 1 1 1 1 1 1 1 1 1 1 1 1 1 1 1 1 1 1 1 1 1 1 1 1 1 1 1 1 1 1 1 1 1 16 1 15 10 12 16 15 10 100 12 1 1 1 1 1 100 1 1 1 100 1 100 1 1
instanceKlass arc/graphics/g2d/TextureAtlas$AtlasRegion
ciInstanceKlass arc/graphics/g2d/TextureRegion 1 1 206 10 7 12 1 1 1 9 7 12 1 1 1 100 1 8 1 10 12 1 9 12 1 1 9 7 12 1 1 1 9 12 1 10 12 1 1 10 12 1 10 12 1 10 12 1 10 12 1 10 12 1 1 100 1 9 7 12 1 1 1 9 7 12 1 1 1 10 7 12 1 1 1 9 9 10 12 1 10 12 1 1 4 9 12 1 9 12 1 9 12 1 9 12 1 10 12 1 1 10 12 1 10 12 1 1 10 12 1 10 12 1 1 10 12 1 10 12 1 10 12 1 7 1 10 12 1 9 7 12 1 1 100 1 10 8 1 10 12 1 1 10 12 1 8 1 10 12 1 8 1 10 12 1 10 12 1 1 1 1 1 1 1 1 1 1 1 1 1 1 1 1 1 1 1 1 1 1 1 1 1 1 1 1 1 1 1 1 1 1 1 1 1 1 1 1 1 1 1 1 1 1 1 1 1 1
ciInstanceKlass arc/graphics/g2d/TextureAtlas$AtlasRegion 1 1 87 10 7 12 1 1 1 9 7 12 1 1 1 9 12 1 9 12 1 9 12 1 10 12 1 10 12 1 1 9 12 1 1 9 12 1 1 9 12 1 9 12 1 1 9 12 1 1 8 1 10 12 1 1 10 12 1 1 10 12 1 1 1 1 1 1 1 1 1 1 1 1 1 1 1 1 1 1 1 1 1 1 1 1 7 1 1
instanceKlass mindustry/mod/Mods$2
instanceKlass mindustry/mod/Mods$1
ciInstanceKlass arc/graphics/g2d/TextureAtlas 1 1 506 7 1 10 12 1 1 7 1 10 7 12 1 1 1 10 12 1 9 12 1 1 10 7 1 7 1 10 12 1 9 12 1 1 7 1 10 12 1 9 12 1 1 7 1 10 9 12 1 1 9 12 1 9 12 1 9 12 1 1 9 100 12 1 1 1 11 100 12 1 1 1 10 12 1 10 100 12 1 1 1 10 12 1 10 12 1 7 1 10 10 12 1 10 12 1 9 12 1 10 12 1 1 11 7 12 1 1 1 11 12 1 1 7 1 9 12 1 1 7 1 9 12 1 1 9 12 1 1 10 12 1 9 12 1 1 9 12 1 10 12 1 1 9 12 1 1 9 12 1 10 12 1 1 10 12 1 1 10 12 1 1 9 7 1 9 12 1 1 9 12 1 9 12 1 1 10 12 1 1 9 12 1 9 12 1 9 12 1 10 12 1 9 12 1 1 9 9 12 1 9 9 12 1 9 9 12 1 9 9 12 1 9 9 9 12 1 1 9 9 12 1 9 9 12 1 10 12 1 10 12 1 8 1 10 12 1 1 9 12 10 12 1 1 9 12 1 1 9 18 12 1 10 12 1 7 1 7 1 10 12 1 1 10 12 1 9 9 10 12 1 10 12 1 10 12 1 10 12 1 10 12 1 9 7 1 10 10 9 9 10 12 1 1 8 10 12 1 1 10 12 10 100 12 1 1 100 1 100 1 10 8 1 10 12 1 1 8 1 10 12 1 1 10 12 1 10 12 1 10 12 1 1 7 1 7 1 10 12 1 10 12 1 1 7 1 10 12 1 7 1 10 12 1 8 1 8 1 10 9 12 1 10 12 1 8 1 10 12 1 10 12 1 10 10 12 1 1 10 7 12 1 10 12 1 10 10 12 1 1 11 7 12 1 1 100 1 1 1 1 1 1 1 1 1 1 1 1 1 1 1 1 1 1 1 1 1 1 1 1 1 1 1 1 1 1 1 1 1 1 1 1 1 1 1 1 1 1 1 1 1 1 1 1 1 1 1 1 1 1 1 1 1 1 1 1 1 1 1 100 1 1 1 1 1 1 1 1 1 1 1 1 1 1 16 15 10 12 16 15 10 7 12 1 1 1 1 1 1 1 100 1 1 100 1 1 1 100 1 1 1 100 1 100 1 1
ciInstanceKlass mindustry/game/Rules 1 1 585 10 7 12 1 1 1 9 7 12 1 1 1 7 1 10 9 12 1 1 9 12 1 9 12 1 9 12 1 9 12 1 9 12 1 9 12 1 9 12 1 9 12 1 9 12 1 9 12 1 9 12 1 9 12 1 9 12 1 9 12 1 9 12 1 9 12 1 9 12 1 9 12 1 9 12 1 9 12 1 9 12 1 9 12 1 9 12 1 1 9 12 1 9 12 1 9 12 1 9 12 1 9 12 1 9 12 1 9 12 1 9 12 1 9 12 1 9 12 1 9 12 1 9 12 1 9 12 1 9 12 1 9 12 1 9 12 1 9 12 1 9 12 1 9 12 1 4 9 12 1 9 12 1 4 9 12 1 9 12 1 9 12 1 9 12 1 9 12 1 9 12 1 9 12 1 9 12 1 9 12 1 9 12 1 9 12 1 9 12 1 9 12 1 4 9 12 1 100 1 4 9 12 1 9 12 1 9 12 1 1 9 12 1 9 12 1 100 1 9 12 1 7 1 10 9 12 1 1 9 12 1 9 12 1 9 12 1 7 1 10 9 12 1 1 9 7 12 1 1 1 10 7 12 1 1 1 10 7 12 1 1 1 9 12 1 10 12 1 9 12 1 7 1 10 9 12 1 1 7 1 10 9 12 1 1 9 12 1 9 12 1 9 12 1 7 1 10 9 12 1 1 9 12 1 9 12 1 9 12 1 7 1 10 12 1 9 12 1 1 9 12 1 9 12 1 4 4 4 9 12 1 9 7 12 1 1 1 9 12 1 9 12 1 9 12 1 9 12 1 9 12 1 9 12 1 9 12 1 9 12 1 9 12 1 9 12 1 7 1 10 9 12 1 1 4 9 12 1 9 12 1 4 9 12 1 9 12 1 9 7 12 1 1 1 9 12 1 9 12 1 10 100 12 1 1 1 10 12 1 1 18 12 1 1 10 12 1 1 18 18 9 12 1 9 7 12 1 1 9 12 9 12 1 9 12 1 9 12 1 9 12 1 10 12 1 9 7 12 1 1 9 12 1 9 9 9 9 4 10 100 12 1 1 1 10 12 1 1 9 9 9 9 9 10 12 1 9 9 12 1 10 7 12 1 1 1 1 1 1 1 1 1 1 1 1 1 1 1 1 1 1 1 1 1 1 1 1 1 1 1 1 1 1 1 1 1 1 1 1 1 1 1 1 1 1 1 1 1 1 1 1 1 1 1 1 1 1 1 1 1 1 1 1 1 1 1 1 1 1 1 1 1 1 15 10 7 12 1 1 1 16 15 10 7 1 16 16 15 10 12 16 1 1 1 100 1 100 1 1 100 1 100 1 1
ciInstanceKlass mindustry/game/Team 1 1 416 9 7 12 1 1 1 10 7 12 1 1 1 7 1 10 9 12 1 1 9 12 1 1 9 12 1 1 9 12 1 1 8 1 9 12 1 1 9 12 1 10 12 1 1 9 12 1 1 9 12 1 10 12 1 1 10 12 1 10 12 1 10 12 1 1 9 100 12 1 1 1 9 100 12 1 1 9 7 12 1 1 1 9 7 12 1 1 1 9 7 12 1 1 1 10 7 12 1 1 1 9 12 1 10 7 12 1 1 10 12 1 1 10 7 1 10 12 1 1 10 12 1 1 9 12 1 9 12 1 10 12 1 9 12 1 1 9 12 1 10 12 1 9 12 1 1 9 100 12 1 1 10 12 1 9 100 12 1 1 9 12 1 1 10 12 1 1 10 12 1 1 9 100 12 1 1 1 18 12 1 1 10 100 12 1 1 10 12 1 1 18 12 1 10 12 1 1 4 10 12 1 1 4 9 12 1 10 12 1 1 10 100 12 1 1 1 9 100 12 1 1 10 100 12 1 1 10 12 1 1 100 1 6 0 9 12 1 9 100 12 1 1 1 10 12 1 1 8 1 8 1 10 12 1 1 9 12 8 1 9 7 12 1 1 8 1 8 1 8 1 10 12 1 9 12 8 1 8 1 8 1 8 1 9 12 8 1 8 1 8 1 8 1 8 1 9 12 8 1 8 1 9 12 8 1 8 1 9 12 8 1 8 1 9 12 9 7 12 1 1 1 5 0 10 7 12 1 1 1 10 12 1 1 18 12 1 4 4 4 10 12 1 4 10 12 1 1 10 10 12 1 1 100 1 1 1 1 1 1 1 100 1 1 1 1 1 1 1 1 1 1 1 1 1 1 1 1 1 1 1 1 1 1 1 1 1 1 1 1 1 1 15 10 7 12 1 1 8 1 8 1 8 1 1 100 1 1 1 1 1 100 1 100 1 1
staticfield mindustry/game/Team all [Lmindustry/game/Team; 256 [Lmindustry/game/Team;
staticfield mindustry/game/Team baseTeams [Lmindustry/game/Team; 6 [Lmindustry/game/Team;
staticfield mindustry/game/Team derelict Lmindustry/game/Team; mindustry/game/Team
staticfield mindustry/game/Team sharded Lmindustry/game/Team; mindustry/game/Team
staticfield mindustry/game/Team crux Lmindustry/game/Team; mindustry/game/Team
staticfield mindustry/game/Team malis Lmindustry/game/Team; mindustry/game/Team
staticfield mindustry/game/Team green Lmindustry/game/Team; mindustry/game/Team
staticfield mindustry/game/Team blue Lmindustry/game/Team; mindustry/game/Team
staticfield mindustry/game/Team neoplastic Lmindustry/game/Team; mindustry/game/Team
ciInstanceKlass mindustry/core/GameState 1 1 206 10 7 12 1 1 1 9 7 12 1 1 1 9 12 1 1 9 12 1 9 12 1 9 12 1 9 7 12 1 1 1 9 12 1 7 1 10 9 12 1 1 7 1 10 9 12 1 1 7 1 10 9 12 1 1 7 1 10 9 12 1 1 7 1 10 9 12 1 1 7 1 10 9 12 1 1 7 1 10 9 12 1 1 9 7 12 1 1 1 9 12 1 9 12 1 1 10 7 12 1 1 1 100 1 7 1 10 12 1 10 7 12 1 1 1 9 12 1 9 12 1 1 10 7 12 1 1 1 9 12 1 9 12 1 9 12 1 9 12 1 1 9 100 12 1 1 1 9 9 12 1 9 12 1 9 12 1 1 1 1 1 1 1 1 1 1 1 1 1 1 1 1 1 1 1 1 1 1 1 1 1 1 1 1 1 1 100 1 1 1 1 1 1 1 1 1 1 1 1 1 1 1 100 1 1
ciInstanceKlass mindustry/game/Teams 1 1 421 7 1 10 7 12 1 1 1 7 1 9 7 12 1 1 1 7 1 10 9 12 1 1 10 12 1 9 12 1 9 12 1 9 7 12 1 1 1 10 12 1 1 10 12 1 1 100 1 4 10 12 1 1 9 12 1 1 10 12 1 1 10 12 1 1 11 7 12 1 1 1 11 12 1 1 7 1 10 12 1 1 10 12 1 10 100 12 1 1 1 9 12 10 7 12 1 1 1 9 12 1 10 12 1 1 9 7 12 1 1 1 9 12 1 1 9 7 12 1 1 9 10 7 12 1 1 1 4 10 12 1 1 7 1 11 7 12 1 1 9 12 1 1 10 12 1 9 12 1 10 12 9 12 1 18 12 1 10 12 1 1 10 12 1 1 10 12 1 10 12 1 9 7 1 9 12 1 1 10 12 1 1 7 1 11 12 1 9 12 1 10 12 1 100 1 9 12 1 1 10 12 1 1 10 12 1 9 12 1 9 12 1 9 12 1 9 12 1 9 12 1 9 12 1 10 12 1 9 12 1 1 9 12 1 1 10 7 12 1 9 12 1 1 10 7 12 1 1 1 9 12 1 1 9 7 12 1 1 10 7 1 10 12 1 1 10 12 1 1 9 12 1 10 12 1 9 7 12 1 1 9 12 1 1 10 7 12 1 9 12 1 7 1 10 12 1 9 12 1 10 12 1 1 7 10 12 1 1 10 12 1 10 12 1 10 12 1 1 1 1 1 1 1 1 1 1 1 1 1 1 1 1 1 1 1 1 1 1 1 1 1 1 1 1 1 1 1 1 1 1 1 1 1 1 1 1 1 1 1 1 1 1 1 1 1 1 1 1 1 1 1 1 1 1 1 1 1 1 1 1 1 1 1 1 1 1 1 1 1 1 100 1 1 15 10 7 12 1 1 1 16 15 10 12 16 1 1 100 1 1 1 100 1 1 1 100 1 100 1 1
ciInstanceKlass mindustry/mod/Mods$1 1 1 110 9 7 12 1 1 1 9 12 1 1 9 12 1 1 9 12 1 1 10 7 12 1 1 1 8 1 10 12 1 1 9 12 10 100 12 1 1 1 100 1 9 12 1 1 9 100 12 1 1 1 9 12 1 9 12 1 9 12 1 10 12 1 9 12 1 1 9 12 1 1 10 12 1 1 10 10 1 1 1 1 1 1 1 1 1 1 1 1 1 1 1 1 1 100 1 1 1 1 1 1 1 1 100 1 12 1 1 1 1
ciInstanceKlass mindustry/mod/Mods$2 1 1 59 9 7 12 1 1 1 10 7 12 1 1 1 10 12 1 1 9 7 12 1 1 1 10 7 12 1 1 1 100 1 8 1 10 12 1 1 1 1 1 1 1 1 1 1 1 1 1 1 1 7 1 12 1 1 1 100 1 1
instanceKlass mindustry/entities/part/HaloPart
instanceKlass mindustry/entities/part/ShapePart
instanceKlass mindustry/entities/part/HoverPart
instanceKlass mindustry/entities/part/FlarePart
instanceKlass mindustry/entities/part/RegionPart
ciInstanceKlass mindustry/entities/part/DrawPart 1 1 65 10 7 12 1 1 1 9 7 12 1 1 1 9 12 1 1 9 12 1 7 1 10 9 12 1 1 1 1 1 1 1 1 1 1 1 1 1 1 1 1 1 1 1 1 1 1 1 1 1 1 100 1 100 1 100 1 100 1 1 1 1 1 1 1
staticfield mindustry/entities/part/DrawPart params Lmindustry/entities/part/DrawPart$PartParams; mindustry/entities/part/DrawPart$PartParams
instanceKlass mindustry/entities/abilities/SpawnDeathAbility
instanceKlass mindustry/entities/abilities/LiquidRegenAbility
instanceKlass mindustry/entities/abilities/LiquidExplodeAbility
instanceKlass mindustry/entities/abilities/RegenAbility
instanceKlass mindustry/entities/abilities/MoveEffectAbility
instanceKlass mindustry/entities/abilities/ShieldArcAbility
instanceKlass mindustry/entities/abilities/SuppressionFieldAbility
instanceKlass mindustry/entities/abilities/EnergyFieldAbility
instanceKlass mindustry/entities/abilities/StatusFieldAbility
instanceKlass mindustry/entities/abilities/ForceFieldAbility
instanceKlass mindustry/entities/abilities/RepairFieldAbility
instanceKlass mindustry/entities/abilities/ShieldRegenFieldAbility
ciInstanceKlass mindustry/entities/abilities/Ability 1 1 241 10 7 12 1 1 1 9 7 12 1 1 1 9 100 12 1 1 1 18 12 1 1 10 100 12 1 1 1 4 10 100 12 1 1 1 4 10 12 1 10 12 1 1 10 12 1 10 12 1 9 100 12 1 1 1 10 12 1 1 18 12 1 1 10 100 12 1 1 1 10 12 10 12 1 1 10 12 1 4 10 12 1 10 12 1 1 18 10 12 1 1 10 12 1 1 100 1 100 1 8 1 10 12 1 10 12 1 1 10 100 12 1 1 1 10 12 1 10 12 1 8 1 8 1 10 100 12 1 1 1 10 12 1 18 10 12 1 18 4 10 12 1 10 12 1 10 12 1 10 12 1 10 12 10 12 1 10 12 10 12 1 1 100 1 1 1 1 1 1 1 1 1 1 1 1 1 1 1 1 1 1 1 1 1 1 1 1 1 1 1 1 1 1 1 1 1 1 1 1 1 1 1 1 1 1 1 1 15 10 100 12 1 1 1 16 1 15 10 12 16 15 10 100 12 1 1 8 1 8 1 8 1 8 1 1 100 1 100 1 1
instanceKlass mindustry/content/Blocks$319$3$1$1$1$1$1$1
instanceKlass mindustry/content/Blocks$319$3$1$1
instanceKlass mindustry/content/Blocks$319$2$1$2
instanceKlass mindustry/content/Blocks$319$1$1$1
instanceKlass mindustry/type/weapons/BuildWeapon
instanceKlass mindustry/content/UnitTypes$53$3$2$1$3
instanceKlass mindustry/content/UnitTypes$53$3
instanceKlass mindustry/content/UnitTypes$52$2$1$1$1$1
instanceKlass mindustry/content/UnitTypes$52$2
instanceKlass mindustry/content/UnitTypes$51$2
instanceKlass mindustry/content/UnitTypes$50$1
instanceKlass mindustry/content/UnitTypes$49$3
instanceKlass mindustry/content/UnitTypes$48$1
instanceKlass mindustry/content/UnitTypes$47$2
instanceKlass mindustry/content/UnitTypes$46$2$4$2$2
instanceKlass mindustry/content/UnitTypes$46$2
instanceKlass mindustry/content/UnitTypes$45$2
instanceKlass mindustry/content/UnitTypes$44$1
instanceKlass mindustry/content/UnitTypes$43$1
instanceKlass mindustry/content/UnitTypes$42$2
instanceKlass mindustry/content/UnitTypes$42$1
instanceKlass mindustry/content/UnitTypes$41$1
instanceKlass mindustry/content/UnitTypes$40$1
instanceKlass mindustry/content/UnitTypes$39$1
instanceKlass mindustry/content/UnitTypes$38$1
instanceKlass mindustry/content/UnitTypes$37$1
instanceKlass mindustry/content/UnitTypes$36$1
instanceKlass mindustry/content/UnitTypes$35$2
instanceKlass mindustry/content/UnitTypes$35$1
instanceKlass mindustry/content/UnitTypes$33$2
instanceKlass mindustry/type/weapons/PointDefenseWeapon
instanceKlass mindustry/content/UnitTypes$32$1
instanceKlass mindustry/content/UnitTypes$31$3
instanceKlass mindustry/content/UnitTypes$31$2
instanceKlass mindustry/content/UnitTypes$30$1
instanceKlass mindustry/content/UnitTypes$29$2
instanceKlass mindustry/content/UnitTypes$29$1
instanceKlass mindustry/content/UnitTypes$28$2
instanceKlass mindustry/content/UnitTypes$28$1
instanceKlass mindustry/content/UnitTypes$27$2
instanceKlass mindustry/content/UnitTypes$27$1
instanceKlass mindustry/content/UnitTypes$26$2
instanceKlass mindustry/content/UnitTypes$26$1
instanceKlass mindustry/content/UnitTypes$24$1
instanceKlass mindustry/content/UnitTypes$23$2
instanceKlass mindustry/content/UnitTypes$23$1
instanceKlass mindustry/content/UnitTypes$22$1
instanceKlass mindustry/content/UnitTypes$20$4
instanceKlass mindustry/content/UnitTypes$20$3
instanceKlass mindustry/content/UnitTypes$20$2
instanceKlass mindustry/content/UnitTypes$19$4
instanceKlass mindustry/content/UnitTypes$19$3
instanceKlass mindustry/content/UnitTypes$19$2
instanceKlass mindustry/content/UnitTypes$18$1
instanceKlass mindustry/content/UnitTypes$17$1
instanceKlass mindustry/content/UnitTypes$16$1
instanceKlass mindustry/content/UnitTypes$15$2
instanceKlass mindustry/content/UnitTypes$15$1
instanceKlass mindustry/content/UnitTypes$14$5
instanceKlass mindustry/content/UnitTypes$14$4
instanceKlass mindustry/content/UnitTypes$14$3
instanceKlass mindustry/content/UnitTypes$14$2
instanceKlass mindustry/content/UnitTypes$13$2
instanceKlass mindustry/content/UnitTypes$13$1
instanceKlass mindustry/content/UnitTypes$12$1
instanceKlass mindustry/content/UnitTypes$11$1
instanceKlass mindustry/content/UnitTypes$10$1
instanceKlass mindustry/type/weapons/RepairBeamWeapon
instanceKlass mindustry/content/UnitTypes$9$1
instanceKlass mindustry/content/UnitTypes$8$1
instanceKlass mindustry/content/UnitTypes$7$1
instanceKlass mindustry/content/UnitTypes$6$1
instanceKlass mindustry/content/UnitTypes$5$1
instanceKlass mindustry/content/UnitTypes$4$4
instanceKlass mindustry/content/UnitTypes$4$3
instanceKlass mindustry/content/UnitTypes$4$2
instanceKlass mindustry/content/UnitTypes$3$1
instanceKlass mindustry/content/UnitTypes$2$1
instanceKlass mindustry/content/UnitTypes$1$1
ciInstanceKlass mindustry/type/Weapon 1 1 1110 10 7 12 1 1 1 9 7 12 1 1 1 9 7 12 1 1 9 7 12 1 1 1 9 12 1 9 12 1 1 9 12 1 9 12 1 9 12 1 9 12 1 9 12 1 9 12 1 1 9 12 1 100 1 4 9 12 1 9 12 1 9 12 1 9 12 1 9 12 1 9 12 1 9 12 1 4 9 12 1 4 9 12 1 4 9 12 1 9 12 1 9 12 1 9 12 1 4 9 12 1 9 12 1 1 4 9 12 1 4 9 12 1 9 12 1 9 12 1 4 9 12 1 4 9 12 1 9 12 1 9 12 1 9 12 1 7 1 10 9 12 1 1 9 12 1 9 12 1 9 12 1 9 12 1 4 9 12 1 9 12 1 4 9 12 1 4 9 12 1 9 12 1 4 9 12 1 9 12 1 9 12 1 9 12 1 9 12 1 9 12 1 9 12 1 9 7 12 1 1 9 12 1 9 12 1 9 12 9 12 1 9 12 1 9 12 1 9 12 1 9 7 12 1 1 1 9 12 1 9 7 12 1 1 9 12 1 18 12 1 1 9 12 1 1 4 9 12 1 9 12 1 9 12 1 7 1 7 1 10 12 1 9 12 1 1 9 12 1 1 8 1 10 12 1 10 100 12 1 1 1 9 100 12 1 1 10 12 1 1 9 100 12 1 1 1 10 18 12 1 1 10 12 1 1 9 12 1 9 7 12 1 1 9 12 8 1 4 9 12 1 10 100 12 1 1 1 9 12 1 18 12 1 10 100 12 1 1 1 10 100 12 1 1 1 11 100 12 1 1 10 12 1 1 9 12 1 1 10 7 12 1 1 1 9 7 12 1 1 4 9 7 1 10 7 12 1 1 1 9 9 10 7 12 1 1 1 9 10 12 1 10 12 1 1 9 7 12 1 1 10 12 1 1 10 12 1 10 12 1 10 100 12 1 1 10 12 1 1 9 12 1 9 12 1 1 9 12 1 9 9 12 1 9 12 1 9 12 1 10 100 12 1 1 1 9 12 1 10 12 1 9 12 1 9 12 1 10 12 1 1 9 12 1 9 12 1 1 10 7 12 1 1 1 10 12 1 1 9 12 1 9 12 1 10 12 1 1 10 12 1 1 10 12 9 12 1 10 12 1 9 100 12 1 1 1 10 12 1 1 10 12 9 12 1 10 12 1 9 7 12 1 1 9 12 1 10 7 12 1 1 10 12 1 10 12 1 9 12 1 9 12 1 9 12 9 12 1 9 12 1 9 12 1 9 12 1 9 12 1 10 12 1 1 9 12 1 1 10 12 1 1 10 12 1 1 100 1 11 12 1 11 100 12 1 1 1 10 100 12 1 1 1 9 100 1 9 12 1 9 9 12 1 11 12 11 12 9 10 12 1 1 9 12 1 10 12 1 4 10 12 1 10 12 1 10 12 1 1 10 100 12 1 1 9 12 1 9 12 1 9 12 10 12 10 12 1 9 12 1 1 9 100 12 1 1 10 12 4 9 10 12 1 1 10 12 1 9 7 12 1 1 9 12 1 1 100 1 10 12 1 10 12 1 1 10 12 1 10 12 10 12 1 9 9 9 12 1 10 12 9 12 1 9 12 1 10 12 1 1 9 12 1 9 12 1 1 9 12 1 1 9 7 12 1 1 10 7 12 1 1 1 10 12 1 10 12 1 10 12 1 9 12 1 4 10 10 12 1 9 12 1 1 18 12 1 18 12 1 10 100 12 1 1 1 10 12 1 1 10 12 1 10 100 12 1 1 1 9 12 1 9 12 1 9 12 1 10 100 12 1 1 9 12 1 18 12 1 18 12 1 1 10 12 1 10 10 12 9 12 1 10 12 1 9 10 12 1 1 100 1 9 12 1 1 10 12 10 12 1 1 10 12 1 1 10 12 1 9 12 1 10 12 1 10 12 9 12 1 9 12 1 10 12 1 9 12 1 10 12 1 10 12 1 1 10 12 1 10 12 1 1 100 1 100 1 8 1 10 12 1 9 7 12 1 1 1 10 7 12 1 1 1 18 12 1 18 18 10 12 1 1 11 7 12 1 1 11 12 1 9 12 1 10 12 1 10 100 12 1 1 8 1 18 18 12 1 10 12 1 10 12 1 9 12 1 9 100 12 1 1 1 9 100 12 1 1 10 12 1 100 1 1 1 1 1 1 1 1 1 1 1 1 1 1 1 1 1 1 1 1 1 1 1 1 1 1 1 1 1 1 1 1 1 1 1 1 1 1 1 1 1 1 1 1 1 1 1 1 1 1 1 1 1 1 1 1 1 1 1 1 1 1 1 100 1 100 1 1 1 1 1 1 1 1 1 1 1 1 1 1 1 1 1 1 1 1 1 1 15 10 7 12 1 1 1 16 1 15 10 12 1 16 1 15 10 7 12 1 1 8 1 8 1 16 1 15 10 12 16 1 15 10 12 16 1 16 1 15 10 12 16 15 10 12 8 1 8 1 8 1 8 1 15 10 12 1 1 100 1 1 100 1 1 100 1 100 1 1
instanceKlass mindustry/game/Schematics$1
ciInstanceKlass mindustry/entities/units/BuildPlan 1 1 251 7 1 10 7 12 1 1 1 9 7 12 1 1 1 9 12 1 1 9 12 1 1 9 12 1 10 7 12 1 1 1 9 12 1 9 12 1 1 9 12 1 9 12 1 1 9 12 1 1 10 7 12 1 1 1 10 7 12 1 1 10 100 12 1 1 1 10 12 1 10 12 1 1 9 12 1 1 9 100 1 9 12 1 1 9 100 12 1 1 1 9 100 12 1 1 9 100 12 1 1 1 100 1 10 12 1 1 11 100 12 1 1 1 100 1 10 12 1 1 10 12 1 10 9 12 1 9 12 1 4 10 7 12 1 1 1 10 12 1 1 9 12 1 9 100 12 1 1 10 12 1 1 10 12 1 9 12 1 10 12 1 1 4 10 12 1 1 10 12 1 18 12 1 1 100 1 100 1 1 1 1 1 1 1 1 1 1 1 1 1 1 1 1 1 1 1 1 1 1 1 1 1 1 1 1 1 1 1 1 1 1 1 1 1 1 1 1 1 1 1 1 1 1 1 1 1 1 1 1 1 1 1 1 15 10 100 12 1 1 8 1 1 100 1 1 100 1 100 1 1
ciInstanceKlass mindustry/ui/Fonts 1 1 843 10 100 12 1 1 1 9 7 12 1 1 1 10 7 12 1 1 1 9 12 1 1 8 1 10 7 12 1 1 7 1 10 12 1 1 9 7 12 1 1 1 9 7 12 1 1 1 8 1 10 12 1 1 10 7 12 1 1 1 10 12 1 1 9 12 1 8 9 12 1 8 10 12 1 9 12 1 10 12 1 10 12 1 1 9 12 1 1 8 1 7 1 7 1 8 1 10 12 1 10 7 12 1 1 1 18 12 1 9 7 12 1 1 1 8 1 8 1 7 1 10 18 8 1 8 1 7 1 10 18 8 1 7 1 10 18 8 1 8 1 7 1 10 18 10 7 12 1 1 1 10 12 1 1 8 1 10 12 1 8 1 8 1 100 1 10 18 8 1 100 1 10 18 9 12 1 1 18 12 1 10 7 12 1 1 18 12 1 10 12 1 7 1 9 12 1 1 10 12 1 1 9 7 12 1 1 1 9 12 1 10 12 1 1 18 12 1 1 10 12 10 12 1 9 7 12 1 1 1 9 12 1 1 9 12 1 10 12 1 1 7 1 10 9 12 1 9 12 1 9 12 1 9 7 12 1 1 9 9 12 1 9 9 12 1 9 9 12 1 9 12 1 9 12 1 9 9 9 9 12 1 9 12 1 9 12 1 9 12 1 1 9 12 1 1 9 12 1 10 12 1 1 9 12 1 9 12 1 1 8 1 10 7 12 1 1 1 9 7 12 1 1 1 9 12 1 1 8 1 11 7 12 1 1 1 100 1 10 7 12 1 1 1 10 7 12 1 1 8 1 10 12 1 1 8 1 10 7 12 1 1 1 9 10 12 1 1 10 12 1 7 1 10 12 1 1 100 1 100 1 10 12 8 1 8 1 10 12 1 9 7 12 1 1 1 9 12 1 1 9 12 1 7 1 10 12 1 1 7 1 10 12 1 9 7 12 1 1 1 7 1 7 1 10 7 12 1 1 18 12 1 1 10 12 1 10 12 1 1 7 1 10 10 12 1 7 1 10 8 18 8 1 8 1 7 1 10 18 10 12 1 1 10 7 12 1 1 1 7 1 10 12 1 18 12 1 10 12 1 1 10 12 1 1 11 7 12 1 1 1 11 12 1 10 12 1 1 9 10 12 1 1 9 12 1 1 9 12 1 10 12 1 1 10 12 1 1 9 7 1 9 9 12 9 12 10 12 1 10 12 1 1 10 7 12 1 1 9 12 1 1 10 12 1 10 7 12 1 1 10 12 1 1 9 7 12 1 1 1 10 12 1 1 10 12 1 1 8 1 10 100 12 1 1 1 10 12 1 10 100 12 1 1 1 10 7 12 1 1 1 7 1 10 12 1 1 10 12 1 10 12 1 10 7 12 1 1 1 10 12 1 7 1 10 9 12 9 12 1 4 10 9 7 12 1 1 3 9 12 10 12 10 12 1 9 12 1 10 12 1 9 12 1 1 10 12 1 1 9 12 9 12 9 12 10 12 1 1 9 12 1 1 10 10 10 1 1 1 1 1 1 1 1 1 1 1 1 1 1 1 1 1 1 1 1 1 1 1 1 1 1 1 1 1 1 1 1 1 1 1 1 1 1 1 1 1 1 1 1 1 1 1 1 1 1 1 100 100 1 1 1 1 1 1 1 1 1 1 1 1 1 1 1 1 1 1 1 1 1 1 1 1 1 1 1 1 1 1 1 1 1 1 1 1 1 1 1 1 1 15 10 7 12 1 1 1 16 1 15 10 12 16 15 10 12 15 10 12 15 10 12 15 10 12 15 10 12 15 10 12 16 15 10 12 16 15 10 12 16 15 10 7 12 1 1 8 1 16 15 15 10 12 15 10 12 16 15 10 12 16 1 1 100 1 1 1 100 1 1 100 1 1 1 1 1 1 1 100 1 100 1 1
staticfield mindustry/ui/Fonts unscaled Larc/struct/ObjectSet; arc/struct/ObjectSet
ciInstanceKlass mindustry/core/Control 1 1 1964 7 1 10 7 12 1 1 1 7 1 10 12 1 9 7 12 1 1 1 9 12 1 1 9 12 1 9 12 1 7 1 10 12 1 9 12 1 1 10 9 12 1 7 1 10 9 12 1 1 7 1 10 9 12 1 1 7 1 10 9 12 1 1 7 1 18 12 1 1 10 7 12 1 1 1 7 1 18 7 1 18 12 1 7 1 18 7 1 18 7 1 18 7 1 18 7 1 18 7 1 18 18 18 7 1 18 7 1 18 18 9 7 12 1 1 1 18 12 1 1 10 12 1 7 1 18 7 1 18 18 10 12 1 1 11 7 12 1 1 1 11 12 1 1 100 1 10 12 1 1 10 12 1 10 12 1 1 100 1 10 12 1 1 9 12 1 1 9 12 1 1 9 12 1 1 9 12 1 1 18 12 1 10 100 12 1 1 1 10 12 1 9 100 12 1 1 1 9 12 1 1 9 12 1 10 100 12 1 1 1 9 100 12 1 1 9 12 1 10 12 1 9 7 12 1 1 1 8 1 10 7 12 1 1 1 9 7 12 1 1 9 7 12 1 1 9 12 1 1 9 7 12 1 1 1 10 7 12 1 1 1 9 12 1 1 8 1 8 1 8 1 9 12 1 1 10 7 12 1 1 1 10 7 12 1 1 1 8 1 8 1 8 1 10 7 12 1 1 1 10 12 1 10 12 1 9 12 1 1 10 7 12 1 1 9 7 12 1 1 7 1 9 12 1 1 10 7 12 1 1 9 12 1 1 9 12 1 1 9 12 1 18 12 1 10 12 1 1 10 12 1 10 7 12 1 1 1 9 12 1 1 10 12 1 1 9 12 1 8 1 8 1 10 7 12 1 1 1 10 100 12 1 1 1 10 12 1 1 9 12 9 12 1 1 10 12 1 1 10 12 1 1 9 12 1 100 1 10 9 12 1 7 1 10 9 12 1 1 10 7 12 1 1 10 12 1 18 9 7 1 10 12 1 10 12 10 12 1 10 10 12 1 1 9 12 1 1 18 12 1 10 7 12 1 1 1 10 12 1 1 100 1 10 10 12 1 18 12 1 100 1 10 10 12 1 1 10 12 1 9 12 1 1 10 7 12 1 1 1 9 12 1 1 9 7 12 1 1 1 9 100 12 1 1 1 9 100 12 1 1 9 12 1 9 12 1 11 100 12 1 9 12 1 1 10 7 12 1 1 9 12 1 1 10 12 1 1 100 1 10 12 10 12 1 10 12 1 10 12 1 9 7 12 1 1 1 10 12 1 10 12 1 1 10 100 12 1 1 10 12 1 9 12 1 9 12 1 1 10 100 12 1 1 1 10 12 1 8 1 10 100 12 1 7 1 10 12 1 1 9 12 1 1 100 1 10 7 12 1 1 1 10 12 1 10 12 1 8 1 10 12 1 1 10 12 1 9 12 1 9 12 1 10 12 1 1 9 12 1 1 11 7 12 1 1 8 1 9 12 1 1 18 12 1 11 7 12 1 1 10 12 1 10 12 100 1 10 12 1 10 9 7 12 1 1 1 10 12 1 1 8 10 12 1 9 12 1 1 10 100 12 1 1 1 10 100 12 1 1 10 12 1 1 9 10 7 12 1 1 1 9 10 12 1 10 12 1 10 12 1 1 10 100 12 1 1 9 12 1 1 9 7 12 1 1 1 9 7 1 10 12 1 9 10 12 1 9 12 1 1 10 7 12 1 1 9 12 1 8 1 10 12 1 1 10 10 12 1 10 12 1 10 4 10 12 1 9 12 1 10 100 12 1 1 1 10 12 1 9 100 12 1 1 1 18 12 1 1 10 100 12 1 1 1 9 12 1 1 10 100 12 1 1 9 12 1 9 12 1 10 12 1 9 12 1 1 10 100 12 1 1 9 12 1 1 10 100 12 1 1 9 12 1 10 12 1 9 12 1 1 10 100 12 1 1 9 12 1 1 10 100 1 10 12 1 9 12 1 10 100 1 10 12 1 1 9 12 1 10 12 1 10 12 1 10 7 1 9 12 1 1 10 7 12 1 1 1 10 7 12 1 1 10 12 1 7 1 11 10 100 1 18 100 1 8 1 10 12 10 12 1 4 18 12 1 9 12 1 1 18 12 1 10 100 12 1 1 1 4 10 100 12 1 1 1 10 12 1 1 10 12 1 9 12 1 10 12 4 4 10 12 1 8 1 10 12 1 1 8 1 18 10 10 9 12 1 1 8 1 9 12 1 10 100 12 1 1 1 8 1 11 12 1 10 12 10 12 1 9 12 1 1 10 100 12 1 1 9 12 1 1 10 100 1 9 12 1 9 12 1 10 100 12 1 1 9 12 1 9 12 1 1 9 100 1 9 12 1 9 12 1 10 12 1 1 10 12 1 10 12 1 9 12 1 9 12 1 10 12 1 10 9 12 1 10 12 1 1 10 12 10 12 1 9 12 1 10 12 1 10 100 12 1 1 1 10 12 1 1 9 100 12 1 1 1 100 1 10 100 12 1 1 1 100 1 9 12 1 10 100 1 9 12 1 10 12 1 100 1 10 12 1 18 12 1 18 100 1 18 10 12 1 1 10 12 1 8 1 10 12 1 9 12 1 1 10 100 12 1 1 10 10 12 1 10 12 1 10 12 1 9 12 1 1 10 100 12 1 1 1 18 9 12 1 1 100 1 10 9 100 12 1 1 1 9 12 1 1 10 100 12 1 10 12 1 1 18 10 12 1 1 10 12 1 10 12 1 9 12 1 9 12 10 12 1 9 9 12 1 10 12 10 12 1 1 10 12 1 1 9 12 1 1 9 12 1 8 1 10 12 1 10 100 12 1 100 1 8 1 10 12 1 100 1 10 10 12 1 18 12 1 1 10 12 1 1 10 12 1 9 12 1 10 100 12 1 1 1 10 7 12 1 1 1 18 12 1 10 12 1 11 7 12 1 1 10 12 1 10 12 1 1 10 12 1 10 12 1 10 12 1 10 12 1 8 1 9 12 1 10 12 1 1 9 12 1 8 1 10 12 1 1 10 4 10 12 1 10 12 1 1 9 12 1 1 10 12 1 1 9 12 1 9 12 1 4 9 12 1 10 12 1 10 12 1 10 12 1 9 12 1 10 12 1 10 12 1 10 12 1 1 10 100 12 1 1 1 18 12 1 10 12 1 18 9 12 18 12 1 9 12 1 9 9 10 12 9 12 1 18 9 9 12 1 9 12 1 4 18 12 1 9 12 1 1 10 100 12 1 9 10 12 1 10 12 1 10 12 1 18 12 1 18 100 1 9 12 1 1 10 12 1 4 8 1 10 12 10 12 1 1 100 1 9 18 10 12 1 9 12 1 100 1 8 1 10 12 1 1 9 12 10 12 1 9 12 1 1 9 12 1 9 100 12 1 1 4 4 10 12 1 1 9 12 1 10 100 12 1 9 12 1 10 12 1 10 12 1 9 100 12 1 1 1 10 100 12 1 10 10 10 12 1 10 7 12 1 1 9 12 1 1 10 7 12 1 1 1 10 12 9 12 1 9 12 1 18 12 1 9 12 1 1 10 7 12 1 1 10 12 1 10 12 1 4 18 8 1 10 12 1 9 10 12 1 10 12 1 100 1 100 1 1 1 1 1 1 1 1 1 1 1 1 1 1 1 1 1 1 1 1 1 1 1 1 1 1 1 1 1 1 1 1 1 1 1 1 1 1 1 1 1 1 1 1 1 1 1 1 1 1 1 1 1 1 1 1 1 1 1 1 1 1 1 1 1 1 1 1 1 1 1 1 1 1 1 1 1 1 1 1 1 1 1 1 1 1 1 1 1 1 1 1 1 1 1 1 1 1 1 1 1 1 1 1 1 1 1 1 1 1 1 1 1 1 1 1 1 1 1 1 1 1 1 1 1 1 1 1 1 1 1 1 1 1 1 1 1 1 1 1 1 1 1 1 1 1 1 1 1 1 1 1 1 1 1 15 10 7 12 1 1 1 16 15 10 12 16 15 10 12 16 15 10 12 16 15 10 12 16 15 10 12 16 15 10 12 16 15 10 12 16 15 10 12 16 15 10 12 16 15 10 12 15 10 12 15 10 12 16 15 10 12 16 15 10 12 16 15 10 12 15 10 12 16 15 10 12 16 15 10 12 16 15 10 12 16 1 16 15 10 12 16 15 10 12 15 10 12 15 10 12 15 10 12 16 15 10 12 15 10 12 15 10 12 15 10 12 16 1 15 10 12 15 10 12 15 10 12 15 10 12 15 10 12 15 10 12 15 10 100 12 1 1 8 1 15 10 100 12 1 1 15 10 12 15 15 10 12 15 15 10 12 15 10 12 15 10 12 15 10 12 15 15 10 12 1 100 1 1 1 1 1 1 1 1 1 1 1 1 1 1 1 1 1 1 1 1 100 1 1 100 1 1 100 1 1 1 1 100 1 100 1 1 100 1 1 1 100 1 100 1 1
instanceKlass mindustry/input/DesktopInput
instanceKlass mindustry/input/MobileInput
ciInstanceKlass mindustry/input/InputHandler 1 1 3664 7 1 10 7 12 1 1 1 7 1 10 9 7 12 1 1 1 4 9 12 1 1 4 9 12 1 7 1 18 12 1 1 18 12 1 10 7 12 1 1 1 9 12 1 1 7 1 10 9 12 1 1 9 12 1 1 9 12 1 1 9 12 1 9 12 1 7 1 10 9 12 1 1 7 1 10 9 12 1 1 10 9 12 1 10 12 1 9 12 1 7 1 10 9 12 1 1 9 12 1 10 12 1 9 12 1 9 12 1 9 12 1 9 12 1 9 12 1 1 7 1 9 12 1 1 9 12 1 7 1 7 1 10 10 12 1 9 12 1 1 9 12 1 7 1 10 9 12 1 1 9 12 1 9 12 1 1 9 7 12 1 1 1 9 12 1 7 1 10 9 12 1 1 7 1 10 9 12 1 1 7 1 10 9 12 1 1 10 12 1 7 1 18 12 1 10 7 12 1 1 1 7 1 18 12 1 7 1 18 10 12 1 1 10 7 12 1 1 1 10 7 12 1 1 1 10 7 12 1 1 1 10 12 1 1 10 7 12 1 1 1 4 18 12 1 1 10 7 12 1 1 18 12 1 9 12 1 1 10 100 12 1 1 9 100 12 1 1 1 9 12 1 9 12 1 1 10 7 12 1 1 1 10 12 1 9 12 1 1 10 100 12 1 1 9 100 12 1 1 1 9 12 10 10 12 1 9 12 1 1 10 12 1 18 12 1 10 12 1 1 9 12 1 1 10 7 12 1 1 1 9 12 1 1 9 100 12 1 1 1 9 100 12 1 1 1 18 12 1 10 100 12 1 1 1 100 1 8 1 10 12 1 10 7 12 1 1 1 10 7 12 1 1 1 9 7 12 1 1 10 12 1 1 11 7 12 1 1 11 12 1 1 100 1 9 12 1 1 10 7 12 1 1 9 12 1 10 12 9 12 1 11 12 1 9 12 1 18 12 1 8 1 9 12 1 9 12 1 9 12 1 9 12 1 10 100 12 1 1 10 12 1 1 10 12 1 1 18 12 1 1 9 12 1 1 9 7 12 1 1 1 9 7 12 1 1 1 10 7 12 1 1 1 9 12 1 9 12 1 18 8 1 10 12 1 9 12 1 1 18 12 1 10 7 12 1 1 9 100 12 1 1 1 10 12 1 1 9 12 1 9 7 12 1 1 1 10 7 12 1 1 1 9 12 1 10 12 1 1 100 1 9 12 1 1 9 100 12 1 1 9 12 1 10 12 1 11 100 1 10 12 1 1 9 12 1 1 9 100 12 1 1 10 12 1 1 9 12 10 12 1 10 12 1 1 10 12 1 1 10 12 1 1 9 12 1 9 12 1 9 12 1 10 12 1 1 100 1 100 1 10 12 1 10 10 12 1 10 9 12 1 10 12 1 1 9 12 1 1 10 7 12 1 1 9 12 1 10 12 9 12 18 12 1 10 12 1 1 9 12 1 10 12 1 1 9 12 1 9 12 1 1 9 12 1 10 12 1 1 9 12 1 1 10 100 12 1 1 100 1 10 12 1 1 10 12 1 1 10 12 1 1 18 9 12 1 1 10 12 1 10 12 1 1 9 12 1 10 12 1 1 9 12 1 18 8 1 10 10 12 1 10 12 1 10 12 1 1 100 1 10 12 1 10 12 1 10 12 1 1 4 10 12 1 1 10 12 1 10 7 12 1 1 1 9 12 1 9 12 1 1 18 12 1 10 12 1 8 1 10 12 1 10 100 12 1 1 1 100 1 10 12 1 10 12 1 10 12 1 9 12 1 1 9 12 1 1 9 7 12 1 1 4 10 100 12 1 1 1 9 12 1 18 12 1 8 1 10 12 1 1 9 12 9 12 10 12 1 1 100 1 10 10 12 1 1 100 1 10 12 1 10 12 1 11 12 1 1 9 12 1 10 10 12 1 1 9 12 1 1 9 7 1 4 4 9 12 1 18 12 1 8 1 9 12 1 1 9 10 100 12 1 1 10 12 1 1 11 12 1 1 10 12 1 1 9 12 1 1 9 100 12 1 1 10 12 11 12 1 11 12 1 1 10 11 12 1 9 12 1 10 7 1 10 12 1 11 12 1 1 10 12 1 11 12 1 10 9 12 1 10 12 1 1 18 12 1 8 1 9 7 12 1 1 10 12 1 10 12 1 4 10 12 1 1 10 12 9 9 10 12 1 1 11 12 1 11 12 11 12 1 11 12 1 9 12 1 9 12 1 1 9 12 1 10 100 12 1 1 1 100 1 10 12 10 12 1 1 9 12 1 10 12 1 1 8 1 9 12 1 9 7 12 1 1 10 12 1 9 12 1 18 12 1 8 1 9 10 12 1 1 10 12 1 10 12 1 10 12 1 9 12 1 9 9 10 12 1 9 12 1 9 100 12 1 1 1 10 12 1 1 10 7 12 1 1 100 1 10 12 1 8 1 9 12 1 18 12 1 9 12 1 1 100 1 10 9 9 12 1 10 12 9 12 1 1 10 100 12 1 1 1 8 1 10 12 1 1 7 1 10 12 1 7 1 10 12 1 9 12 1 10 12 1 1 9 12 1 18 12 1 8 1 10 12 1 10 12 1 1 9 12 9 12 1 10 12 1 10 12 1 10 10 10 12 1 9 12 1 18 8 1 10 12 1 10 12 1 9 12 1 1 9 12 1 10 12 9 12 1 9 12 1 9 12 1 18 12 1 9 9 10 12 1 8 1 100 1 10 12 1 9 12 1 18 8 1 9 100 1 100 1 9 12 1 9 12 1 10 12 1 1 10 12 10 12 1 9 12 1 9 12 4 9 10 12 1 10 12 1 10 12 1 10 12 10 12 10 12 1 4 9 12 1 7 1 10 12 1 9 12 1 1 7 1 10 12 1 9 12 1 9 12 1 10 10 12 1 1 18 12 1 10 12 1 9 12 1 9 7 12 1 1 1 9 7 12 1 1 9 12 1 9 10 7 12 1 1 1 9 12 1 10 9 12 1 9 12 1 10 12 1 9 12 1 1 10 7 12 1 1 10 12 1 1 9 12 1 4 18 10 12 1 1 10 12 1 9 9 10 12 1 10 12 1 10 12 1 10 7 12 1 1 18 12 1 10 12 1 1 9 12 1 1 9 7 12 1 1 1 10 7 12 1 1 9 12 1 9 12 1 10 12 1 10 12 1 9 9 12 1 9 12 1 9 12 1 4 9 12 1 9 12 18 12 1 10 12 1 1 10 12 1 10 12 1 18 9 100 12 1 10 12 1 1 7 1 11 12 1 11 18 12 1 10 12 1 10 12 1 10 12 1 1 11 12 1 10 12 1 1 9 12 1 1 10 7 12 1 1 10 12 1 10 12 1 10 12 1 9 12 1 9 12 1 10 12 1 10 12 1 10 12 1 1 10 12 1 10 12 1 10 12 1 1 10 12 1 9 12 1 10 12 1 1 9 12 1 1 10 12 1 1 9 9 9 12 1 9 12 1 18 12 1 10 12 1 10 12 10 12 1 1 10 12 1 10 12 1 1 10 12 1 10 12 1 10 12 1 1 10 12 1 18 12 1 10 12 1 1 10 12 1 1 10 12 1 4 10 12 1 1 9 7 12 1 9 12 1 10 7 12 1 1 1 10 12 4 4 100 1 4 18 12 1 10 7 12 1 1 4 18 4 18 9 12 1 11 12 1 11 12 1 4 10 12 1 1 4 18 100 1 9 12 1 9 9 12 1 9 12 1 10 12 1 1 10 12 1 1 10 12 1 1 11 100 1 11 4 10 12 1 9 12 1 10 12 1 1 4 10 12 1 4 10 12 9 12 1 10 12 9 12 1 4 10 100 12 1 1 1 10 7 12 1 1 10 12 1 10 12 1 10 12 1 9 12 1 4 4 10 12 1 11 12 1 9 100 12 1 1 1 10 100 12 1 1 1 9 12 1 4 4 10 7 12 1 1 10 12 1 1 10 10 12 10 12 10 12 1 10 12 1 10 12 4 10 12 1 1 9 12 1 10 12 10 12 1 9 12 18 10 10 12 1 10 12 1 9 4 9 10 12 1 1 9 12 9 12 10 12 1 9 12 1 10 12 1 1 10 12 1 1 10 12 1 1 9 12 1 4 9 12 1 9 12 1 10 12 1 10 12 1 9 12 1 10 12 1 1 9 10 7 12 1 1 1 10 12 1 1 10 12 1 1 9 12 1 9 12 1 10 12 1 10 12 1 1 10 12 1 1 4 9 12 1 4 10 12 1 10 12 1 10 12 1 1 10 12 1 10 12 1 9 12 1 10 12 1 1 9 12 1 10 12 1 9 12 1 10 12 10 12 1 10 12 1 1 10 12 1 9 7 1 9 12 1 10 12 1 10 12 1 1 9 12 1 1 8 1 8 1 8 1 18 12 1 10 12 1 1 10 12 1 10 12 1 18 12 1 10 18 12 1 10 12 1 10 12 1 10 12 1 1 9 10 12 1 1 10 12 1 1 9 12 1 18 12 1 10 12 1 11 7 12 1 10 12 1 1 10 12 1 1 9 7 12 1 1 10 7 12 1 1 1 10 12 1 1 9 7 1 9 12 1 9 9 12 1 10 12 1 9 9 10 12 1 1 9 7 1 9 9 12 9 12 10 12 1 10 9 10 12 1 9 12 1 10 12 9 12 1 9 12 1 10 12 1 1 3 9 12 1 1 10 7 1 10 12 1 10 12 1 10 12 1 1 10 12 1 9 12 1 9 7 12 1 1 1 10 7 12 1 1 10 12 1 10 12 1 10 12 1 4 10 12 10 12 1 1 9 12 1 10 7 12 1 1 18 12 1 10 12 1 10 12 1 10 12 1 10 12 1 10 12 1 1 10 12 10 12 1 10 12 1 9 12 1 10 12 1 9 12 1 10 12 10 12 1 10 12 1 9 12 1 9 12 1 9 12 10 12 1 1 10 12 1 10 12 1 1 10 12 1 10 12 1 18 12 1 10 12 9 12 1 10 10 12 1 10 12 9 10 12 1 10 12 1 1 18 10 12 1 1 9 12 1 1 8 1 10 7 12 1 1 1 18 10 12 1 1 10 12 1 10 12 1 10 12 1 10 12 1 10 12 1 1 10 12 1 10 12 1 1 10 12 1 1 10 12 1 10 10 12 1 9 12 1 10 12 1 1 10 12 1 9 12 1 9 12 1 9 7 12 1 1 1 9 7 12 1 1 1 10 12 1 10 12 1 10 12 1 10 12 1 9 12 1 10 12 1 9 12 1 9 12 1 10 12 1 10 12 1 10 12 1 9 12 1 10 10 12 1 9 12 1 10 12 1 10 12 10 12 10 12 1 9 12 1 9 12 1 10 12 1 9 12 1 1 10 7 12 1 1 10 12 1 10 12 1 1 10 12 1 1 8 1 10 12 1 1 9 100 12 1 1 10 12 1 9 12 1 10 12 1 10 12 10 12 10 12 1 9 7 12 1 1 1 10 12 1 1 10 12 1 18 10 12 1 10 12 1 10 12 1 10 12 1 1 9 12 1 10 12 1 18 18 12 1 10 12 1 9 12 1 9 12 1 100 1 9 18 18 9 12 1 9 12 1 10 12 1 1 18 10 12 1 18 12 1 18 10 12 1 1 10 12 8 1 10 12 1 7 1 10 9 12 1 1 9 12 1 1 10 7 1 10 12 1 18 10 12 7 1 4 4 10 12 1 10 12 1 10 12 1 1 9 10 12 1 9 12 1 10 12 1 1 10 12 1 10 12 1 1 10 8 1 10 12 1 1 10 12 10 10 10 12 1 10 12 1 10 12 1 7 1 10 12 1 10 12 1 10 12 1 10 12 1 10 12 9 12 1 9 12 9 10 12 1 10 12 1 10 12 1 10 12 1 1 9 12 1 9 12 1 9 12 1 9 12 1 9 12 1 1 10 12 1 10 12 1 10 12 1 1 10 7 12 1 1 1 9 9 9 12 1 1 8 1 10 7 12 1 1 9 12 10 12 9 12 10 12 1 9 12 1 8 1 9 12 1 9 12 1 10 12 1 9 12 1 7 1 10 12 1 1 10 12 1 1 9 12 1 10 12 1 1 9 12 1 10 12 1 1 10 12 1 10 12 1 1 10 7 12 1 1 9 12 1 4 4 9 9 9 12 1 10 12 1 1 9 9 12 1 11 7 12 1 10 12 1 1 10 10 12 1 10 12 1 10 12 1 1 10 12 1 10 12 1 10 12 9 10 12 1 10 12 1 18 12 1 10 12 1 10 12 1 4 18 12 1 10 12 1 10 12 10 12 1 9 12 1 1 10 100 12 1 1 18 12 1 100 1 8 1 8 1 18 12 1 10 12 1 1 9 12 1 1 8 10 100 12 1 1 1 8 1 10 12 1 8 1 10 12 1 1 9 12 1 10 100 12 1 1 100 1 10 12 10 12 1 1 10 12 10 12 1 10 12 1 9 12 1 9 12 9 12 1 1 9 12 1 9 12 1 9 12 1 4 18 12 1 10 12 1 4 10 12 4 10 12 1 1 10 12 10 12 1 10 12 1 10 10 9 12 9 100 12 1 9 9 9 10 12 1 100 1 9 12 1 1 9 12 1 9 9 12 1 1 9 12 1 9 12 1 9 9 9 9 12 18 12 1 11 7 12 1 1 10 12 1 1 10 10 12 1 10 12 1 10 12 9 10 12 1 1 9 12 1 18 9 100 12 1 1 1 9 100 12 1 1 10 4 10 10 7 1 9 12 1 9 12 1 9 12 1 9 12 1 9 12 1 9 12 1 9 12 1 9 12 1 9 12 1 9 12 1 18 18 100 1 100 1 1 1 1 1 4 1 1 3 1 1 1 1 1 1 1 1 1 1 1 1 1 1 1 1 1 1 1 1 1 1 1 1 1 100 1 1 1 100 1 1 1 1 1 1 1 100 1 1 1 1 1 1 1 1 1 1 1 1 1 1 1 1 1 1 1 1 1 1 1 1 1 1 1 1 1 1 1 1 100 1 1 1 1 1 1 1 1 1 1 1 1 1 1 1 1 1 1 1 1 1 1 1 1 1 1 1 1 1 1 1 1 1 1 1 1 1 1 1 1 1 1 1 1 1 1 1 1 1 1 1 1 1 1 1 1 1 1 1 1 1 1 1 1 1 1 1 1 1 1 1 1 1 1 1 1 1 1 1 1 1 1 1 100 1 1 1 1 1 1 1 1 1 1 1 1 1 1 1 1 1 1 1 1 1 1 1 1 1 1 1 1 1 1 1 1 1 1 1 1 1 1 1 1 1 1 1 1 1 1 1 1 1 1 1 1 1 1 1 1 1 1 1 1 1 1 1 1 1 1 1 1 1 1 1 1 1 1 1 1 1 1 1 1 1 1 1 1 1 1 1 1 1 1 1 1 1 1 1 1 1 1 1 1 1 1 1 1 1 1 1 1 1 1 1 1 1 1 1 1 1 1 1 1 1 1 1 1 1 1 1 1 1 1 1 1 1 1 1 1 1 1 1 1 1 1 1 1 1 1 1 1 1 1 1 1 1 1 1 1 1 1 1 1 1 1 1 1 1 1 1 1 1 1 1 1 1 1 1 1 1 1 1 1 1 1 1 1 1 1 1 1 1 1 1 1 1 1 1 1 1 1 1 1 1 1 1 1 1 1 1 1 1 1 1 1 1 1 1 1 1 1 1 1 1 1 15 10 7 12 1 1 1 16 15 10 12 15 10 12 16 15 10 12 16 15 10 12 16 15 10 12 16 16 15 10 12 15 10 12 15 10 12 15 10 12 16 15 10 12 15 10 7 12 1 1 8 1 15 10 12 16 15 16 15 10 12 15 10 12 15 10 12 15 10 12 15 10 12 15 10 12 15 10 12 15 10 12 15 10 12 15 10 12 15 10 12 15 10 12 15 10 12 16 15 11 12 16 1 15 10 12 16 15 16 15 10 12 16 15 10 12 15 10 12 15 10 12 16 1 15 10 12 16 15 10 12 15 10 12 15 10 12 15 10 12 15 10 12 16 15 10 12 16 15 10 12 15 10 12 15 10 12 16 8 1 15 10 12 15 10 12 16 15 10 12 15 10 12 15 10 12 16 1 15 10 12 16 1 15 10 12 15 10 12 15 10 12 16 15 10 12 15 10 12 15 10 12 16 15 10 12 16 1 15 10 12 15 10 12 16 1 15 10 12 15 10 12 15 10 12 15 10 12 16 15 10 12 15 10 12 1 1 100 1 1 1 1 1 1 1 1 1 1 1 1 1 1 1 1 1 100 1 1 100 1 1 1 1 1 1 100 1 1 1 1 100 1 100 1 1
staticfield mindustry/input/InputHandler playerSelectRange F 1093664768
staticfield mindustry/input/InputHandler stancesOut Larc/struct/Seq; arc/struct/Seq
staticfield mindustry/input/InputHandler removed Larc/struct/IntSeq; arc/struct/IntSeq
staticfield mindustry/input/InputHandler intSet Larc/struct/IntSet; arc/struct/IntSet
staticfield mindustry/input/InputHandler r1 Larc/math/geom/Rect; arc/math/geom/Rect
staticfield mindustry/input/InputHandler r2 Larc/math/geom/Rect; arc/math/geom/Rect
staticfield mindustry/input/InputHandler tmpUnits Larc/struct/Seq; arc/struct/Seq
staticfield mindustry/input/InputHandler tmpBuildings Larc/struct/Seq; arc/struct/Seq
staticfield mindustry/input/InputHandler controlGroupBindings [Larc/input/KeyBind; 10 [Larc/input/KeyBind;
staticfield mindustry/input/InputHandler sameQuadPlanFinder Larc/func/Boolf; mindustry/input/InputHandler$$Lambda$1874+0x000002180b5b29c8
staticfield mindustry/input/InputHandler vpPredicate Larc/func/Boolf; mindustry/input/InputHandler$$Lambda$1875+0x000002180b5b2be0
ciInstanceKlass mindustry/core/Renderer 1 1 1496 7 1 10 7 12 1 1 1 7 1 10 9 7 12 1 1 1 7 1 10 9 12 1 1 7 1 10 9 12 1 1 7 1 10 9 12 1 1 7 1 10 9 12 1 1 7 1 10 9 12 1 1 7 1 10 9 12 1 1 9 12 1 1 9 12 1 9 12 1 9 12 1 9 12 1 9 12 1 4 9 12 1 1 4 9 12 1 4 9 12 1 9 12 1 7 1 10 9 12 1 1 7 1 10 9 12 1 1 7 1 9 12 1 1 9 12 1 7 1 10 12 1 9 12 1 1 4 10 7 12 1 1 1 9 12 1 9 12 1 7 1 10 9 12 1 1 7 1 10 9 7 12 1 1 1 10 7 12 1 1 7 1 18 12 1 1 10 7 12 1 1 1 9 12 1 4 10 7 12 1 1 1 10 7 12 1 1 1 9 12 1 9 12 1 7 1 10 12 1 10 12 1 1 10 12 1 1 7 1 10 9 12 1 1 9 12 1 1 8 1 10 7 12 1 1 1 10 12 1 10 7 1 9 12 1 1 18 12 1 1 10 7 12 1 1 1 18 10 12 1 7 1 18 9 12 1 1 8 1 7 1 10 7 12 1 1 1 18 12 1 9 7 12 1 1 1 7 1 18 100 1 7 1 9 12 1 7 1 8 1 8 1 18 12 1 9 12 1 1 10 12 1 1 9 7 12 1 1 1 10 12 1 9 12 1 10 12 1 1 9 12 1 1 9 7 12 1 1 1 9 7 12 1 1 9 12 1 10 12 1 10 12 1 1 10 12 1 4 10 12 1 4 10 12 1 1 8 1 10 12 1 1 9 12 1 8 1 9 12 1 8 1 9 12 1 8 1 10 12 1 9 12 1 8 1 9 12 1 8 1 9 12 1 8 1 9 12 1 8 1 8 1 10 12 1 1 8 1 8 1 8 1 8 1 8 9 12 1 1 9 12 1 9 12 1 1 10 7 12 1 1 11 100 12 1 1 9 12 1 11 12 1 9 100 12 1 1 4 11 12 1 9 12 1 1 10 7 12 1 1 1 9 12 1 10 12 1 9 12 1 10 7 12 1 1 10 12 1 9 12 1 10 12 1 1 10 8 1 10 12 1 4 10 12 1 1 10 12 1 10 12 1 9 12 1 10 12 1 10 12 1 9 12 1 1 10 12 1 10 12 1 10 12 1 9 12 1 1 10 12 1 1 5 0 10 7 12 1 1 8 1 8 1 8 1 8 1 8 1 18 8 1 10 100 12 1 1 1 10 12 1 10 12 1 10 12 1 100 1 10 10 12 1 1 9 12 1 10 100 12 1 1 10 12 1 10 12 1 7 1 10 100 12 1 1 1 10 12 1 9 12 1 1 8 1 10 100 12 1 1 1 10 12 1 9 7 12 1 1 1 10 12 1 10 7 12 1 1 10 9 12 1 10 7 12 1 1 1 9 12 1 9 12 1 1 10 12 1 10 7 12 1 1 10 12 1 1 10 12 1 1 10 12 1 10 12 1 10 12 1 9 12 10 12 1 100 1 4 18 12 1 1 10 12 1 9 12 1 1 10 7 12 1 1 1 18 12 1 4 18 12 1 4 18 4 18 12 1 18 10 12 1 1 10 12 1 1 11 7 12 1 1 11 12 1 1 9 12 1 9 12 1 1 9 7 1 9 12 1 11 100 12 1 9 12 1 4 18 12 1 9 12 1 4 18 10 8 1 10 12 1 1 8 1 9 12 1 4 18 12 1 4 18 10 12 1 4 18 12 1 9 12 1 1 4 18 18 10 12 1 4 18 18 10 12 1 9 12 1 1 18 12 1 10 7 12 1 1 1 9 12 1 1 10 7 1 100 1 9 12 1 9 12 1 10 12 4 18 9 12 4 18 12 1 4 18 10 12 1 11 12 1 9 12 1 10 12 1 9 7 12 1 1 18 10 7 12 1 8 1 10 100 1 10 12 1 9 12 1 9 12 1 1 9 12 1 1 9 7 12 1 1 10 12 1 1 10 12 1 1 11 100 12 1 1 1 10 100 12 1 1 8 1 10 12 1 100 1 10 12 1 10 12 1 10 12 1 1 10 12 1 9 100 12 1 1 1 10 12 1 9 12 1 9 12 1 9 12 1 9 12 1 9 12 1 9 12 1 10 12 1 9 12 1 9 12 1 10 12 1 1 10 12 1 1 10 12 1 9 12 1 10 12 10 12 1 1 9 12 10 12 9 12 1 9 12 1 9 12 1 9 12 1 10 12 1 10 10 12 1 1 10 12 1 1 9 12 1 10 12 1 1 10 12 10 12 1 10 12 1 1 9 12 1 11 12 1 11 12 1 9 12 1 1 10 100 12 1 1 9 12 1 1 10 100 12 1 1 9 12 1 1 10 100 1 9 12 1 10 100 12 1 10 12 9 12 1 9 12 1 8 1 10 12 1 9 12 1 9 12 1 10 100 12 1 1 1 10 12 1 10 9 12 1 1 18 12 1 11 100 12 1 1 1 8 1 10 12 1 1 100 1 10 9 12 1 1 10 100 12 1 1 1 9 12 1 1 10 12 1 18 12 1 10 12 1 10 100 12 1 1 1 10 9 12 1 1 18 12 1 11 100 12 1 1 1 9 12 1 1 8 1 10 12 1 1 10 100 12 1 1 1 10 12 1 11 12 1 9 100 12 1 1 9 12 1 1 10 12 1 1 9 12 1 1 10 12 1 1 10 7 12 1 1 9 7 12 1 1 1 10 12 1 1 9 7 12 1 1 1 10 12 1 1 9 7 12 1 1 1 10 12 1 1 100 1 1 1 1 1 1 1 1 1 1 1 1 1 1 1 1 1 1 1 1 1 1 1 100 1 1 1 1 1 1 1 1 1 1 1 1 1 1 1 1 1 1 1 1 1 1 1 1 1 1 1 1 1 1 1 1 1 1 1 1 1 1 1 1 1 1 1 1 1 1 1 1 1 1 1 1 1 1 1 1 1 1 1 1 1 1 1 1 1 100 1 1 1 1 1 1 1 1 1 1 1 1 1 1 1 1 1 1 1 1 1 1 15 10 7 12 1 1 1 16 15 10 12 16 15 10 7 12 1 1 8 1 8 1 15 10 12 16 15 10 12 16 15 10 12 16 8 1 8 1 16 15 10 12 15 10 12 1 15 10 12 1 15 10 12 15 10 12 15 10 12 15 10 15 10 12 1 15 10 12 1 15 10 12 15 10 12 1 15 10 12 15 10 12 15 10 12 15 10 12 15 10 12 16 1 15 10 12 1 15 10 12 1 15 10 12 15 11 7 1 16 1 15 10 12 8 1 15 10 12 1 100 1 1 1 100 1 1 1 1 1 1 100 1 1 1 1 100 1 1 100 1 1 1 1 100 1 100 1 1
instanceKlass mindustry/world/CachedTile
instanceKlass mindustry/editor/EditorTile
ciInstanceKlass mindustry/world/Tile 1 1 1081 7 1 10 7 12 1 1 1 9 7 12 1 1 1 9 12 1 1 9 12 1 9 7 12 1 1 1 7 1 9 12 1 1 9 12 1 9 12 1 9 7 12 1 1 1 10 7 12 1 1 1 18 12 1 1 10 12 1 1 10 12 1 9 12 1 1 10 7 12 1 1 10 12 1 10 7 12 1 1 1 9 12 1 1 9 7 12 1 1 1 9 7 12 1 1 1 10 12 1 1 10 7 12 1 1 1 9 7 12 1 1 10 12 1 4 9 12 1 1 9 100 12 1 1 1 9 12 1 1 9 12 1 9 7 12 1 1 1 10 100 12 1 1 1 18 12 1 10 12 1 1 9 12 1 10 12 1 4 4 10 7 12 1 1 1 9 12 1 9 12 1 1 18 12 1 10 100 12 1 1 9 12 1 10 12 1 4 9 12 1 1 9 7 12 1 1 1 9 7 12 1 1 9 12 1 9 12 1 9 12 1 9 12 1 10 100 12 1 1 1 10 12 1 9 12 1 10 12 1 1 10 12 1 10 12 1 1 9 12 1 10 12 1 9 12 1 1 10 12 1 9 12 1 10 12 1 1 10 12 1 1 10 12 1 10 12 1 9 12 1 10 12 1 10 12 1 10 12 1 10 12 1 10 12 1 10 12 1 1 10 12 1 9 12 1 10 12 1 10 12 1 9 12 1 1 9 100 12 1 1 1 10 100 12 1 1 10 12 1 9 12 1 1 10 12 1 10 100 12 1 1 9 12 1 1 10 7 12 1 1 1 10 7 12 1 1 1 10 12 1 10 12 10 12 1 10 7 12 1 1 1 18 12 1 10 12 1 10 12 1 1 10 12 9 12 1 10 100 12 1 1 9 12 1 1 10 100 12 1 1 10 12 1 10 12 1 9 12 1 1 9 12 9 12 10 7 12 1 1 10 12 1 1 10 12 1 1 10 12 1 1 10 12 1 1 9 12 9 9 12 1 1 10 7 12 1 1 10 12 9 12 1 9 12 1 9 9 12 1 9 12 10 12 1 9 12 1 10 12 1 10 12 1 9 12 1 11 7 12 1 10 7 12 1 1 1 18 12 1 10 12 1 1 10 12 1 1 10 12 1 10 12 1 10 12 1 1 4 4 10 12 10 12 1 1 10 12 1 9 12 1 1 10 7 12 1 1 1 9 12 1 1 9 9 12 1 10 12 1 9 12 1 9 9 12 1 9 12 1 1 10 12 1 10 12 1 10 12 1 10 12 1 10 12 1 9 10 12 1 10 12 1 10 12 1 10 12 1 9 12 1 1 10 7 12 1 10 7 12 1 1 1 10 12 1 1 10 12 1 1 11 7 12 1 1 11 12 1 1 10 12 1 10 12 1 11 7 12 1 10 12 1 1 9 12 1 9 12 1 1 10 7 12 1 1 9 12 1 1 10 7 12 1 1 9 12 1 9 12 1 9 12 1 10 7 12 1 1 10 12 1 10 12 1 10 12 10 12 10 12 1 1 18 12 1 10 7 12 1 1 1 10 7 12 1 1 1 10 12 1 9 12 1 1 9 8 1 10 12 1 1 10 100 12 1 1 1 18 12 1 1 10 12 1 10 12 1 100 1 10 12 1 1 10 10 12 1 9 12 1 1 10 7 1 10 12 1 9 12 1 1 9 100 12 1 1 1 10 100 12 1 1 10 12 1 9 12 1 1 9 100 1 9 12 1 10 12 1 10 12 1 1 10 12 10 12 1 10 12 1 10 12 1 10 10 12 1 1 10 12 1 10 12 1 10 100 12 1 1 1 9 12 1 9 12 1 1 10 100 12 1 1 10 12 1 7 1 10 12 1 1 10 12 1 10 12 1 9 7 12 1 1 1 10 12 1 1 4 10 12 1 10 12 1 1 10 12 1 1 4 10 12 4 10 12 1 10 12 1 4 9 100 1 10 10 10 10 10 10 100 1 100 1 100 1 1 1 1 1 1 1 1 1 1 1 1 1 1 1 1 1 1 1 1 1 1 1 1 1 1 1 1 1 1 1 1 1 1 1 1 1 1 1 1 1 1 1 1 1 1 1 1 1 1 1 1 1 1 1 1 1 1 1 1 1 1 1 1 1 1 1 1 1 1 1 1 1 1 1 1 1 1 1 1 1 1 1 1 1 1 1 1 1 1 1 1 1 1 1 100 1 1 1 1 1 1 1 1 1 1 1 1 1 1 1 100 1 1 1 1 100 1 1 1 1 1 1 1 1 1 1 1 1 1 1 1 1 1 1 1 1 1 1 1 1 1 1 1 100 1 1 15 10 7 12 1 1 1 16 15 10 12 1 1 16 16 15 10 12 16 15 10 12 16 15 10 12 16 15 10 12 1 16 15 10 12 16 15 10 100 12 1 1 8 1 1 100 1 1 100 1 1 100 1 1 1 100 1 1 1 1 100 1 1 1 100 1 100 1 1
staticfield mindustry/world/Tile tileChange Lmindustry/game/EventType$TileChangeEvent; mindustry/game/EventType$TileChangeEvent
staticfield mindustry/world/Tile preChange Lmindustry/game/EventType$TilePreChangeEvent; mindustry/game/EventType$TilePreChangeEvent
staticfield mindustry/world/Tile floorChange Lmindustry/game/EventType$TileFloorChangeEvent; mindustry/game/EventType$TileFloorChangeEvent
staticfield mindustry/world/Tile overlayChange Lmindustry/game/EventType$TileOverlayChangeEvent; mindustry/game/EventType$TileOverlayChangeEvent
staticfield mindustry/world/Tile tileSet Larc/struct/ObjectSet; arc/struct/ObjectSet
staticfield mindustry/world/Tile staleGraphs Larc/struct/IntSet; arc/struct/IntSet
ciInstanceKlass mindustry/entities/Sized 1 0 24 100 1 100 1 100 1 1 1 1 1 1 100 1 8 1 1 12 10 1 1 1 8 1
instanceKlass mindustry/world/blocks/logic/CanvasBlock$CanvasBuild
instanceKlass mindustry/world/blocks/logic/LogicDisplay$LogicDisplayBuild
instanceKlass mindustry/world/blocks/logic/MemoryBlock$MemoryBuild
instanceKlass mindustry/world/blocks/logic/SwitchBlock$SwitchBuild
instanceKlass mindustry/world/blocks/logic/MessageBlock$MessageBuild
instanceKlass mindustry/world/blocks/campaign/Accelerator$AcceleratorBuild
instanceKlass mindustry/world/blocks/campaign/LandingPad$LandingPadBuild
instanceKlass mindustry/world/blocks/campaign/LaunchPad$LaunchPadBuild
instanceKlass mindustry/world/blocks/legacy/LegacyCommandCenter$LegacyCommandBuild
instanceKlass mindustry/world/blocks/legacy/LegacyUnitFactory$LegacyUnitFactoryBuild
instanceKlass mindustry/world/blocks/legacy/LegacyMechPad$LegacyMechPadBuild
instanceKlass mindustry/world/blocks/power/LightBlock$LightBuild
instanceKlass mindustry/world/blocks/sandbox/LiquidVoid$LiquidVoidBuild
instanceKlass mindustry/world/blocks/sandbox/LiquidSource$LiquidSourceBuild
instanceKlass mindustry/world/blocks/sandbox/ItemVoid$ItemVoidBuild
instanceKlass mindustry/world/blocks/sandbox/ItemSource$ItemSourceBuild
instanceKlass mindustry/world/blocks/payloads/PayloadConveyor$PayloadConveyorBuild
instanceKlass mindustry/world/blocks/units/RepairTower$RepairTowerBuild
instanceKlass mindustry/world/blocks/units/RepairTurret$RepairPointBuild
instanceKlass mindustry/world/blocks/payloads/PayloadBlock$PayloadBlockBuild
instanceKlass mindustry/world/blocks/storage/StorageBlock$StorageBuild
instanceKlass mindustry/world/blocks/production/BeamDrill$BeamDrillBuild
instanceKlass mindustry/world/blocks/production/WallCrafter$WallCrafterBuild
instanceKlass mindustry/world/blocks/production/Drill$DrillBuild
instanceKlass mindustry/world/blocks/power/BeamNode$BeamNodeBuild
instanceKlass mindustry/world/blocks/power/PowerGenerator$GeneratorBuild
instanceKlass mindustry/world/blocks/power/Battery$BatteryBuild
instanceKlass mindustry/world/blocks/power/PowerDiode$PowerDiodeBuild
instanceKlass mindustry/world/blocks/power/PowerNode$PowerNodeBuild
instanceKlass mindustry/world/blocks/liquid/LiquidJunction$LiquidJunctionBuild
instanceKlass mindustry/world/blocks/liquid/LiquidBlock$LiquidBuild
instanceKlass mindustry/world/blocks/units/UnitCargoUnloadPoint$UnitCargoUnloadPointBuild
instanceKlass mindustry/world/blocks/units/UnitCargoLoader$UnitTransportSourceBuild
instanceKlass mindustry/world/blocks/distribution/DirectionalUnloader$DirectionalUnloaderBuild
instanceKlass mindustry/world/blocks/distribution/DirectionBridge$DirectionBridgeBuild
instanceKlass mindustry/world/blocks/distribution/OverflowDuct$OverflowDuctBuild
instanceKlass mindustry/world/blocks/distribution/DuctRouter$DuctRouterBuild
instanceKlass mindustry/world/blocks/distribution/Duct$DuctBuild
instanceKlass mindustry/world/blocks/distribution/MassDriver$MassDriverBuild
instanceKlass mindustry/world/blocks/storage/Unloader$UnloaderBuild
instanceKlass mindustry/world/blocks/distribution/OverflowGate$OverflowGateBuild
instanceKlass mindustry/world/blocks/distribution/Router$RouterBuild
instanceKlass mindustry/world/blocks/distribution/Sorter$SorterBuild
instanceKlass mindustry/world/blocks/distribution/ItemBridge$ItemBridgeBuild
instanceKlass mindustry/world/blocks/distribution/Junction$JunctionBuild
instanceKlass mindustry/world/blocks/distribution/StackConveyor$StackConveyorBuild
instanceKlass mindustry/world/blocks/distribution/Conveyor$ConveyorBuild
instanceKlass mindustry/world/blocks/defense/BaseShield$BaseShieldBuild
instanceKlass mindustry/world/blocks/defense/ShockwaveTower$ShockwaveTowerBuild
instanceKlass mindustry/world/blocks/defense/RegenProjector$RegenProjectorBuild
instanceKlass mindustry/world/blocks/defense/turrets/BaseTurret$BaseTurretBuild
instanceKlass mindustry/world/blocks/defense/Radar$RadarBuild
instanceKlass mindustry/world/blocks/defense/ShockMine$ShockMineBuild
instanceKlass mindustry/world/blocks/defense/ForceProjector$ForceBuild
instanceKlass mindustry/world/blocks/defense/OverdriveProjector$OverdriveBuild
instanceKlass mindustry/world/blocks/defense/MendProjector$MendBuild
instanceKlass mindustry/world/blocks/defense/AutoDoor$AutoDoorBuild
instanceKlass mindustry/world/blocks/defense/Door$DoorBuild
instanceKlass mindustry/world/blocks/defense/Wall$WallBuild
instanceKlass mindustry/world/blocks/production/ItemIncinerator$ItemIncineratorBuild
instanceKlass mindustry/world/blocks/heat/HeatConductor$HeatConductorBuild
instanceKlass mindustry/world/blocks/production/Incinerator$IncineratorBuild
instanceKlass mindustry/world/blocks/production/Separator$SeparatorBuild
instanceKlass mindustry/world/blocks/production/GenericCrafter$GenericCrafterBuild
instanceKlass mindustry/world/blocks/ConstructBlock$ConstructBuild
instanceKlass mindustry/world/blocks/storage/CoreBlock$CoreBuild
instanceKlass mindustry/world/blocks/logic/LogicBlock$LogicBuild
ciInstanceKlass mindustry/gen/Building 1 1 2956 7 1 10 7 12 1 1 1 9 7 12 1 1 1 4 9 12 1 1 10 7 12 1 1 1 9 12 1 1 9 12 1 4 9 12 1 4 9 12 1 9 12 1 7 1 10 12 1 9 12 1 1 9 7 12 1 1 1 9 12 1 9 7 12 1 1 1 9 12 1 9 12 1 7 1 10 12 1 9 12 1 1 9 12 1 1 9 7 12 1 1 9 12 1 10 7 12 1 1 1 9 7 12 1 1 9 12 1 10 12 1 1 9 12 1 1 9 12 9 12 10 7 12 1 1 1 10 7 12 1 1 1 9 12 1 1 9 7 12 1 1 9 12 10 12 1 11 100 12 1 1 1 11 100 12 1 1 1 10 10 12 1 1 9 12 1 1 9 7 12 1 1 1 10 7 12 1 1 1 10 12 1 10 12 1 1 9 12 1 9 12 1 9 12 1 10 12 1 9 12 1 1 9 100 12 1 1 1 10 100 12 1 1 1 9 12 1 1 10 100 12 1 1 1 9 12 1 1 10 7 12 1 1 1 9 12 1 9 12 1 9 12 1 9 12 1 18 12 1 10 100 12 1 1 1 9 12 10 12 1 9 12 1 10 12 1 9 12 1 7 1 10 9 12 1 1 9 12 1 100 1 10 9 12 1 1 100 1 10 9 12 1 1 9 12 1 1 10 100 12 1 1 1 9 12 1 10 12 1 10 12 1 1 9 12 1 10 10 12 1 1 10 12 1 1 10 12 1 10 12 1 1 10 12 9 12 1 1 9 7 12 1 1 9 12 1 9 12 1 1 9 100 12 1 1 1 10 100 12 1 1 1 10 12 1 10 12 1 10 12 1 9 12 1 9 12 1 1 10 7 12 1 1 10 12 1 1 9 7 12 1 1 1 9 12 1 9 12 1 1 10 12 1 1 11 7 12 1 1 11 12 1 1 9 12 1 10 12 1 1 9 12 1 1 10 12 1 10 100 12 1 1 10 12 1 9 10 12 1 10 12 1 9 12 1 9 12 1 10 12 1 1 10 12 1 10 12 1 10 12 1 1 9 12 1 9 12 1 1 9 7 12 1 1 9 12 1 10 12 1 7 1 9 12 1 9 12 1 9 12 1 9 12 1 9 12 1 9 12 1 9 12 1 10 7 12 1 1 10 12 1 1 9 12 1 9 12 1 9 12 1 9 12 1 10 12 1 9 100 12 1 1 10 12 1 6 0 10 7 12 1 1 1 9 100 12 1 1 1 10 12 1 1 10 100 12 1 1 1 9 100 12 1 1 1 10 100 12 1 1 1 9 12 1 9 12 1 9 12 1 9 12 1 10 100 12 1 1 1 9 10 12 1 1 100 1 10 12 1 10 100 12 1 1 1 9 12 1 4 10 12 1 10 12 1 9 10 12 1 9 12 1 9 12 1 1 10 100 12 1 9 12 1 10 12 1 10 12 7 1 10 12 1 1 10 12 1 10 12 1 1 10 12 1 1 10 12 1 10 12 1 9 12 1 10 12 1 10 12 1 1 10 12 1 1 9 12 1 9 12 1 10 12 1 10 12 1 1 10 10 12 1 1 9 12 1 9 12 1 10 12 1 1 4 9 12 1 10 12 9 12 1 9 7 12 1 1 100 1 11 12 1 1 9 12 1 11 12 1 10 12 1 10 12 10 12 1 1 10 12 9 12 1 10 12 1 10 12 1 10 12 1 1 10 12 1 9 12 1 10 12 1 10 7 12 1 1 1 10 12 1 4 10 7 12 1 1 10 12 1 1 10 12 1 10 12 1 1 10 12 1 7 1 10 12 1 10 12 1 1 7 1 10 100 12 1 1 6 0 9 7 12 1 1 1 10 7 12 1 1 10 12 1 9 12 1 9 7 12 1 1 9 12 1 9 12 1 10 12 1 1 10 12 1 9 12 10 12 1 9 9 12 1 100 1 11 12 4 10 12 1 9 12 1 1 9 12 1 9 100 12 1 1 9 12 1 9 12 1 9 12 1 10 12 1 4 10 12 1 10 12 1 10 12 1 100 1 11 12 1 100 1 10 10 12 1 1 11 12 1 1 10 7 12 1 1 1 10 12 1 1 10 100 12 1 1 1 10 100 12 1 100 1 100 1 9 12 1 10 12 1 100 1 9 12 1 1 10 12 10 10 12 1 10 12 1 11 12 1 10 12 1 10 12 10 12 1 1 10 12 1 9 12 9 12 1 9 12 1 9 12 1 10 12 1 10 12 1 10 12 1 10 12 1 1 9 12 1 10 12 1 10 12 1 1 10 12 1 1 10 12 1 4 10 12 1 1 9 12 1 9 12 1 4 9 12 1 4 10 12 1 6 0 9 12 10 12 4 6 0 9 12 1 10 12 10 12 1 1 4 10 100 12 1 1 1 11 7 1 9 12 1 10 10 12 1 10 12 1 1 10 12 1 10 12 1 100 1 9 12 1 9 12 1 100 1 10 9 12 1 1 9 12 1 1 9 7 12 1 1 1 8 1 10 100 12 1 1 18 12 1 1 9 12 1 10 100 12 1 1 8 1 18 12 18 10 12 1 10 12 1 18 12 1 9 100 12 1 1 10 12 1 1 100 1 9 7 12 1 1 1 9 12 1 10 12 1 9 12 1 9 12 1 1 6 0 9 12 1 10 9 7 12 1 1 10 12 1 1 10 12 1 10 12 1 1 9 12 1 9 12 1 10 12 1 10 12 1 100 1 9 12 10 12 1 9 12 1 9 12 1 10 12 1 1 9 100 12 1 1 1 9 100 1 10 100 1 9 9 10 12 1 10 12 1 10 12 1 9 12 1 9 12 1 4 10 12 1 1 10 12 1 10 9 12 1 9 12 1 10 12 1 10 12 1 1 10 12 1 1 9 12 1 9 12 1 1 10 7 12 1 1 10 12 1 9 12 10 12 1 10 12 10 12 1 10 12 1 10 12 9 12 1 1 10 7 12 1 1 10 12 1 10 12 1 9 10 7 12 1 1 1 9 100 12 1 1 1 10 12 1 1 10 7 12 1 1 10 12 1 10 10 12 1 1 10 12 1 1 9 12 1 1 10 7 12 1 1 10 12 1 7 1 11 12 1 10 12 1 1 9 12 1 1 10 100 12 1 1 9 12 1 10 12 1 9 12 9 12 1 100 1 10 12 1 9 12 1 1 10 7 12 1 1 10 12 10 12 1 1 10 12 1 10 12 1 10 12 1 10 12 1 1 10 12 1 4 10 12 1 9 12 1 1 9 100 12 1 1 10 100 12 1 1 10 12 1 18 10 7 12 1 1 1 10 7 12 1 1 1 10 12 1 10 12 1 1 18 18 9 12 1 1 9 7 12 1 1 9 12 1 9 12 1 9 100 12 1 1 1 10 12 1 1 10 12 1 1 10 12 18 12 1 18 12 1 10 12 9 12 1 8 1 10 12 1 1 10 12 1 10 12 1 4 10 12 1 1 10 12 1 1 11 7 1 7 1 11 7 1 10 12 1 9 12 1 9 12 1 10 12 1 9 12 1 9 12 1 1 9 12 1 10 12 1 10 7 12 1 1 1 10 12 10 12 1 10 12 1 10 12 1 9 12 1 10 12 1 10 7 12 1 1 10 12 1 1 10 12 1 9 12 1 10 12 1 7 1 9 12 1 1 9 7 12 1 1 1 9 12 1 1 10 12 1 10 12 1 4 4 10 12 1 10 12 9 12 1 4 10 12 1 4 9 7 12 1 1 1 10 7 12 1 1 1 10 12 1 9 100 12 1 1 10 7 12 1 1 9 12 1 10 12 1 1 9 12 1 1 9 12 1 9 12 1 9 12 1 9 12 1 4 4 10 12 1 1 10 12 4 10 100 12 1 1 1 10 12 1 1 10 12 1 9 12 1 8 1 10 12 1 10 12 1 10 100 12 1 1 1 10 12 1 1 9 12 1 4 100 1 4 10 12 1 9 12 1 9 100 12 1 1 10 12 4 4 10 100 12 1 1 9 8 1 4 10 12 1 9 12 1 10 12 1 9 12 1 10 12 1 10 12 1 10 12 1 4 10 12 1 10 12 1 10 12 1 1 10 12 1 11 100 12 1 10 12 10 12 9 12 1 10 12 1 10 12 1 10 12 9 9 12 1 1 18 12 1 1 11 100 12 1 1 1 10 12 1 9 12 1 10 12 1 10 12 1 10 12 1 9 12 1 1 10 100 12 1 1 10 12 1 10 12 1 1 100 1 10 12 10 12 1 10 10 10 12 1 9 12 1 9 12 1 9 12 1 10 12 1 9 12 1 9 12 1 18 12 1 10 12 1 1 9 12 1 10 12 1 9 12 1 9 9 12 1 4 10 12 1 4 18 12 1 10 12 1 1 18 9 12 1 18 12 1 1 10 12 1 1 9 12 1 4 9 12 1 9 12 1 9 12 1 10 12 1 1 9 12 1 10 9 9 12 1 10 12 1 10 12 1 4 6 0 10 12 1 9 12 1 9 12 1 9 12 1 9 12 1 10 12 1 9 12 1 10 100 12 1 1 4 9 12 1 4 9 12 1 4 9 12 1 10 12 1 10 12 9 12 1 9 12 1 1 9 100 12 1 1 10 12 9 12 1 9 12 1 10 12 9 12 1 1 9 100 12 1 1 1 10 100 12 1 1 10 10 12 1 10 12 1 1 10 12 1 1 10 7 12 1 1 10 12 1 10 12 1 10 12 1 10 12 1 10 12 1 10 10 10 12 1 10 12 1 4 9 12 1 10 12 1 1 9 12 1 1 10 12 1 10 12 1 1 10 12 1 10 12 1 9 12 1 1 10 7 1 10 12 10 12 1 10 12 1 10 12 1 11 12 1 11 12 1 10 12 1 1 10 12 1 1 10 12 1 1 10 12 10 12 10 12 1 10 12 1 4 18 12 1 10 12 1 10 12 1 10 12 1 9 12 1 10 12 1 9 12 1 10 12 1 9 12 1 10 12 1 9 12 1 10 12 1 4 9 12 1 9 12 1 10 12 1 10 12 1 9 12 1 10 12 1 10 12 1 9 12 1 1 10 100 12 1 10 12 1 10 12 1 10 12 9 12 1 10 12 1 1 10 12 1 1 10 12 1 10 12 1 9 12 1 10 7 12 1 1 1 9 7 1 9 12 1 1 9 7 12 1 1 9 9 12 100 1 10 12 1 10 12 1 1 10 12 1 10 100 12 1 10 12 10 10 10 10 12 10 12 1 10 12 1 10 12 10 12 1 9 100 1 10 18 12 1 11 100 12 1 18 12 1 10 12 1 10 12 10 12 1 9 12 10 12 10 12 10 12 1 9 10 12 1 1 9 7 12 1 1 1 10 12 1 1 4 10 12 1 10 12 1 18 12 1 10 12 1 1 9 12 1 10 12 1 10 12 1 8 1 10 100 12 1 1 1 18 12 1 18 12 1 10 12 1 9 9 18 12 1 10 12 1 10 12 1 4 10 12 1 10 12 1 10 12 1 1 7 1 10 12 1 1 10 12 1 10 12 1 1 10 12 1 1 4 10 12 1 10 12 1 10 100 12 1 1 1 10 12 1 10 10 10 10 100 1 100 1 100 1 100 1 100 1 100 1 1 1 4 1 1 1 1 1 1 1 1 1 1 1 1 1 1 1 1 1 1 1 1 1 1 1 1 1 1 1 1 1 1 1 1 100 1 1 1 1 1 1 1 1 1 1 1 1 1 1 1 1 1 1 1 1 1 1 1 1 1 1 100 1 1 1 1 1 1 1 1 1 1 1 1 1 1 1 1 1 1 1 1 1 1 1 1 1 1 1 1 1 1 1 1 1 1 100 1 1 1 1 1 1 1 1 1 1 1 1 1 1 1 1 1 1 1 1 1 1 1 1 1 1 1 1 1 1 1 1 1 1 1 1 1 1 1 1 1 1 1 1 1 1 1 1 1 1 1 1 1 1 1 100 1 1 1 1 1 1 1 1 1 1 1 1 1 1 1 1 1 1 1 1 1 1 1 1 1 1 1 1 1 1 1 1 1 1 1 1 1 1 1 1 1 1 1 1 1 1 1 1 1 1 1 1 1 1 1 1 100 1 1 1 1 1 1 1 1 1 1 1 1 1 1 1 1 1 1 1 1 1 1 1 1 1 1 1 1 1 1 1 1 1 1 1 1 1 1 1 1 1 1 1 1 1 1 1 1 1 1 1 1 1 1 1 1 1 1 1 1 1 1 1 1 1 1 1 1 1 1 1 1 1 1 1 1 1 1 1 1 1 1 1 1 1 1 1 1 1 1 1 1 1 1 1 1 1 1 1 1 1 1 1 1 1 1 1 1 1 1 1 1 1 1 1 1 1 1 1 1 1 1 1 1 1 1 1 1 1 100 1 1 1 1 1 1 1 1 1 1 1 1 1 1 1 1 1 1 15 10 7 12 1 1 1 16 15 10 12 16 15 10 7 12 1 1 8 1 8 1 8 1 8 1 15 10 12 16 15 10 12 15 10 12 15 10 12 15 10 12 16 15 10 12 15 10 12 16 16 15 10 12 15 10 12 16 15 10 12 15 10 12 15 10 12 15 10 12 16 15 10 12 16 1 15 10 12 15 10 12 15 10 12 1 100 1 100 1 1 100 1 1 1 1 100 1 1 1 100 1 1 1 1 1 100 1 1 1 1 100 1 1 100 1 1 100 1 1 100 1 100 1 1
staticfield mindustry/gen/Building bulletDamageEvent Lmindustry/game/EventType$BuildDamageEvent; mindustry/game/EventType$BuildDamageEvent
staticfield mindustry/gen/Building teamChangeEvent Lmindustry/game/EventType$BuildTeamChangeEvent; mindustry/game/EventType$BuildTeamChangeEvent
staticfield mindustry/gen/Building tempBuilds Larc/struct/Seq; arc/struct/Seq
staticfield mindustry/gen/Building tmpTiles Larc/struct/ObjectSet; arc/struct/ObjectSet
instanceKlass mindustry/world/blocks/environment/ColoredFloor
instanceKlass mindustry/content/Blocks$107
instanceKlass mindustry/content/Blocks$106
instanceKlass mindustry/content/Blocks$105
instanceKlass mindustry/content/Blocks$104
instanceKlass mindustry/content/Blocks$103
instanceKlass mindustry/content/Blocks$102
instanceKlass mindustry/content/Blocks$101
instanceKlass mindustry/content/Blocks$100
instanceKlass mindustry/content/Blocks$99
instanceKlass mindustry/content/Blocks$98
instanceKlass mindustry/content/Blocks$97
instanceKlass mindustry/content/Blocks$96
instanceKlass mindustry/content/Blocks$95
instanceKlass mindustry/content/Blocks$54
instanceKlass mindustry/content/Blocks$53
instanceKlass mindustry/content/Blocks$52
instanceKlass mindustry/content/Blocks$51
instanceKlass mindustry/content/Blocks$50
instanceKlass mindustry/content/Blocks$49
instanceKlass mindustry/content/Blocks$48
instanceKlass mindustry/content/Blocks$47
instanceKlass mindustry/content/Blocks$46
instanceKlass mindustry/world/blocks/environment/SteamVent
instanceKlass mindustry/content/Blocks$37
instanceKlass mindustry/content/Blocks$36
instanceKlass mindustry/content/Blocks$35
instanceKlass mindustry/content/Blocks$34
instanceKlass mindustry/content/Blocks$33
instanceKlass mindustry/content/Blocks$32
instanceKlass mindustry/content/Blocks$31
instanceKlass mindustry/content/Blocks$30
instanceKlass mindustry/content/Blocks$29
instanceKlass mindustry/content/Blocks$28
instanceKlass mindustry/content/Blocks$27
instanceKlass mindustry/content/Blocks$26
instanceKlass mindustry/content/Blocks$25
instanceKlass mindustry/content/Blocks$24
instanceKlass mindustry/content/Blocks$23
instanceKlass mindustry/content/Blocks$22
instanceKlass mindustry/content/Blocks$21
instanceKlass mindustry/content/Blocks$20
instanceKlass mindustry/content/Blocks$19
instanceKlass mindustry/content/Blocks$18
instanceKlass mindustry/content/Blocks$17
instanceKlass mindustry/content/Blocks$16
instanceKlass mindustry/content/Blocks$15
instanceKlass mindustry/content/Blocks$14
instanceKlass mindustry/content/Blocks$13
instanceKlass mindustry/world/blocks/environment/EmptyFloor
instanceKlass mindustry/content/Blocks$12
instanceKlass mindustry/content/Blocks$11
instanceKlass mindustry/content/Blocks$10
instanceKlass mindustry/content/Blocks$9
instanceKlass mindustry/world/blocks/environment/ShallowLiquid
instanceKlass mindustry/content/Blocks$5
instanceKlass mindustry/content/Blocks$4
instanceKlass mindustry/content/Blocks$3
instanceKlass mindustry/content/Blocks$2
instanceKlass mindustry/world/blocks/environment/OverlayFloor
instanceKlass mindustry/world/blocks/environment/AirBlock
ciInstanceKlass mindustry/world/blocks/environment/Floor 1 1 700 7 1 10 7 12 1 1 1 10 7 12 1 1 8 1 9 12 1 1 9 12 1 1 9 12 1 9 12 1 9 12 1 9 7 12 1 1 1 9 12 1 9 7 12 1 1 9 12 1 4 9 12 1 4 9 12 1 4 9 12 1 9 12 1 9 12 1 9 7 12 1 1 9 12 1 4 9 12 1 9 12 1 1 9 12 1 4 9 12 1 9 12 1 1 9 12 1 9 12 1 1 9 12 1 4 9 12 1 4 9 12 1 9 7 12 1 1 9 12 1 9 12 1 9 12 1 9 12 1 9 12 1 9 12 1 9 12 1 9 12 1 1 9 12 1 9 12 1 9 12 1 9 12 1 9 12 1 9 12 1 7 1 10 12 1 9 12 1 1 7 1 10 12 1 9 12 1 1 9 12 1 1 9 12 1 9 12 1 9 12 1 9 12 1 9 12 1 9 12 1 9 12 1 9 12 1 10 12 1 4 9 7 12 1 1 9 12 1 100 1 9 12 1 1 9 7 12 1 1 1 9 12 1 18 12 1 1 10 7 12 1 1 1 10 7 12 1 1 1 9 12 1 8 1 100 1 10 100 12 1 1 1 9 12 1 1 18 10 7 12 1 1 9 12 1 10 12 1 1 9 12 1 9 12 1 18 12 1 18 18 10 12 1 1 10 7 1 9 12 1 9 12 1 1 8 9 12 1 10 12 1 9 12 1 1 9 12 1 1 18 10 7 12 1 1 1 8 1 8 1 10 7 12 1 1 1 18 9 12 1 9 12 1 9 12 1 10 12 1 1 9 100 12 1 1 10 12 1 1 9 12 1 10 12 1 1 10 12 1 1 10 100 12 1 1 1 18 8 1 10 12 1 100 1 9 100 12 1 1 9 12 1 10 12 1 10 12 1 10 100 12 1 1 10 12 1 1 9 100 12 1 1 1 10 12 1 1 10 12 1 10 12 1 1 10 12 1 10 12 1 10 7 12 1 1 1 10 12 1 10 12 1 1 10 12 1 9 12 1 9 12 1 10 7 12 1 1 10 7 12 1 1 1 10 12 1 1 10 12 1 10 12 1 1 10 12 1 1 9 7 12 1 1 1 10 12 1 1 10 12 1 1 9 12 1 10 12 10 7 12 1 1 10 12 1 18 9 12 1 10 7 12 1 1 1 10 12 1 1 10 12 9 12 1 1 10 12 9 10 12 1 1 10 12 1 10 12 1 1 10 12 1 1 10 12 1 1 18 12 1 10 12 1 1 10 12 1 1 11 7 12 1 1 1 11 12 1 1 9 12 9 12 10 12 1 10 12 1 100 1 10 12 1 10 12 1 1 9 7 12 1 1 3 1 1 1 1 1 1 1 1 1 1 1 1 1 100 1 1 1 1 1 1 1 1 1 1 1 1 1 1 1 1 1 1 1 1 1 1 1 1 1 1 1 1 1 100 1 1 1 1 1 1 1 1 1 1 1 1 7 1 1 15 10 7 12 1 1 8 1 8 1 8 1 8 1 8 1 8 1 8 1 8 1 8 1 15 10 7 12 1 1 1 16 1 15 10 12 16 1 1 1 1 1 100 1 100 1 1
ciInstanceKlass mindustry/graphics/OverlayRenderer 1 1 951 7 1 10 7 12 1 1 1 7 1 10 9 7 12 1 1 1 7 1 18 12 1 1 10 7 12 1 1 1 7 1 18 9 12 1 1 10 12 1 1 9 12 1 1 9 7 12 1 1 1 9 7 12 1 1 10 12 1 1 11 7 12 1 1 1 11 12 1 1 100 1 9 12 1 1 10 100 12 1 1 1 9 100 12 1 1 9 12 1 100 1 10 12 1 1 7 1 9 12 1 1 9 12 1 10 12 1 10 12 1 10 12 1 1 100 1 9 12 1 1 10 7 12 1 1 1 10 12 1 10 100 12 1 1 1 100 1 100 1 9 12 1 9 12 1 9 12 1 9 12 1 9 12 1 1 10 12 1 9 9 12 1 10 12 1 9 12 1 1 9 7 12 1 1 1 9 12 1 1 9 7 12 1 1 10 7 12 1 1 9 12 1 1 10 7 12 1 1 10 12 1 10 12 1 10 12 1 9 12 1 1 9 7 12 1 1 1 9 7 12 1 1 9 7 12 1 1 1 8 1 10 7 12 1 1 1 9 7 12 1 1 10 7 1 10 12 1 9 12 1 1 9 12 1 1 9 7 12 1 1 4 9 12 1 10 7 12 1 1 1 9 12 1 1 9 9 10 12 1 9 9 10 12 1 1 9 7 12 1 1 10 12 1 1 10 12 1 4 10 12 1 1 9 12 1 1 10 7 12 1 1 1 10 12 1 1 4 10 12 1 1 10 7 12 1 1 8 1 9 12 1 9 7 12 1 1 9 12 1 18 12 1 10 12 1 1 10 12 1 1 10 12 1 1 9 12 1 9 7 12 1 1 10 7 12 1 1 1 9 12 1 9 12 1 10 7 12 1 1 1 4 10 12 1 1 9 12 1 1 100 1 11 12 1 9 100 12 1 1 10 12 1 1 10 12 1 1 100 1 11 12 1 7 1 9 12 1 1 9 100 12 1 1 1 9 12 1 1 10 100 12 1 1 1 11 100 12 1 1 11 12 1 10 12 1 4 4 9 7 12 1 1 4 11 12 1 4 4 8 1 10 100 12 1 1 1 10 12 1 4 4 10 12 1 9 12 1 1 10 7 12 1 1 10 12 1 10 12 1 10 12 1 10 12 1 9 12 1 10 12 1 10 12 1 4 10 12 4 9 12 1 10 12 1 10 12 1 4 10 12 1 9 7 12 1 1 9 12 1 10 12 1 4 4 10 12 1 10 12 1 1 9 9 9 9 10 12 1 10 12 18 10 12 1 1 9 12 1 9 12 1 4 10 12 1 10 12 1 9 12 1 1 10 7 12 1 1 100 1 9 12 1 4 10 12 1 1 10 12 1 1 10 12 1 1 10 12 1 10 12 1 10 12 1 1 9 9 12 1 1 10 7 12 1 1 10 12 1 10 12 1 10 12 1 1 10 12 1 1 9 10 12 1 9 12 1 9 12 1 10 12 9 12 1 9 12 1 9 12 1 10 12 1 1 10 12 1 10 12 1 9 12 1 10 12 1 1 4 10 12 10 12 9 9 9 12 1 10 100 12 1 1 10 12 1 9 12 1 1 10 7 12 1 1 1 7 1 10 12 1 1 100 1 9 12 1 10 12 1 10 12 1 9 12 1 10 100 1 9 12 10 12 1 9 9 10 12 1 1 10 12 1 10 12 10 12 1 1 9 100 1 10 12 1 4 4 10 12 1 10 12 1 9 12 1 1 9 100 12 1 1 10 12 1 1 4 10 10 12 1 1 10 12 1 4 9 10 9 12 1 9 12 1 9 12 1 1 8 1 10 100 12 1 1 10 12 1 1 4 10 12 1 1 9 12 1 10 100 12 1 1 10 12 1 1 9 12 1 10 12 1 1 9 12 1 10 12 1 1 10 12 1 1 4 10 12 1 9 10 12 10 10 1 1 1 1 1 1 1 1 1 1 1 1 1 1 1 1 1 1 1 1 1 1 1 1 1 1 1 1 1 1 1 1 1 1 1 1 1 1 1 1 1 100 1 1 1 1 1 1 1 1 1 1 1 1 1 1 1 1 1 1 1 1 1 15 10 7 12 1 1 1 16 1 15 10 12 16 15 10 12 16 15 10 12 16 15 10 12 16 1 100 1 1 1 1 1 100 1 1 1 1 100 1 1 100 1 100 1 1
staticfield mindustry/graphics/OverlayRenderer rect Larc/math/geom/Rect; arc/math/geom/Rect
ciInstanceKlass mindustry/graphics/LightRenderer 1 1 407 10 7 12 1 1 1 9 7 12 1 1 1 7 1 10 9 12 1 1 7 1 10 9 12 1 1 7 1 10 12 1 9 12 1 9 12 1 1 10 12 1 1 10 12 1 1 9 100 12 1 1 1 9 12 1 9 12 1 10 12 1 1 9 12 1 10 9 12 1 1 100 1 10 12 1 1 10 12 1 10 12 1 9 100 12 1 1 9 12 1 18 12 1 1 10 12 1 18 12 1 9 7 12 1 1 1 9 7 12 1 1 1 9 7 12 1 1 1 9 12 1 1 9 12 1 4 9 12 1 1 9 100 12 1 1 9 12 1 10 12 1 1 9 12 1 1 9 100 12 1 1 1 8 1 10 100 12 1 1 1 9 12 1 1 10 100 12 1 1 1 10 12 1 10 12 1 1 10 12 1 9 12 10 12 1 1 10 12 1 1 100 1 3 3 10 12 1 9 100 12 1 1 1 10 12 1 10 12 1 1 11 100 12 1 1 11 12 1 1 100 1 11 12 9 12 10 12 1 9 12 1 9 12 1 9 12 1 10 12 1 1 10 12 1 10 12 1 9 100 12 1 1 1 9 100 12 1 1 10 12 1 10 12 1 1 10 12 1 10 100 12 1 1 1 8 1 8 1 10 12 1 9 100 12 1 1 9 12 1 9 12 1 9 12 1 9 100 12 1 1 1 4 10 100 12 1 1 1 9 9 9 12 1 1 10 12 1 1 9 12 10 12 1 10 12 1 1 10 12 1 10 12 1 1 3 1 1 1 1 1 1 1 1 1 1 1 1 1 1 1 1 1 1 1 1 1 1 1 1 1 1 1 1 1 1 1 1 1 1 1 1 1 1 1 1 1 1 1 1 1 1 15 10 100 12 1 1 1 16 15 10 12 15 10 12 1 1 100 1 1 1 100 1 100 1 1
ciInstanceKlass mindustry/graphics/LightRenderer$CircleLight 0 0 36 10 100 12 1 1 1 9 100 12 1 1 1 9 12 1 9 12 1 9 12 1 1 1 1 1 1 1 1 1 1 1 100 1 1 1
ciInstanceKlass arc/math/Angles 1 1 201 10 100 12 1 1 1 10 7 12 1 1 1 4 10 7 12 1 1 1 10 7 12 1 1 10 12 1 10 12 1 1 10 12 1 10 12 1 10 12 1 1 10 12 1 4 10 12 1 10 12 1 9 12 1 1 10 7 12 1 1 1 10 12 1 1 9 12 1 1 9 12 1 9 7 12 1 1 1 10 7 12 1 1 9 12 1 1 10 7 12 1 1 1 10 12 1 10 12 1 10 12 1 11 7 12 1 1 1 9 12 1 1 10 7 12 1 1 1 10 12 1 10 12 1 10 12 1 10 12 1 1 11 7 12 1 1 1 10 10 1 1 1 1 1 1 1 1 1 1 1 1 1 1 1 1 1 1 1 1 1 1 1 1 1 1 1 1 1 1 1 1 1 1 1 1 1 1 1 1 1 1 1 1 1 1 1 1 1 1 1 1 1 1 1 1 1 1 1 1 1
staticfield arc/math/Angles rand Larc/math/Rand; arc/math/Rand
staticfield arc/math/Angles rv Larc/math/geom/Vec2; arc/math/geom/Vec2
ciInstanceKlass arc/graphics/g2d/Lines 1 1 489 10 100 12 1 1 1 9 7 12 1 1 1 9 12 1 1 10 7 12 1 1 1 9 12 1 9 12 1 10 12 1 1 10 12 1 9 7 12 1 1 1 10 7 12 1 1 1 10 12 1 9 12 1 1 10 7 12 1 1 1 10 12 1 10 100 12 1 1 9 12 1 1 10 7 12 1 1 1 9 12 1 10 12 1 1 4 10 7 12 1 1 1 10 12 1 10 7 12 1 1 1 10 12 1 11 100 12 1 1 11 12 1 10 12 1 1 9 12 1 100 1 8 1 10 12 1 9 12 1 1 10 7 12 1 1 8 1 10 12 1 10 12 1 1 10 12 1 1 9 12 1 1 9 12 1 1 10 12 1 4 9 12 1 10 12 1 9 12 1 9 12 1 9 12 1 9 12 1 10 12 1 1 9 12 1 10 12 1 9 12 1 10 12 1 1 9 12 1 9 12 1 9 12 1 9 12 1 9 12 1 10 12 1 10 12 1 10 12 1 9 12 1 10 12 1 10 12 1 1 10 12 9 12 1 10 12 9 12 1 10 12 1 1 10 12 1 1 4 10 12 1 1 10 7 12 1 1 1 10 12 10 12 1 10 12 1 1 10 12 1 1 10 12 1 1 10 12 1 4 9 12 1 10 12 1 1 10 12 1 10 12 1 4 4 10 12 1 10 12 1 1 10 12 10 12 1 10 12 1 4 4 10 12 10 12 1 1 10 12 1 10 12 1 9 12 1 10 12 4 10 12 1 10 12 9 7 1 9 9 12 1 9 12 1 10 12 1 10 12 1 1 10 10 12 1 4 1 1 1 1 1 1 1 1 1 1 1 1 1 1 1 1 1 1 1 1 1 1 1 1 1 1 1 1 1 1 100 1 1 1 1 1 1 1 1 1 1 1 1 100 1 1 1 1 1 1 1 1 1 1 1 1 1 1 1 1 1 1 1 1 1 1 1 1 1 1 1 1 1 1 1 1 1 1 1 1 1 1 1 1 1 1 1 1 1 1 1 1 1 1 1 1 1 1 1 1 1 1 1 1 1 1 1 1 1 1 1 1 1 1 1 1 1 1 1 1 1 1 1 1 1 1 1 1 1 100 1 1
staticfield arc/graphics/g2d/Lines AB Larc/math/geom/Vec2; arc/math/geom/Vec2
staticfield arc/graphics/g2d/Lines BC Larc/math/geom/Vec2; arc/math/geom/Vec2
staticfield arc/graphics/g2d/Lines A Larc/math/geom/Vec2; arc/math/geom/Vec2
staticfield arc/graphics/g2d/Lines B Larc/math/geom/Vec2; arc/math/geom/Vec2
staticfield arc/graphics/g2d/Lines C Larc/math/geom/Vec2; arc/math/geom/Vec2
staticfield arc/graphics/g2d/Lines E Larc/math/geom/Vec2; arc/math/geom/Vec2
staticfield arc/graphics/g2d/Lines D Larc/math/geom/Vec2; arc/math/geom/Vec2
staticfield arc/graphics/g2d/Lines vec1 Larc/math/geom/Vec2; arc/math/geom/Vec2
staticfield arc/graphics/g2d/Lines D0 Larc/math/geom/Vec2; arc/math/geom/Vec2
staticfield arc/graphics/g2d/Lines E0 Larc/math/geom/Vec2; arc/math/geom/Vec2
staticfield arc/graphics/g2d/Lines q1 Larc/math/geom/Vec2; arc/math/geom/Vec2
staticfield arc/graphics/g2d/Lines q2 Larc/math/geom/Vec2; arc/math/geom/Vec2
staticfield arc/graphics/g2d/Lines q3 Larc/math/geom/Vec2; arc/math/geom/Vec2
staticfield arc/graphics/g2d/Lines q4 Larc/math/geom/Vec2; arc/math/geom/Vec2
ciInstanceKlass mindustry/entities/units/UnitController 1 1 29 100 1 100 1 1 1 1 1 1 1 1 1 1 1 1 1 1 1 1 1 1 1 1 1 1 1 1 1
ciInstanceKlass mindustry/gen/Player 1 1 1341 7 1 10 7 12 1 1 1 7 1 10 9 7 12 1 1 1 10 7 12 1 1 1 9 12 1 1 9 12 1 9 12 1 9 12 1 9 12 1 7 1 10 9 12 1 1 9 12 1 9 12 1 8 1 9 12 1 1 8 1 9 12 1 8 1 9 12 1 7 1 7 1 10 12 1 9 12 1 1 9 12 1 9 7 12 1 1 1 9 12 1 7 1 10 12 1 9 12 1 1 9 12 1 1 9 12 1 1 9 12 1 10 7 12 1 1 1 9 12 1 1 10 12 1 1 10 12 1 1 18 12 1 1 18 12 1 10 7 12 1 1 1 18 12 1 10 12 1 1 10 12 1 1 10 12 1 1 7 1 9 12 1 1 9 7 12 1 1 1 10 100 12 1 1 1 10 12 1 1 9 12 1 9 12 1 9 12 1 1 9 12 1 1 9 12 1 9 12 1 9 12 1 9 12 1 9 12 1 9 12 1 9 12 1 9 12 1 9 12 1 9 12 1 9 12 1 9 12 1 9 12 1 9 12 1 18 12 1 1 9 12 1 1 9 12 1 9 12 1 9 12 1 1 9 12 1 1 9 12 1 1 9 12 1 1 10 100 12 1 1 1 10 12 1 1 10 100 12 1 1 1 10 12 1 1 10 12 1 1 10 12 1 1 10 12 1 1 10 12 1 1 9 12 1 1 9 100 12 1 1 1 10 100 12 1 1 1 7 1 10 12 1 100 1 18 12 1 10 12 1 10 12 1 10 100 12 1 10 12 1 10 12 1 1 10 12 1 1 10 12 1 10 12 1 1 9 12 1 10 12 10 12 1 1 10 12 1 1 10 12 1 10 9 7 12 1 1 1 9 7 12 1 1 1 10 12 1 9 12 7 1 9 12 1 10 7 12 1 1 1 5 0 10 7 12 1 1 1 10 12 1 1 10 12 1 10 12 1 7 1 9 12 1 10 12 1 9 12 1 1 7 1 11 12 1 1 11 12 1 10 12 1 10 12 1 10 12 1 1 10 100 12 1 1 10 100 12 1 1 1 10 12 1 4 10 12 1 1 10 12 1 1 10 7 12 1 1 18 12 1 8 1 9 100 12 1 1 10 100 12 1 1 1 8 1 9 12 1 9 12 1 8 1 9 12 1 1 9 100 12 1 1 1 10 12 10 100 12 1 1 1 9 100 12 1 1 10 12 1 100 1 10 12 1 1 10 9 7 12 1 1 1 10 12 1 1 9 12 9 12 1 9 12 1 9 12 1 9 12 1 10 12 1 10 12 1 1 10 12 1 1 10 12 1 10 12 1 1 10 12 1 10 12 1 9 12 1 9 12 1 9 7 12 1 1 1 9 7 12 1 1 1 10 7 12 1 1 1 10 7 12 1 1 1 10 12 1 10 12 1 1 100 1 4 10 7 12 1 1 10 7 12 1 1 9 7 12 1 1 1 7 1 18 12 1 10 7 12 1 1 1 4 4 10 7 12 1 1 10 12 1 10 12 1 1 4 10 7 12 1 1 1 10 7 12 1 1 10 12 1 1 4 10 12 1 9 9 9 12 1 9 12 1 4 10 100 12 1 1 10 12 10 12 1 1 100 1 10 12 1 9 12 1 4 9 12 1 9 12 1 9 100 12 1 1 1 10 100 12 1 1 4 10 12 1 10 12 9 12 1 1 8 1 10 7 12 1 1 1 9 12 1 8 1 10 12 1 1 18 12 1 4 4 10 100 12 1 1 1 10 12 9 12 1 10 12 1 10 12 1 10 12 1 1 9 12 1 1 9 100 12 1 1 9 12 1 1 9 7 12 1 1 9 100 12 1 1 1 4 10 12 1 1 10 12 1 10 100 12 1 1 4 10 100 12 1 9 12 1 10 12 1 10 12 1 1 9 12 1 4 4 10 12 1 4 10 12 1 9 12 1 1 4 10 100 1 4 9 12 1 9 12 1 10 12 1 9 12 10 12 1 1 4 4 10 12 1 1 4 4 10 12 1 4 9 12 1 10 12 1 10 12 1 1 9 12 1 10 12 1 10 12 1 1 9 12 1 9 12 1 10 12 1 1 9 12 1 9 12 1 10 12 1 10 12 1 10 12 1 10 12 1 10 12 1 10 100 12 1 10 12 1 1 10 12 1 9 12 1 1 10 7 12 1 1 9 12 1 1 10 12 10 100 12 1 1 9 12 1 10 12 1 10 12 1 1 9 12 1 1 9 100 12 1 1 1 10 100 12 1 1 10 100 12 1 1 9 12 1 1 11 100 12 1 1 1 10 12 1 1 11 7 12 1 1 11 12 1 10 12 5 0 10 12 1 10 12 1 10 7 1 9 12 1 10 12 1 10 12 1 10 12 1 9 12 1 9 12 1 1 9 7 12 1 1 1 9 7 1 7 1 10 12 1 10 7 12 1 1 10 12 1 9 12 1 10 12 1 10 12 1 10 12 1 9 12 1 9 12 1 9 12 1 10 12 1 4 4 10 10 12 1 10 12 1 1 10 12 1 9 9 12 1 10 12 1 1 100 1 100 1 100 1 100 1 100 1 100 1 100 1 100 1 100 1 100 1 1 1 1 1 1 1 1 1 1 1 1 1 1 1 1 1 1 1 1 1 1 1 1 1 1 1 1 1 1 1 1 1 1 1 1 1 1 1 1 1 1 1 1 1 1 1 1 1 1 1 1 1 1 1 1 1 1 1 1 1 1 1 1 1 1 1 1 1 1 1 1 1 1 1 1 1 1 1 1 1 1 1 1 1 1 1 1 1 1 1 1 1 1 1 1 1 1 1 1 1 1 1 1 1 1 1 1 1 1 1 1 1 1 1 1 1 1 1 1 1 1 1 1 1 1 1 1 1 1 1 1 1 1 15 10 7 12 1 1 1 16 1 15 10 12 16 1 16 1 15 10 12 16 16 1 15 10 12 16 15 10 7 12 1 1 8 1 8 1 8 1 16 15 10 16 1 8 1 1 1 100 1 1 100 1 1 1 1 1 100 1 100 1 1 1 100 1 1 100 1 100 1 1
ciInstanceKlass arc/graphics/g2d/Draw 1 1 585 10 100 12 1 1 1 9 7 12 1 1 1 7 1 10 10 7 12 1 1 10 12 1 10 12 1 1 10 12 1 1 10 7 12 1 1 10 7 12 1 1 1 10 12 1 1 10 12 1 9 7 12 1 1 1 10 7 1 11 100 12 1 1 10 12 1 10 12 1 10 12 1 10 7 12 1 1 10 12 1 1 10 12 1 10 12 1 1 10 12 1 10 12 1 10 12 1 1 9 12 1 1 9 12 1 10 12 1 1 10 12 1 1 10 12 1 10 12 10 12 1 1 9 12 1 1 10 12 1 1 9 12 1 11 100 12 1 1 1 10 12 1 1 10 12 1 1 10 7 12 1 1 1 3 4 10 12 1 9 12 1 1 10 12 1 1 9 12 1 9 12 1 9 12 1 9 12 1 10 7 12 1 1 10 12 1 1 10 12 1 9 7 12 1 1 10 12 1 1 10 12 1 1 10 12 9 12 1 10 12 1 9 12 1 10 12 1 1 10 12 1 10 12 1 10 12 1 1 9 12 1 1 10 12 1 9 12 1 10 12 1 10 12 1 1 9 7 12 1 1 1 10 12 1 10 12 1 1 10 12 10 12 1 10 7 12 1 1 3 10 12 1 1 10 12 1 1 10 12 1 9 12 1 1 9 7 12 1 1 1 9 7 12 1 1 9 12 1 9 12 1 9 12 1 9 12 1 1 10 7 12 1 1 10 12 10 12 1 1 10 10 12 1 1 4 10 12 1 1 10 12 1 9 12 1 9 12 1 9 12 1 9 12 1 9 12 1 1 9 12 1 1 10 12 1 1 10 100 12 1 9 12 1 1 10 7 12 1 1 1 10 12 1 9 12 1 10 12 9 12 10 12 1 10 12 11 7 12 1 1 11 12 1 10 12 1 10 12 1 10 12 10 12 1 10 12 1 1 10 7 12 1 1 1 9 12 1 1 10 12 1 1 10 12 1 10 12 1 10 12 1 9 12 1 10 12 1 1 10 12 1 10 12 1 10 12 1 9 12 1 10 12 1 11 100 12 1 1 100 1 10 9 12 1 1 1 1 1 1 1 1 1 1 1 1 1 1 1 1 1 1 1 1 1 1 1 1 1 1 1 1 1 1 1 1 1 1 1 1 1 1 1 1 1 1 1 1 1 1 1 1 1 1 1 1 1 1 1 1 1 1 1 1 1 1 1 1 1 1 1 1 1 1 1 1 1 1 1 1 1 1 1 1 1 1 1 1 1 1 1 1 1 1 1 1 1 1 1 1 1 1 1 1 1 1 1 1 1 1 1 1 1 1 1 1 1 1 1 1 1 1 100 1 1
staticfield arc/graphics/g2d/Draw carr [Larc/graphics/Color; 3 [Larc/graphics/Color;
staticfield arc/graphics/g2d/Draw vertices [F 24
ciInstanceKlass arc/util/Tmp 1 1 152 10 100 12 1 1 1 7 1 10 9 7 12 1 1 1 9 12 1 9 12 1 9 12 1 9 12 1 9 12 1 7 1 10 9 12 1 1 9 12 1 9 12 1 9 12 1 7 1 10 9 12 1 1 9 12 1 9 12 1 7 1 10 9 12 1 1 9 12 1 9 12 1 9 12 1 7 1 10 9 12 1 1 9 12 1 9 12 1 9 12 1 7 1 10 9 12 1 1 9 12 1 9 12 1 7 1 10 9 12 1 1 9 12 1 7 1 10 9 12 1 1 9 12 1 9 12 1 9 12 1 7 1 10 9 12 1 1 9 12 1 1 1 1 1 1 1 1 1 1 1 1
staticfield arc/util/Tmp v1 Larc/math/geom/Vec2; arc/math/geom/Vec2
staticfield arc/util/Tmp v2 Larc/math/geom/Vec2; arc/math/geom/Vec2
staticfield arc/util/Tmp v3 Larc/math/geom/Vec2; arc/math/geom/Vec2
staticfield arc/util/Tmp v4 Larc/math/geom/Vec2; arc/math/geom/Vec2
staticfield arc/util/Tmp v5 Larc/math/geom/Vec2; arc/math/geom/Vec2
staticfield arc/util/Tmp v6 Larc/math/geom/Vec2; arc/math/geom/Vec2
staticfield arc/util/Tmp v31 Larc/math/geom/Vec3; arc/math/geom/Vec3
staticfield arc/util/Tmp v32 Larc/math/geom/Vec3; arc/math/geom/Vec3
staticfield arc/util/Tmp v33 Larc/math/geom/Vec3; arc/math/geom/Vec3
staticfield arc/util/Tmp v34 Larc/math/geom/Vec3; arc/math/geom/Vec3
staticfield arc/util/Tmp r1 Larc/math/geom/Rect; arc/math/geom/Rect
staticfield arc/util/Tmp r2 Larc/math/geom/Rect; arc/math/geom/Rect
staticfield arc/util/Tmp r3 Larc/math/geom/Rect; arc/math/geom/Rect
staticfield arc/util/Tmp cr1 Larc/math/geom/Circle; arc/math/geom/Circle
staticfield arc/util/Tmp cr2 Larc/math/geom/Circle; arc/math/geom/Circle
staticfield arc/util/Tmp cr3 Larc/math/geom/Circle; arc/math/geom/Circle
staticfield arc/util/Tmp t1 Larc/math/geom/Vec2; arc/math/geom/Vec2
staticfield arc/util/Tmp c1 Larc/graphics/Color; arc/graphics/Color
staticfield arc/util/Tmp c2 Larc/graphics/Color; arc/graphics/Color
staticfield arc/util/Tmp c3 Larc/graphics/Color; arc/graphics/Color
staticfield arc/util/Tmp c4 Larc/graphics/Color; arc/graphics/Color
staticfield arc/util/Tmp p1 Larc/math/geom/Point2; arc/math/geom/Point2
staticfield arc/util/Tmp p2 Larc/math/geom/Point2; arc/math/geom/Point2
staticfield arc/util/Tmp p3 Larc/math/geom/Point2; arc/math/geom/Point2
staticfield arc/util/Tmp tr1 Larc/graphics/g2d/TextureRegion; arc/graphics/g2d/TextureRegion
staticfield arc/util/Tmp tr2 Larc/graphics/g2d/TextureRegion; arc/graphics/g2d/TextureRegion
staticfield arc/util/Tmp m1 Larc/math/Mat; arc/math/Mat
staticfield arc/util/Tmp m2 Larc/math/Mat; arc/math/Mat
staticfield arc/util/Tmp m3 Larc/math/Mat; arc/math/Mat
staticfield arc/util/Tmp m4 Larc/math/Mat; arc/math/Mat
staticfield arc/util/Tmp bz2 Larc/math/geom/Bezier; arc/math/geom/Bezier
staticfield arc/util/Tmp bz3 Larc/math/geom/Bezier; arc/math/geom/Bezier
ciInstanceKlass arc/graphics/g2d/Fill 1 1 311 10 100 12 1 1 1 9 7 12 1 1 1 10 7 12 1 1 1 10 7 12 1 1 1 9 12 1 1 10 7 12 1 1 1 10 12 1 9 7 12 1 1 1 9 12 1 9 12 1 1 9 12 1 1 10 7 12 1 1 1 10 12 1 9 12 1 9 12 1 10 12 1 10 12 1 10 12 1 1 9 7 12 1 1 10 12 1 1 10 100 12 1 1 1 10 12 1 1 10 12 10 7 12 1 1 1 4 10 7 12 1 1 10 12 1 9 12 1 1 10 7 12 1 1 10 12 1 1 9 12 1 9 12 1 1 10 12 1 1 10 100 12 1 1 1 10 12 1 4 4 10 12 1 4 4 4 10 12 1 1 10 12 1 10 12 1 10 12 1 10 12 1 9 100 12 1 1 9 12 1 9 12 1 10 12 1 1 9 12 1 1 10 7 12 1 1 1 8 10 12 1 1 10 12 1 1 9 100 1 9 9 12 1 9 12 1 10 12 1 1 10 12 1 10 12 10 1 1 1 1 1 1 1 1 1 1 1 1 1 1 1 1 1 1 1 1 1 1 1 1 1 1 1 1 1 1 1 1 1 1 1 1 1 1 1 1 1 1 1 1 1 1 1 1 1 1 1 1 1 1 1 1 1 1 1 1 1 1 1 1 1 1 1 1 1 1 1 1 1 1 1 1 1 1 1 1 1 100 1 1
ciInstanceKlass mindustry/type/ItemStack 1 1 126 10 7 12 1 1 1 9 7 12 1 1 1 9 7 12 1 1 1 9 12 1 10 12 1 10 7 12 1 1 1 7 1 7 1 10 12 1 1 7 1 10 12 1 10 12 1 1 10 12 1 1 10 12 1 1 18 12 1 1 10 12 1 9 12 1 1 100 1 1 1 1 1 1 1 1 1 1 1 1 1 1 1 1 1 100 1 1 1 1 1 1 1 1 1 1 1 1 1 1 1 1 1 1 1 1 1 1 1 1 1 1 15 10 100 12 1 1 8 1 1 100 1 100 1 1
staticfield mindustry/type/ItemStack empty [Lmindustry/type/ItemStack; 0 [Lmindustry/type/ItemStack;
ciInstanceKlass mindustry/content/Blocks 1 1 3793 10 100 12 1 1 1 7 1 8 1 10 12 1 9 7 12 1 1 7 1 8 1 10 9 12 7 1 8 1 10 9 12 1 7 1 8 1 10 9 12 1 7 1 8 1 10 9 12 100 1 7 1 10 12 1 7 1 8 1 10 9 12 1 7 1 8 1 10 9 12 1 7 1 8 1 10 9 12 1 7 1 8 1 10 9 12 1 7 1 8 1 10 9 12 1 7 1 8 1 10 9 12 1 7 1 8 1 10 9 12 1 7 1 8 1 10 9 12 7 1 8 1 10 9 12 1 7 1 8 1 10 9 12 1 7 1 8 1 10 9 12 7 1 8 1 10 9 12 7 1 8 1 10 9 12 7 1 8 1 10 9 12 1 7 1 8 1 10 9 12 1 7 1 8 1 10 9 12 7 1 8 1 10 9 12 7 1 8 1 10 9 12 7 1 8 1 10 9 12 1 7 1 8 1 10 9 12 8 1 9 12 7 1 8 1 10 9 12 7 1 10 12 1 1 8 1 9 12 7 1 8 1 10 9 12 7 1 8 1 10 9 12 1 7 1 8 1 10 9 12 1 7 1 8 1 10 9 12 7 1 8 1 10 9 12 1 7 1 8 1 10 9 12 1 7 1 8 1 10 9 12 1 7 1 8 1 10 9 12 1 7 1 8 1 10 9 12 1 7 1 8 1 10 9 12 1 7 1 8 1 10 9 12 1 7 1 8 1 10 9 12 1 7 1 8 1 10 9 12 1 7 1 8 1 10 9 12 1 7 1 8 1 10 9 12 1 7 1 8 1 10 9 12 1 7 1 8 1 10 9 12 1 7 1 8 1 10 9 12 1 7 1 8 1 10 9 12 1 7 1 8 1 10 9 12 1 7 1 8 1 10 9 12 1 7 1 8 1 10 9 12 1 7 1 8 1 10 9 12 1 7 1 8 1 10 9 12 1 7 1 8 1 10 9 12 1 8 1 9 12 8 1 9 12 7 1 8 1 10 9 12 7 1 8 1 10 9 12 7 1 8 1 10 9 12 7 1 8 1 10 9 12 7 1 8 1 10 9 12 1 7 1 8 1 10 9 12 7 1 8 1 10 9 12 7 1 8 1 10 9 12 1 7 1 8 1 10 9 12 1 7 1 8 1 10 9 12 1 7 1 8 1 10 9 12 1 7 1 8 1 10 9 12 1 8 1 9 12 1 7 1 8 1 10 9 12 1 8 1 9 12 1 7 1 8 1 10 9 12 1 7 1 8 1 10 9 12 1 7 1 8 1 10 9 12 1 7 1 8 1 10 9 12 1 7 1 8 1 10 9 12 1 7 1 8 1 10 9 12 1 7 1 8 1 10 9 12 1 7 1 8 1 10 9 12 1 7 1 8 1 10 9 12 1 7 1 8 1 10 9 12 1 7 1 8 1 10 9 12 1 7 1 8 1 10 9 12 1 7 1 8 1 10 9 12 1 8 1 9 12 1 8 1 9 12 8 1 9 12 1 7 1 8 1 10 9 12 1 7 1 8 1 10 9 12 1 8 1 9 12 7 1 8 1 10 9 12 1 8 1 9 12 1 7 1 8 1 10 9 12 1 7 1 8 1 10 9 12 7 1 8 1 10 9 12 1 7 1 8 1 10 9 12 1 7 1 8 1 10 9 12 7 1 8 1 10 9 12 1 7 1 8 1 10 9 12 1 7 1 8 1 10 9 12 1 7 1 8 1 10 9 12 1 7 1 8 1 10 9 12 1 7 1 8 1 10 9 12 1 7 1 8 1 10 9 12 1 7 1 8 1 10 9 12 1 7 1 8 1 10 9 12 1 7 1 8 1 10 9 12 1 7 1 8 1 10 9 12 1 7 1 8 1 10 9 12 1 7 1 8 1 10 9 12 1 7 1 8 1 10 9 12 1 7 1 8 1 10 9 12 1 7 1 8 1 10 9 12 1 7 1 8 1 10 9 12 1 7 1 8 1 10 9 12 1 8 1 10 12 1 9 12 1 8 1 9 12 1 8 1 9 12 1 8 1 9 12 1 8 1 9 12 1 8 1 9 12 1 8 1 9 12 1 8 1 9 12 1 8 1 9 12 1 8 1 9 12 1 8 1 9 12 1 8 1 9 12 1 8 1 9 12 1 7 1 8 1 10 9 12 1 7 1 8 1 10 9 12 1 7 1 8 1 10 9 12 1 7 1 8 1 10 9 12 1 7 1 8 1 10 9 12 1 7 1 8 1 10 9 12 1 7 1 8 1 10 9 12 1 7 1 8 1 10 9 12 1 7 1 8 1 10 9 12 1 7 1 8 1 10 9 12 1 7 1 8 1 10 9 12 1 7 1 8 1 10 9 12 1 7 1 8 1 10 9 12 1 7 1 8 1 10 9 12 1 7 1 8 1 10 9 12 1 7 1 8 1 10 9 12 1 7 1 8 1 10 9 12 1 7 1 8 1 10 9 12 1 7 1 8 1 10 9 12 1 7 1 8 1 10 9 12 1 7 1 8 1 10 9 12 1 7 1 8 1 10 9 12 1 7 1 10 7 12 1 1 1 18 12 1 1 10 12 1 1 7 1 8 1 10 9 12 8 1 9 12 7 1 9 7 12 1 1 1 10 12 1 9 12 1 7 1 9 12 1 10 9 12 1 7 1 9 12 1 10 9 12 1 7 1 9 12 1 10 9 12 1 7 1 9 12 1 10 9 12 1 7 1 9 12 1 10 9 12 1 9 12 1 9 12 1 9 12 1 9 12 1 8 1 10 12 1 9 12 1 7 1 8 1 10 9 12 1 7 1 8 1 10 9 12 1 7 1 8 1 10 9 12 1 7 1 8 1 9 12 1 10 9 12 1 7 1 8 1 10 9 12 1 7 1 8 1 10 9 12 1 7 1 8 1 10 9 12 1 7 1 8 1 10 9 12 1 7 1 8 1 10 9 12 1 7 1 8 1 10 9 12 7 1 8 1 10 9 12 1 7 1 8 1 10 9 12 1 7 1 8 1 10 9 12 1 7 1 8 1 10 9 12 1 7 1 8 1 10 9 12 1 7 1 8 1 10 9 12 1 7 1 8 1 10 9 12 7 1 8 1 10 9 12 7 1 8 1 10 9 12 7 1 8 1 10 9 12 1 7 1 8 1 10 9 12 7 1 8 1 10 9 12 1 7 1 8 1 10 9 12 7 1 8 1 10 9 12 1 7 1 8 1 10 9 12 7 1 8 1 10 9 12 1 7 1 8 1 10 9 12 1 7 1 8 1 10 9 12 1 7 1 8 1 10 9 12 1 7 1 8 1 10 9 12 1 7 1 8 1 10 9 12 1 7 1 8 1 10 9 12 1 7 1 8 1 10 9 12 1 7 1 8 1 10 9 12 1 7 1 8 1 10 9 12 1 7 1 8 1 10 9 12 1 7 1 8 1 10 9 12 1 7 1 8 1 10 9 12 1 7 1 8 1 10 9 12 1 7 1 8 1 10 9 12 1 7 1 8 1 10 9 12 1 7 1 8 1 10 9 12 1 7 1 8 1 10 9 12 1 7 1 8 1 10 9 12 1 7 1 8 1 10 9 12 1 7 1 8 1 10 9 12 1 7 1 8 1 10 9 12 1 7 1 8 1 10 9 12 1 7 1 8 1 10 9 12 1 7 1 8 1 10 9 12 1 7 1 8 1 10 9 12 1 7 1 8 1 10 9 12 1 7 1 8 1 10 9 12 7 1 8 1 10 9 12 1 7 1 8 1 10 9 12 1 7 1 8 1 10 9 12 1 7 1 8 1 10 9 12 1 7 1 8 1 10 9 12 1 7 1 8 1 10 9 12 7 1 8 1 10 9 12 1 7 1 8 1 10 9 12 1 7 1 8 1 10 9 12 1 7 1 8 1 10 9 12 1 7 1 8 1 10 9 12 1 7 1 8 1 10 9 12 1 7 1 8 1 10 9 12 1 7 1 8 1 10 9 12 1 7 1 8 1 10 9 12 1 7 1 8 1 10 9 12 1 7 1 8 1 10 9 12 7 1 8 1 10 9 12 1 7 1 8 1 10 9 12 1 7 1 8 1 10 9 12 1 7 1 8 1 10 9 12 1 7 1 8 1 10 9 12 1 7 1 8 1 10 9 12 7 1 8 1 10 9 12 1 7 1 8 1 10 9 12 1 7 1 8 1 10 9 12 1 7 1 8 1 10 9 12 1 7 1 8 1 10 9 12 1 7 1 8 1 10 9 12 7 1 8 1 10 9 12 1 7 1 8 1 10 9 12 1 7 1 8 1 10 9 12 1 7 1 8 1 10 9 12 7 1 8 1 10 9 12 1 7 1 8 1 10 9 12 1 7 1 8 1 10 9 12 7 1 8 1 10 9 12 1 7 1 8 1 10 9 12 7 1 8 1 10 9 12 7 1 8 1 10 9 12 1 7 1 8 1 10 9 12 1 7 1 8 1 10 9 12 7 1 8 1 10 9 12 1 7 1 8 1 10 9 12 7 1 8 1 10 9 12 1 7 1 8 1 10 9 12 1 7 1 8 1 10 9 12 1 7 1 8 1 10 9 12 1 7 1 8 1 10 9 12 1 7 1 8 1 10 9 12 1 7 1 8 1 10 9 12 1 7 1 8 1 10 9 12 1 7 1 8 1 10 9 12 1 7 1 8 1 10 9 12 1 7 1 8 1 10 9 12 1 7 1 8 1 10 9 12 1 7 1 8 1 10 9 12 1 7 1 8 1 10 9 12 7 1 8 1 10 9 12 1 7 1 8 1 10 9 12 1 7 1 8 1 10 9 12 1 7 1 8 1 10 9 12 1 7 1 8 1 10 9 12 1 7 1 8 1 10 9 12 1 7 1 8 1 10 9 12 1 7 1 8 1 10 9 12 1 7 1 8 1 10 9 12 1 7 1 8 1 10 9 12 1 7 1 8 1 10 9 12 1 7 1 8 1 10 9 12 1 7 1 8 1 10 9 12 1 7 1 8 1 10 9 12 1 7 1 8 1 10 9 12 1 7 1 8 1 10 9 12 1 7 1 8 1 10 9 12 1 7 1 8 1 10 9 12 1 7 1 8 1 10 9 12 7 1 8 1 10 9 12 7 1 8 1 10 9 12 1 7 1 8 1 10 9 12 1 7 1 8 1 10 9 12 1 7 1 8 1 10 9 12 1 7 1 8 1 10 9 12 1 7 1 8 1 10 9 12 1 7 1 8 1 10 9 12 1 7 1 8 1 10 9 12 1 7 1 8 1 10 9 12 1 7 1 8 1 10 9 12 1 7 1 8 1 10 9 12 1 7 1 8 1 10 9 12 1 7 1 8 1 10 9 12 1 7 1 8 1 10 9 12 1 7 1 8 1 10 9 12 1 7 1 8 1 10 9 12 1 7 1 8 1 10 9 12 1 7 1 8 1 10 9 12 1 7 1 8 1 10 9 12 1 7 1 8 1 10 9 12 1 7 1 8 1 10 9 12 1 7 1 8 1 10 9 12 1 7 1 8 1 10 9 12 1 7 1 8 1 10 9 12 7 1 8 1 10 9 12 1 7 1 8 1 10 9 12 1 7 1 8 1 10 9 12 1 7 1 8 1 10 9 12 1 7 1 8 1 10 9 12 1 7 1 8 1 10 9 12 1 7 1 8 1 10 9 12 1 7 1 8 1 10 9 12 1 7 1 8 1 10 9 12 1 7 1 8 1 10 9 12 1 7 1 8 1 10 9 12 1 7 1 8 1 10 9 12 1 7 1 8 1 10 9 12 1 7 1 8 1 10 9 12 1 7 1 8 1 10 9 12 7 1 8 1 10 9 12 7 1 8 1 10 9 12 1 7 1 8 1 10 9 12 1 7 1 8 1 10 9 12 7 1 8 1 10 9 12 7 1 8 1 10 9 12 7 1 8 1 10 9 12 7 1 8 1 10 9 12 7 1 8 1 10 9 12 7 1 8 1 10 9 12 7 1 8 1 10 9 12 7 1 8 1 10 9 12 7 1 8 1 10 9 12 7 1 8 1 10 9 12 7 1 8 1 10 9 12 7 1 8 1 10 9 12 7 1 8 1 10 9 12 7 1 8 1 10 9 12 7 1 8 1 10 9 12 7 1 8 1 10 9 12 7 1 8 1 10 9 12 7 1 8 1 10 9 12 7 1 8 1 10 9 12 7 1 8 1 10 9 12 7 1 8 1 10 9 12 7 1 8 1 10 9 12 7 1 8 1 10 9 12 7 1 8 1 10 9 12 7 1 8 1 10 9 12 7 1 8 1 10 9 12 7 1 8 1 10 9 12 7 1 8 1 10 9 12 1 7 1 8 1 10 9 12 1 7 1 8 1 10 9 12 1 7 1 8 1 10 9 12 1 7 1 8 1 10 9 12 1 7 1 8 1 10 9 12 1 7 1 8 1 10 9 12 1 7 1 8 1 10 9 12 1 7 1 8 1 10 9 12 1 7 1 8 1 10 9 12 1 7 1 8 1 10 9 12 1 7 1 8 1 10 9 12 1 7 1 8 1 10 9 12 1 7 1 8 1 10 9 12 1 7 1 8 1 10 9 12 1 7 1 8 1 10 9 12 1 7 1 8 1 10 9 12 1 7 1 8 1 10 9 12 1 7 1 8 1 10 9 12 1 7 1 8 1 10 9 12 1 7 1 8 1 10 9 12 1 7 1 8 1 10 9 12 1 7 1 8 1 10 9 12 1 7 1 8 1 10 9 12 1 7 1 8 1 10 9 12 1 7 1 8 1 10 9 12 1 7 1 8 1 10 9 12 1 7 1 8 1 10 9 12 1 7 1 8 1 10 9 12 7 1 8 1 10 9 12 7 1 8 1 10 9 12 1 7 1 8 1 10 9 12 1 7 1 8 1 10 9 12 1 7 1 8 1 10 9 12 1 7 1 8 1 10 9 12 1 7 1 8 1 10 9 12 1 7 1 8 1 10 9 12 1 7 1 8 1 10 9 12 1 7 1 8 1 10 9 12 1 7 1 8 1 10 9 12 1 7 1 8 1 10 9 12 1 7 1 8 1 10 9 12 1 7 1 8 1 10 9 12 7 1 8 1 10 7 1 8 1 10 7 1 8 1 10 7 1 8 1 10 7 1 8 1 10 7 1 8 1 10 9 12 1 7 1 8 1 10 9 12 1 7 1 8 1 10 9 12 1 7 1 8 1 10 9 12 1 7 1 8 1 10 9 12 7 1 8 1 10 9 12 1 7 1 8 1 10 9 12 1 7 1 8 1 10 9 12 1 7 1 8 1 10 9 12 1 7 1 8 1 10 9 12 1 7 1 8 1 10 9 12 1 7 1 8 1 10 9 12 1 7 1 8 1 10 9 12 1 7 1 8 1 10 9 12 1 7 1 8 1 10 9 12 7 1 8 1 10 9 12 1 7 1 8 1 10 9 12 1 7 1 8 1 10 9 12 1 7 1 8 1 10 9 12 1 7 1 8 1 10 9 12 1 7 1 8 1 10 9 12 1 10 12 1 1 9 12 1 1 1 1 1 1 1 1 1 1 1 1 1 1 1 1 1 1 100 1 100 1 100 1 100 1 100 1 100 1 100 1 100 1 100 1 100 1 100 1 100 1 100 1 100 1 100 1 100 1 100 1 100 1 100 1 100 1 100 1 100 1 100 1 100 1 100 1 100 1 100 1 100 1 100 1 100 1 100 1 100 1 100 1 100 1 100 1 100 1 100 1 100 1 100 1 100 1 100 1 100 1 100 1 100 1 100 1 100 1 100 1 100 1 100 1 100 1 100 1 100 1 100 1 100 1 100 1 100 1 100 1 100 1 100 1 100 1 100 1 100 1 100 1 100 1 100 1 100 1 100 1 100 1 100 1 100 1 100 1 100 1 100 1 100 1 100 1 100 1 100 1 100 1 100 1 100 1 100 1 100 1 100 1 100 1 100 1 100 1 100 1 100 1 100 1 100 1 100 1 100 1 100 1 100 1 100 1 100 1 100 1 100 1 100 1 100 1 100 1 100 1 100 1 100 1 100 1 100 1 100 1 100 1 100 1 100 1 100 1 100 1 100 1 100 1 100 1 100 1 100 1 100 1 100 1 100 1 100 1 100 1 100 1 100 1 100 1 100 1 100 1 100 1 100 1 100 1 100 1 100 1 100 1 100 1 100 1 100 1 100 1 100 1 100 1 100 1 100 1 100 1 100 1 100 1 100 1 100 1 100 1 100 1 100 1 100 1 100 1 100 1 100 1 100 1 100 1 100 1 100 1 100 1 100 1 100 1 100 1 100 1 100 1 100 1 100 1 100 1 100 1 100 1 100 1 100 1 100 1 100 1 100 1 100 1 100 1 100 1 100 1 100 1 100 1 100 1 100 1 100 1 100 1 100 1 100 1 100 1 100 1 100 1 100 1 100 1 100 1 100 1 100 1 100 1 100 1 100 1 100 1 100 1 100 1 100 1 100 1 100 1 100 1 100 1 100 1 100 1 100 1 100 1 100 1 100 1 100 1 100 1 100 1 100 1 100 1 100 1 1 15 10 7 12 1 1 1 16 1 15 10 12 16 1 100 1 100 1 1
ciInstanceKlass arc/math/Scaled 1 1 60 11 7 12 1 1 1 11 12 1 11 7 12 1 1 1 9 12 1 1 10 7 1 9 12 1 1 10 100 1 4 10 7 12 1 1 100 1 1 1 1 1 1 1 1 1 1 1 1 1 1 1 1 1 1 1 1 1 1 1
ciInstanceKlass mindustry/gen/Unitc 1 0 812 100 1 100 1 100 1 100 1 100 1 100 1 100 1 100 1 100 1 100 1 100 1 100 1 100 1 100 1 100 1 100 1 100 1 100 1 100 1 100 1 100 1 100 1 1 1 1 1 1 1 1 1 1 1 1 1 1 1 1 1 1 1 1 1 1 1 1 1 1 1 1 1 1 1 1 1 1 1 1 1 1 1 1 1 1 1 1 1 1 1 1 1 1 1 1 1 1 1 1 1 1 1 1 1 1 1 1 1 1 1 1 1 1 1 1 1 1 1 1 1 1 1 1 1 1 1 1 1 1 1 1 1 1 1 1 1 1 1 1 1 1 1 1 1 1 1 1 1 1 1 1 1 1 1 1 1 1 1 1 1 1 1 1 1 1 1 1 1 1 1 1 1 1 1 1 1 1 1 1 1 1 1 1 1 100 1 8 1 1 12 10 1 1 1 8 1 1 1 8 1 1 1 8 1 1 8 1 1 1 8 1 1 8 1 1 1 8 1 1 1 8 1 1 8 1 1 8 1 1 8 1 1 1 8 1 1 8 1 1 8 1 1 8 1 1 1 8 1 1 8 1 1 1 8 1 1 8 1 1 1 8 1 1 8 1 1 8 1 1 8 1 1 1 8 1 1 8 1 1 1 8 1 1 1 8 1 1 1 8 1 1 1 8 1 1 8 1 1 8 1 1 8 1 1 8 1 1 8 1 1 8 1 1 8 1 8 1 1 1 8 1 8 1 1 8 1 8 1 1 1 8 1 1 8 1 8 1 1 8 1 1 8 1 1 1 8 1 1 1 8 1 1 1 8 1 1 8 1 1 8 1 8 1 1 1 8 1 1 8 1 1 1 8 1 1 8 1 1 8 1 8 1 1 8 1 8 1 1 8 1 8 1 1 8 1 8 1 1 8 1 8 1 1 8 1 8 1 1 8 1 1 8 1 1 8 1 1 8 1 8 1 1 8 1 8 1 1 1 8 1 1 1 8 1 1 1 8 1 1 8 1 1 8 1 1 1 8 1 1 8 1 1 8 1 1 8 1 1 8 1 1 8 1 1 1 8 1 1 8 1 1 1 8 1 1 8 1 1 8 1 1 8 1 1 8 1 1 8 1 8 1 1 8 1 1 8 1 8 1 1 8 1 8 1 1 8 1 1 8 1 1 8 1 1 8 1 1 8 1 8 1 1 1 8 1 8 1 1 8 1 8 1 1 8 1 1 8 1 1 8 1 1 8 1 1 8 1 1 8 1 8 1 1 8 1 8 1 1 8 1 8 1 1 8 1 8 1 1 8 1 8 1 1 8 1 1 1 8 1 1 8 1 1 8 1 1 1 8 1 1 8 1 1 1 8 1 1 8 1 1 1 8 1 1 8 1 8 1 1 8 1 1 1 8 1 1 1 8 1 1 1 8 1 1 8 1 1 8 1 1 8 1 1 1 8 1 8 1 1 8 1 8 1 1 1 8 1 1 8 1 1 1 8 1 1 8 1 8 1 1 8 1 1 8 1 1 8 1 1 1 8 1 1 8 1 1 8 1 1 8 1 1 8 1 8 1 1 8 1 1 8 1 8 1 1 1 8 1 8 1 1 1 8 1 1 8 1 1 1 8 1 1 8 1 1 8 1 8 1 1 8 1 8 1 1 8 1 8 1 1 8 1 8 1 1 8 1 1 8 1 1 8 1 1 8 1 1 1 8 1 1 8 1 1 1 8 1 1 8 1 1 8 1 8 1 1 8 1 1 8 1 1 1 8 1 1 8 1 1 8 1 8 1 1 8 1 8 1 1 8 1 1 8 1 1 8 1 8 1 1 8 1 8 1 1 1 8 1 1 8 1
instanceKlass mindustry/gen/TankUnit
instanceKlass mindustry/gen/UnitWaterMove
instanceKlass mindustry/gen/TimedKillUnit
instanceKlass mindustry/gen/PayloadUnit
instanceKlass mindustry/gen/BuildingTetherPayloadUnit
instanceKlass mindustry/gen/MechUnit
instanceKlass mindustry/gen/CrawlUnit
instanceKlass mindustry/gen/ElevationMoveUnit
instanceKlass mindustry/gen/BlockUnitUnit
instanceKlass mindustry/gen/LegsUnit
instanceKlass mindustry/gen/UnitEntity
ciInstanceKlass mindustry/gen/Unit 1 1 1001 10 7 12 1 1 1 7 1 9 7 12 1 1 1 4 9 12 1 1 9 12 1 9 12 1 9 12 1 9 12 1 1 9 12 1 9 12 1 9 12 1 10 7 12 1 1 1 9 12 1 1 9 12 1 9 12 1 9 12 1 9 12 1 7 1 9 12 1 1 7 1 10 12 1 9 12 1 1 9 12 1 9 12 1 9 12 1 9 12 1 7 1 10 9 12 1 1 9 7 12 1 1 1 9 12 1 9 7 12 1 1 1 9 12 1 9 12 1 7 1 10 9 12 1 1 9 12 1 9 12 1 9 12 1 9 12 1 9 12 1 1 9 12 1 9 12 1 9 12 1 9 12 1 9 12 1 9 12 1 9 12 1 9 12 1 9 12 1 9 12 1 9 12 1 9 12 1 9 12 1 9 12 1 9 12 1 9 12 1 9 12 1 9 12 1 9 12 1 9 12 1 9 12 1 1 9 12 1 1 9 12 1 9 12 1 1 9 12 1 1 9 12 1 9 12 1 1 9 12 1 1 9 12 1 100 1 100 1 100 1 100 1 100 1 100 1 100 1 100 1 100 1 100 1 100 1 100 1 100 1 100 1 100 1 100 1 100 1 100 1 100 1 100 1 1 1 1 1 1 1 1 1 1 1 1 1 1 1 1 1 1 1 1 1 1 1 1 1 1 1 1 1 1 1 1 1 1 1 1 1 1 1 1 1 1 1 1 1 1 1 1 1 1 1 1 100 1 100 1 1 1 100 1 8 1 1 12 10 1 1 1 8 1 1 1 8 1 1 8 1 1 8 1 1 1 8 1 1 1 8 1 1 8 1 1 1 8 1 1 8 1 1 1 8 1 1 8 1 1 8 1 1 8 1 1 1 8 1 1 8 1 1 1 8 1 1 8 1 1 1 8 1 1 8 1 1 8 1 1 8 1 1 1 8 1 1 1 8 1 1 1 8 1 1 1 8 1 1 8 1 1 8 1 1 1 8 1 1 8 1 1 8 1 1 8 1 1 8 1 1 1 8 1 8 1 1 1 8 1 1 8 1 8 1 1 8 1 1 8 1 1 1 8 1 1 1 8 1 1 1 8 1 1 8 1 1 1 8 1 1 8 1 1 1 8 1 1 8 1 1 8 1 1 8 1 1 8 1 1 1 8 1 1 8 1 1 1 8 1 1 1 8 1 1 1 8 1 1 8 1 1 8 1 1 1 8 1 1 8 1 1 8 1 1 8 1 1 8 1 1 8 1 1 1 8 1 1 1 8 1 1 8 1 1 8 1 1 8 1 1 8 1 1 8 1 1 8 1 1 8 1 1 8 1 1 8 1 1 8 1 8 1 1 8 1 8 1 1 1 8 1 8 1 1 8 1 1 8 1 1 8 1 1 8 1 1 8 1 1 8 1 1 8 1 1 8 1 1 1 8 1 1 8 1 1 1 8 1 1 1 8 1 1 8 1 1 8 1 1 1 8 1 1 8 1 1 1 8 1 1 8 1 1 8 1 1 1 8 1 1 1 8 1 1 1 8 1 1 8 1 1 8 1 1 8 1 1 8 1 8 1 1 1 8 1 1 8 1 1 1 8 1 1 8 1 1 8 1 1 8 1 1 8 1 1 8 1 1 8 1 8 1 1 8 1 1 1 8 1 1 8 1 1 1 8 1 1 8 1 1 8 1 8 1 1 8 1 1 8 1 1 8 1 1 8 1 1 1 8 1 1 8 1 1 8 1 1 8 1 1 8 1 1 8 1 1 8 1 1 8 1 1 8 1 1 8 1 1 8 1 1 8 1 1 1 8 1 1 1 8 1 1 8 1 1 1 8 1 1 8 1 1 8 1 1 8 1 1 1 8 1 1 8 1 1 1 8 1 1 8 1 1 8 1 1 8 1 1 8 1 1 1 8 1 1 8 1 1 1 8 1 1 8 1 1 8 1 1 8 1 1 8 1 1 8 1 1 1 8 1 1 8 1 1 1 8 1 1 8 1 1 8 1 1 1 8 1 1 8 1 8 1 8 1 1 8 1 1 8 1 1 1 8 1 1 8 1 1 8 1 1 8 1 1 8 1 1 1 8 1 1 8 1 1 8 1 1 8 1 1 8 1 1 8 1 1 8 1 1 8 1 1 1 8 1 1 8 1 1 8 1 1 8 1 1 8 1 1 8 1 8 1 1 1 8 1 8 1 1 8 1 1 8 1 1 8 1 1 1 8 1 1 8 1 1 8 1 8 1 1 8 1 8 1 1 8 1 1 8 1
ciInstanceKlass mindustry/core/World 1 1 1062 7 1 10 7 12 1 1 1 7 1 10 12 1 9 7 12 1 1 1 7 1 10 12 1 9 12 1 1 9 12 1 1 9 12 1 7 1 10 9 12 1 1 7 1 18 12 1 1 10 7 12 1 1 1 7 1 18 7 1 18 10 12 1 1 9 12 1 1 10 12 1 1 10 7 12 1 1 1 10 12 1 10 12 1 1 9 7 12 1 9 12 1 10 12 1 1 9 12 1 9 12 1 10 12 1 10 12 9 7 12 1 1 1 10 12 1 1 10 12 1 10 12 1 1 10 7 12 1 1 1 10 12 1 10 12 9 12 1 1 9 7 12 1 1 10 12 1 10 12 1 4 10 7 12 1 1 1 10 12 1 11 100 12 1 1 1 11 12 1 10 12 1 1 10 12 1 1 11 7 12 1 1 11 12 1 1 10 12 1 10 12 1 9 12 1 7 1 10 10 12 1 1 7 1 10 7 1 10 12 1 1 10 12 1 10 12 1 1 4 4 10 7 12 1 1 1 10 10 7 12 1 1 1 10 12 1 10 12 1 11 100 12 1 10 12 1 100 1 10 10 12 1 1 9 12 1 10 12 1 1 10 100 12 1 1 18 12 1 10 12 1 1 9 12 1 1 9 7 12 1 1 1 9 7 12 1 1 9 12 1 1 9 100 1 9 12 1 1 9 12 1 1 9 100 12 1 1 1 10 100 12 1 1 9 12 1 1 10 100 12 1 1 1 10 100 12 1 1 9 12 1 7 1 8 1 9 12 1 1 9 12 1 18 12 1 1 9 100 1 10 100 12 1 1 1 10 12 1 9 12 1 1 9 12 1 1 10 12 1 1 100 1 10 9 12 1 9 12 1 9 12 10 12 1 1 4 9 100 12 1 1 1 9 12 1 1 10 12 1 10 12 1 1 10 12 1 10 12 1 1 9 12 1 1 9 12 1 9 12 1 9 12 1 9 10 12 1 1 10 12 1 1 9 12 1 1 18 12 1 10 100 12 1 1 1 18 12 1 10 12 1 1 10 12 1 1 10 7 12 1 1 1 10 12 7 1 10 12 1 10 10 12 1 1 10 12 1 10 12 1 100 1 11 12 1 9 12 1 1 10 7 12 1 1 1 7 1 10 100 12 1 1 1 9 12 1 9 12 1 1 8 1 10 100 12 1 1 1 9 100 12 1 1 1 18 12 1 11 100 12 1 1 1 9 12 1 1 10 7 12 1 1 1 9 12 1 9 12 1 9 12 1 1 8 1 10 12 1 1 10 100 12 1 1 1 10 12 1 18 12 1 10 12 1 1 8 1 9 12 1 9 12 1 10 12 1 1 10 100 12 1 1 8 1 10 12 1 1 100 1 8 1 10 12 1 18 10 12 1 10 12 1 9 7 12 1 1 1 9 12 9 12 10 12 1 10 7 12 1 1 1 10 12 1 1 10 7 12 1 1 1 9 12 1 10 12 1 10 12 1 1 10 12 1 9 12 1 10 9 12 1 9 12 1 9 12 9 12 1 10 12 1 10 12 1 9 12 1 9 12 1 9 12 1 9 12 1 9 12 1 4 10 12 1 10 12 1 10 12 1 1 9 12 1 1 9 100 12 1 1 1 4 10 100 12 1 1 1 9 12 1 9 100 12 1 1 1 4 10 12 9 100 12 1 1 1 10 100 12 1 1 1 9 12 1 9 12 1 10 12 10 12 1 1 10 100 12 1 1 1 9 12 1 4 4 10 100 12 1 1 4 4 10 12 1 10 12 1 1 11 7 12 1 1 10 12 1 9 100 12 1 1 1 10 12 1 9 100 12 1 9 12 1 10 100 12 1 1 1 9 12 1 10 12 1 100 1 9 12 18 12 1 10 12 9 12 1 10 7 1 1 1 1 1 1 1 1 1 1 1 1 1 1 1 1 1 1 1 1 1 1 1 1 1 1 1 1 1 1 1 1 1 1 1 1 1 1 1 1 1 1 1 1 1 1 1 1 1 1 1 1 100 1 100 1 1 1 1 1 1 1 1 1 1 1 1 1 1 1 1 1 1 1 1 1 1 100 100 1 1 1 1 1 1 1 1 1 1 1 1 1 1 1 1 1 1 1 1 1 1 1 1 1 1 1 1 1 1 1 1 1 1 1 1 1 1 1 1 1 1 1 1 1 1 1 1 1 1 1 1 1 1 1 1 1 1 1 1 1 15 10 7 12 1 1 1 16 15 10 12 16 15 10 12 16 15 10 12 16 15 10 12 16 15 10 100 12 1 1 8 1 16 15 10 100 12 1 1 1 16 1 16 1 15 10 12 16 16 15 10 12 16 15 10 12 1 16 1 15 10 12 8 1 1 1 100 1 1 1 1 1 1 100 1 1 1 1 1 100 1 1 100 1 1 1 1 100 1 100 1 1
ciInstanceKlass mindustry/world/Tiles 1 1 168 10 7 12 1 1 1 7 1 9 7 12 1 1 1 9 12 1 1 9 12 1 7 1 9 12 1 1 7 1 9 12 1 1 9 12 1 1 9 12 1 11 100 12 1 1 1 10 12 100 1 18 12 1 1 10 12 1 10 100 12 1 1 1 10 100 12 1 1 1 10 12 1 10 12 1 11 7 12 1 1 7 1 10 12 1 100 1 1 1 1 1 1 1 1 1 1 1 1 1 1 1 1 1 1 1 1 1 1 1 1 1 1 1 1 1 1 1 1 1 1 1 1 1 1 1 1 1 1 1 1 1 1 1 1 1 1 1 1 1 1 1 100 1 1 1 1 1 1 1 1 1 1 15 10 100 12 1 1 8 1 1 1 100 1 100 1 1
ciInstanceKlass mindustry/content/UnitTypes$1 1 1 63 10 7 12 1 1 1 4 9 7 12 1 1 1 9 12 1 4 9 12 1 4 9 12 1 4 9 12 1 9 12 1 1 7 1 8 1 10 12 1 10 7 12 1 1 1 1 1 1 1 1 1 1 1 1 1 7 1 12 1 1 1 1
ciInstanceKlass mindustry/content/UnitTypes$2 1 1 75 10 7 12 1 1 1 4 9 7 12 1 1 1 4 9 12 1 4 9 12 1 4 9 12 1 9 12 1 1 9 7 12 1 1 1 10 7 12 1 1 1 9 12 1 1 7 1 8 1 10 12 1 10 7 12 1 1 1 1 1 1 1 1 1 1 1 1 7 1 12 1 1 1 1
ciInstanceKlass mindustry/content/UnitTypes$3 1 1 89 10 7 12 1 1 1 4 9 7 12 1 1 1 4 9 12 1 4 9 12 1 9 12 1 1 4 9 12 1 4 9 12 1 4 9 12 1 9 7 12 1 1 1 9 12 1 4 9 12 1 4 9 12 1 9 12 1 1 7 1 8 1 10 12 1 10 7 12 1 1 1 1 1 1 1 1 1 1 1 1 1 7 1 12 1 1 1 1
ciInstanceKlass mindustry/content/UnitTypes$21 1 1 89 10 7 12 1 1 1 9 7 12 1 1 1 9 7 12 1 1 9 12 1 1 4 9 12 1 1 4 9 12 1 4 9 12 1 4 9 12 1 4 9 12 1 4 9 12 1 4 9 12 1 9 12 1 9 12 1 4 9 12 1 9 12 1 9 12 1 1 4 9 12 1 1 1 1 1 1 1 1 1 1 1 7 1 12 1 1 1 1
ciInstanceKlass mindustry/content/UnitTypes$23 1 1 118 100 1 10 7 12 1 1 1 9 7 12 1 1 1 9 7 12 1 1 9 12 1 1 4 9 12 1 1 4 9 12 1 4 9 12 1 4 9 12 1 4 9 12 1 4 9 12 1 9 12 1 1 9 12 1 4 9 12 1 9 12 1 4 9 12 1 9 12 1 4 9 12 1 4 9 12 1 9 12 1 9 12 1 1 7 1 8 1 10 12 1 7 1 10 10 7 12 1 1 1 1 1 1 1 1 1 1 1 1 1 7 1 12 1 1 1 1
ciInstanceKlass mindustry/content/UnitTypes$38 1 1 158 10 7 12 1 1 1 18 12 1 1 9 7 12 1 1 1 9 12 1 1 9 12 1 9 12 1 9 12 1 4 9 12 1 1 9 12 1 1 9 12 1 4 9 12 1 4 9 12 1 4 9 12 1 4 9 12 1 9 12 1 9 12 1 4 9 12 1 4 9 12 1 4 9 12 1 9 12 1 1 7 1 8 1 10 12 1 10 7 12 1 1 1 9 7 12 1 1 1 10 7 12 1 1 1 100 1 4 10 12 1 7 1 10 12 1 1 1 1 1 1 1 1 1 1 1 1 1 100 1 1 1 1 7 1 12 1 1 1 15 10 7 12 1 1 1 16 1 15 10 12 16 1 100 1 100 1 1
ciInstanceKlass mindustry/content/UnitTypes$58 1 1 211 100 1 9 7 12 1 1 1 10 7 12 1 1 1 9 12 1 1 18 12 1 1 9 12 1 1 9 12 1 9 12 1 1 4 9 12 1 9 12 1 4 9 12 1 9 12 1 9 12 1 9 12 1 9 12 1 9 12 1 4 9 12 1 9 12 1 4 9 12 1 4 9 12 1 4 9 12 1 4 9 12 1 9 12 1 9 12 1 4 9 12 1 4 9 12 1 4 9 12 1 9 12 1 4 9 12 1 9 12 1 9 12 1 9 12 1 9 12 1 9 12 1 9 12 1 4 9 12 1 7 1 4 4 4 4 10 12 1 4 4 10 12 1 1 9 12 1 1 7 1 10 12 1 10 7 12 1 1 1 7 1 10 12 1 1 1 1 1 1 1 1 1 1 1 1 1 1 1 1 1 7 1 12 1 1 1 1 15 10 7 12 1 1 1 16 1 15 10 12 16 1 1 100 1 1 100 1 100 1 1
ciInstanceKlass mindustry/game/Teams$TeamData 1 1 576 7 1 10 7 12 1 1 1 7 1 9 7 12 1 1 1 7 1 7 1 10 12 1 9 12 1 1 7 1 10 9 12 1 1 7 1 10 9 12 1 1 10 12 1 9 12 1 9 12 1 9 12 1 9 12 1 1 18 12 1 1 10 12 1 10 12 1 9 12 1 1 9 12 1 1 10 7 12 1 1 1 10 12 1 10 12 1 1 11 100 12 1 1 1 11 12 1 1 100 1 9 12 1 1 9 100 12 1 1 1 7 1 10 12 1 10 12 1 1 10 12 1 18 12 1 10 12 1 1 10 12 1 1 10 12 1 1 18 12 1 10 12 1 1 9 12 1 1 10 7 12 1 1 1 9 100 12 1 1 1 9 100 12 1 1 10 12 1 100 1 9 12 1 1 9 12 1 1 10 100 12 1 1 1 10 7 12 1 1 1 9 12 1 1 10 12 1 1 10 12 1 4 10 100 12 1 1 18 12 1 10 100 12 1 1 1 9 12 1 1 10 12 1 10 7 12 1 1 1 10 12 1 1 100 1 10 100 12 1 1 6 0 10 12 1 1 4 10 12 1 1 10 100 12 1 1 18 12 1 1 10 100 12 1 1 10 12 1 1 18 12 1 10 12 1 1 10 10 12 1 1 9 12 1 1 9 7 12 1 1 1 9 12 1 10 7 12 1 1 1 9 12 1 1 9 12 1 1 10 7 12 1 1 10 100 12 1 1 1 9 12 1 7 1 10 10 12 1 1 10 12 1 9 12 1 1 9 7 12 1 1 9 12 1 9 12 1 10 12 1 10 12 1 10 12 1 10 12 1 9 100 12 1 1 9 12 1 18 12 1 1 9 12 1 10 12 1 1 10 12 1 1 10 100 12 1 1 1 18 12 1 10 12 1 10 12 1 1 10 12 1 4 18 12 1 9 100 1 10 10 1 1 1 1 1 1 1 1 1 1 1 1 1 1 1 1 1 1 1 1 1 1 1 1 1 1 1 1 1 1 1 1 1 1 1 1 1 1 1 1 1 1 1 1 1 1 1 1 1 1 1 1 1 1 1 1 1 100 1 1 1 1 1 1 1 1 1 1 1 1 1 1 1 1 1 1 1 1 1 1 1 1 1 1 1 1 1 1 1 1 1 1 1 1 1 1 7 1 1 15 10 7 12 1 1 1 16 15 10 12 16 16 1 15 10 12 16 16 1 15 10 12 16 1 16 1 15 10 12 16 15 15 10 12 16 15 10 100 12 1 1 8 1 15 10 12 15 10 12 1 1 1 100 1 1 100 1 1 1 1 100 1 100 1 1
staticfield mindustry/game/Teams$TeamData derelictBuffer Larc/struct/IntSeq; arc/struct/IntSeq
ciInstanceKlass arc/struct/Queue 1 1 246 10 7 12 1 1 1 10 7 12 1 1 9 12 1 1 9 12 1 9 12 1 9 12 1 1 10 7 12 1 1 1 7 10 12 1 1 10 12 1 10 12 1 1 10 12 1 1 10 7 12 1 1 10 7 12 1 1 1 100 1 8 1 10 12 1 10 12 1 1 10 12 1 1 10 12 1 1 11 100 12 1 10 12 1 10 12 1 10 12 1 100 1 100 1 10 8 1 10 12 1 1 10 12 1 10 12 1 1 10 8 1 8 1 9 12 1 1 7 1 10 12 1 10 12 1 1 11 7 12 1 8 1 10 10 12 1 10 12 1 8 1 10 12 1 1 100 1 100 1 1 1 1 1 1 1 1 1 1 1 1 1 1 1 1 1 1 1 1 1 1 1 1 1 1 1 1 1 1 1 1 1 1 1 1 1 1 1 1 1 1 1 1 1 1 1 1 1 1 1 1 1 1 1 1 1 1 1 1 1 1 1 1 1 1 1 1 1 1 1 1 1 1 1 1 1 1 1 1 1 1 1 1 1 1 1 1 1 1 1 1 1 1 1 1 1
ciInstanceKlass mindustry/core/GameState$State 1 1 59 7 1 9 12 1 1 9 12 1 9 12 1 9 12 1 1 10 100 12 1 1 10 7 12 1 1 1 10 12 1 1 8 10 8 8 10 12 1 1 1 1 1 1 1 1 1 1 1 1 1 1 1 1 1 100 1 1 1
staticfield mindustry/core/GameState$State paused Lmindustry/core/GameState$State; mindustry/core/GameState$State
staticfield mindustry/core/GameState$State playing Lmindustry/core/GameState$State; mindustry/core/GameState$State
staticfield mindustry/core/GameState$State menu Lmindustry/core/GameState$State; mindustry/core/GameState$State
staticfield mindustry/core/GameState$State $VALUES [Lmindustry/core/GameState$State; 3 [Lmindustry/core/GameState$State;
instanceKlass mindustry/gen/UnitEntityLegacyPoly
instanceKlass mindustry/gen/UnitEntityLegacyMono
instanceKlass mindustry/gen/UnitEntityLegacyGamma
instanceKlass mindustry/gen/UnitEntityLegacyBeta
instanceKlass mindustry/gen/UnitEntityLegacyAlpha
ciInstanceKlass mindustry/gen/UnitEntity 1 1 3115 7 1 100 1 10 7 12 1 1 1 7 1 9 12 1 1 9 7 12 1 1 1 10 7 12 1 1 1 9 7 12 1 1 1 10 12 1 9 7 12 1 1 1 4 10 7 12 1 1 1 9 12 1 1 10 9 12 1 1 9 12 1 1 9 12 1 9 12 1 10 7 12 1 1 1 10 12 1 1 9 12 1 1 7 1 10 12 1 1 10 12 1 1 7 1 9 12 1 9 7 12 1 1 1 9 12 1 1 9 7 1 10 12 1 1 100 1 9 12 1 1 9 7 12 1 1 1 10 7 12 1 1 1 9 7 12 1 1 1 10 12 1 1 9 12 1 10 12 1 10 12 1 1 10 12 1 1 10 12 1 1 9 12 1 1 9 7 12 1 1 1 9 12 1 1 10 7 12 1 1 1 10 12 1 10 7 12 1 1 1 9 12 1 10 100 12 1 1 1 10 12 1 1 10 100 12 1 1 1 10 12 1 9 12 1 9 12 1 9 12 1 9 12 1 1 10 12 1 1 9 12 1 9 12 1 9 12 1 9 12 1 1 10 12 1 1 10 12 1 1 10 12 1 1 10 12 1 1 10 12 1 1 10 12 1 1 9 12 1 10 12 1 1 10 12 1 1 9 12 1 1 10 12 1 1 9 12 1 1 10 12 1 1 9 12 1 9 12 1 1 10 12 1 1 9 12 1 1 10 12 1 1 100 1 18 12 1 1 10 12 1 10 12 1 10 100 12 1 10 12 1 1 10 12 1 1 10 12 1 10 12 1 10 12 1 10 12 1 1 10 12 1 1 10 12 10 12 1 1 10 12 1 1 10 12 1 1 10 100 1 10 12 1 1 10 12 1 1 9 12 1 1 10 12 1 1 9 100 12 1 1 1 9 100 12 1 1 10 12 1 1 10 12 1 1 11 7 12 1 1 11 12 1 9 12 1 9 12 1 1 9 100 12 1 1 9 12 1 9 12 1 9 12 1 10 12 1 9 12 1 1 10 12 1 9 7 12 1 1 1 9 12 1 10 12 1 10 12 1 10 12 1 1 10 12 1 9 12 1 1 9 7 12 1 1 7 1 4 9 12 1 10 12 1 1 100 1 9 12 1 9 12 1 10 12 1 9 12 1 10 12 1 10 12 1 18 12 1 10 7 12 1 1 1 9 12 1 10 12 1 10 12 1 1 9 12 1 9 7 12 1 1 10 12 1 1 11 100 12 1 1 1 10 12 1 10 12 1 10 12 1 9 12 1 9 12 1 10 12 1 9 12 1 9 12 1 10 12 1 1 10 12 1 9 100 12 1 1 10 12 1 9 12 1 4 9 12 1 9 10 12 1 10 12 1 10 12 1 9 12 1 9 12 1 4 9 12 1 1 10 100 12 1 1 1 9 100 12 1 1 1 9 100 12 1 9 12 9 12 1 7 1 9 12 1 9 100 12 1 1 10 12 1 1 9 12 1 4 9 12 1 1 10 100 12 1 1 1 9 12 1 1 7 1 11 12 1 100 1 9 12 1 9 12 1 1 10 100 12 1 1 9 12 1 1 9 12 9 12 1 1 10 100 12 1 1 11 100 12 1 1 11 10 12 1 10 12 10 12 1 1 9 12 1 10 12 1 10 12 1 10 12 1 4 10 7 12 1 1 1 10 12 1 1 10 12 9 12 1 9 12 9 7 12 1 1 9 9 12 1 10 12 1 10 12 1 9 12 1 9 12 1 1 9 9 12 1 1 10 100 12 1 1 1 18 12 1 10 100 12 1 1 10 12 1 1 10 12 1 1 10 12 1 10 12 1 9 12 1 10 12 1 10 12 1 1 10 12 1 100 1 11 12 1 10 12 1 18 12 1 10 12 1 18 12 1 6 0 9 100 12 1 1 1 10 100 12 1 1 9 12 10 12 1 9 4 4 9 10 12 10 12 1 10 12 1 9 12 1 1 9 100 12 1 1 1 9 100 12 1 1 9 100 12 1 1 9 12 1 9 12 1 9 12 1 9 12 1 9 12 1 10 12 1 9 12 6 0 9 12 9 9 9 12 1 9 12 1 9 12 1 9 12 1 10 12 1 10 12 1 11 12 1 4 9 12 1 9 10 12 1 1 9 12 1 10 12 1 9 12 1 4 9 12 1 9 12 1 9 12 1 9 100 12 1 10 7 12 1 1 1 4 9 12 1 9 12 1 10 12 1 10 12 1 9 12 1 10 12 1 9 7 1 9 12 1 10 12 1 1 18 12 1 10 12 1 1 4 4 9 12 1 10 12 1 1 10 12 1 9 12 1 10 12 1 10 12 9 12 1 9 12 1 10 7 12 1 1 4 10 12 1 1 9 12 1 10 12 1 10 12 1 1 9 12 1 9 12 1 100 1 10 12 1 1 10 7 12 1 1 1 10 12 1 1 9 12 1 10 12 10 12 1 100 1 9 12 1 9 100 1 10 10 12 1 9 12 1 9 12 1 9 12 1 9 12 1 1 10 12 18 12 1 8 1 9 12 1 18 12 1 18 12 1 10 100 12 1 1 1 4 10 12 1 10 12 10 12 1 10 12 1 10 9 7 12 1 1 10 7 12 1 1 1 9 12 1 9 12 1 9 12 1 9 12 1 9 12 1 10 12 1 10 12 1 1 9 12 1 10 12 10 12 1 9 12 1 10 100 12 1 1 1 10 12 1 1 10 12 1 10 10 12 1 10 12 1 100 1 9 12 1 9 10 12 1 1 10 12 1 10 12 1 1 10 12 1 1 10 10 12 1 1 11 7 12 1 10 12 1 10 12 1 1 10 12 1 11 12 11 100 12 1 1 11 12 1 10 12 1 1 9 12 1 10 12 1 10 12 1 10 12 9 12 1 10 12 1 1 9 7 12 1 1 1 9 7 12 1 1 9 12 9 12 9 9 10 12 1 10 12 1 10 12 10 12 1 1 9 12 1 10 12 1 10 12 1 10 12 1 10 12 1 1 9 12 1 9 12 1 9 12 1 10 12 10 12 1 1 10 12 1 10 12 1 10 12 18 12 1 10 12 1 1 100 1 11 12 1 1 9 12 1 9 12 1 10 12 1 1 11 12 1 10 100 12 1 1 9 12 1 10 12 1 10 12 1 9 12 1 10 12 1 10 12 1 1 9 7 12 1 1 4 10 12 1 4 10 12 1 10 12 9 12 1 4 9 12 1 4 9 12 1 4 10 12 4 10 12 1 9 12 1 4 9 12 1 10 12 1 9 12 1 1 10 12 1 1 10 7 12 1 1 1 9 12 1 4 9 12 1 4 10 12 1 1 10 12 1 1 9 12 1 1 9 12 1 10 100 12 1 1 100 1 10 12 10 100 12 1 1 4 9 12 1 9 100 12 1 1 1 10 12 1 9 12 1 9 12 1 1 9 100 12 1 1 9 12 1 9 12 1 9 12 1 9 12 1 9 12 1 10 12 1 1 9 12 1 9 12 1 1 9 100 12 1 1 10 100 12 1 1 1 4 9 12 1 4 18 12 1 10 12 1 4 4 10 12 1 9 12 1 9 12 1 1 10 12 1 9 4 10 12 1 4 10 12 1 1 10 7 12 1 1 10 12 1 10 12 10 12 1 1 10 12 1 10 12 9 12 1 1 100 1 4 10 100 12 1 1 100 1 10 12 1 4 4 10 12 1 1 10 12 1 9 12 1 9 12 1 9 4 10 12 1 10 12 1 10 12 1 10 12 1 9 9 12 1 10 12 1 10 12 1 9 100 12 1 9 12 1 10 100 12 1 1 1 4 9 12 1 10 12 1 10 100 12 1 1 10 100 12 1 1 1 4 4 4 4 10 12 1 10 12 1 9 12 1 9 12 1 1 9 7 12 1 1 1 10 7 12 1 1 1 10 12 1 1 9 12 10 100 12 1 1 1 10 12 1 1 10 12 1 4 9 12 1 4 4 10 12 1 1 10 12 1 1 9 12 1 1 9 10 100 12 1 1 10 12 1 9 12 1 10 12 1 10 7 12 1 1 1 4 4 10 12 1 10 12 1 10 12 10 12 1 10 12 1 9 12 1 1 9 12 1 10 12 1 1 9 12 1 9 12 1 10 12 1 9 12 1 9 12 1 9 12 1 9 12 1 9 12 1 1 10 7 12 1 1 10 12 1 10 12 1 9 12 1 9 12 1 9 12 1 10 12 1 10 12 9 12 1 10 12 10 12 1 10 12 9 12 1 1 10 100 12 1 1 10 12 1 1 9 12 1 10 12 1 9 12 1 10 12 10 12 1 10 12 10 12 1 10 12 1 4 9 12 1 9 12 10 12 1 9 100 12 1 1 10 12 1 1 10 12 1 10 12 1 1 10 12 1 10 12 1 10 12 1 10 12 1 10 100 12 1 10 12 1 1 10 12 1 11 12 1 9 12 1 1 10 100 12 1 9 12 1 10 12 9 12 1 10 12 1 1 9 12 1 9 12 1 9 12 1 1 9 12 1 9 9 12 1 1 10 100 12 1 1 18 12 1 10 12 1 10 12 9 12 1 10 12 1 10 12 10 12 10 12 1 10 12 1 10 12 1 6 0 6 0 10 12 1 10 12 1 4 10 12 10 12 1 10 12 1 10 12 1 10 12 1 1 10 12 1 1 11 12 1 1 10 12 1 11 12 1 1 10 12 1 11 12 10 10 12 1 9 9 12 1 9 9 10 12 1 9 12 1 10 12 1 9 12 100 1 10 12 1 9 12 9 9 12 1 1 11 7 12 1 1 5 0 10 12 1 1 9 9 9 12 1 9 12 1 9 9 12 1 9 10 12 18 12 1 10 12 10 12 1 1 10 12 1 10 12 1 4 9 12 1 10 12 1 1 4 10 12 1 10 12 10 12 1 4 10 12 1 10 12 1 1 10 12 10 12 1 1 10 12 1 10 12 1 9 12 1 6 0 10 12 1 1 9 12 1 9 10 12 1 4 9 12 1 4 9 12 1 1 9 12 1 9 100 12 1 1 1 10 100 12 1 1 10 12 1 10 12 1 1 9 12 1 9 12 1 9 12 1 10 7 12 1 1 1 9 12 9 12 1 10 9 9 9 9 12 1 10 12 1 10 12 1 10 12 9 12 9 9 9 9 9 9 9 12 1 10 12 1 10 12 1 10 12 9 12 1 10 12 1 10 12 1 9 12 1 10 12 1 9 12 1 9 12 1 9 12 1 9 12 1 10 12 1 4 4 9 12 1 9 12 1 9 12 1 10 12 1 1 9 12 1 9 12 1 10 12 10 12 10 12 1 10 12 9 12 1 9 12 1 9 12 1 9 12 1 9 12 1 9 12 1 10 12 9 12 1 10 12 1 10 12 1 9 12 1 4 10 12 1 10 12 1 1 10 12 1 9 12 1 9 12 1 9 12 1 9 7 12 1 10 12 9 12 1 9 12 1 9 12 1 10 12 1 9 12 1 10 12 1 10 12 1 10 9 12 1 9 12 1 9 12 1 9 12 1 10 12 9 9 9 12 1 10 12 1 9 12 1 9 12 1 1 10 7 12 1 1 10 12 1 10 12 4 10 12 6 0 10 12 1 9 12 1 10 12 6 0 9 12 1 9 12 1 10 12 9 12 1 9 12 1 10 12 1 10 12 1 10 12 1 9 12 1 10 12 1 10 12 1 10 12 1 11 12 1 11 12 1 10 12 1 10 12 1 10 12 1 10 12 1 9 12 1 9 12 1 10 12 9 12 1 4 10 12 1 9 12 1 10 12 1 9 12 1 10 10 12 1 10 12 1 1 10 12 1 9 12 1 4 9 12 1 10 12 10 12 1 10 12 1 10 12 1 9 12 1 10 12 1 1 10 12 1 1 10 9 12 1 9 12 1 9 12 1 18 12 1 9 9 12 1 10 12 1 1 10 12 1 1 10 12 1 1 9 12 1 9 12 100 1 10 12 1 9 12 1 10 12 10 12 1 1 10 12 1 1 10 12 1 9 12 1 10 12 9 12 1 1 9 9 12 1 6 0 9 12 1 4 100 1 10 9 12 1 9 12 1 10 10 9 9 10 12 1 10 12 1 10 12 1 11 4 10 12 1 10 12 1 10 12 1 1 10 12 1 1 9 100 1 9 12 1 10 12 1 10 12 10 12 1 100 1 11 12 1 9 10 10 100 1 100 1 100 1 100 1 100 1 100 1 100 1 100 1 100 1 100 1 100 1 100 1 100 1 100 1 100 1 100 1 1 1 1 1 1 1 1 1 1 1 1 1 1 1 1 1 1 1 1 1 1 1 1 1 1 1 1 1 1 1 1 1 1 1 1 1 1 1 1 1 1 1 1 1 1 1 1 1 1 1 1 1 1 1 1 1 1 1 1 1 1 1 100 1 1 1 1 1 1 1 1 1 1 1 1 1 1 1 1 1 1 1 1 1 1 1 1 1 1 1 1 1 1 1 1 1 1 1 1 1 1 1 1 1 100 1 1 1 1 1 1 1 1 1 1 1 1 1 1 1 100 1 1 1 1 1 1 1 1 1 1 1 1 1 1 1 1 1 1 1 1 1 1 1 100 1 1 1 1 1 1 1 1 1 1 1 1 100 1 1 1 1 1 1 1 1 1 1 1 1 1 1 1 1 1 1 1 1 1 1 1 1 1 1 1 1 1 1 1 1 1 1 1 1 1 1 1 1 1 1 1 1 1 1 1 1 1 1 1 1 1 1 1 1 1 1 1 1 1 1 1 1 1 1 1 1 1 1 1 1 1 1 1 1 1 1 1 1 1 1 1 1 1 1 1 1 1 1 1 1 1 1 1 1 1 1 1 1 1 1 1 1 1 1 1 1 1 1 1 1 1 1 1 1 1 1 1 1 1 1 15 10 100 12 1 1 8 1 15 10 100 12 1 1 1 16 15 10 12 16 15 10 12 16 1 15 10 12 16 1 15 10 12 15 10 12 16 8 1 15 10 12 16 15 10 16 16 15 10 12 16 15 10 12 16 15 10 12 16 15 10 12 15 10 12 1 100 1 1 1 1 1 1 1 100 1 1 1 1 1 100 1 100 1 1
staticfield mindustry/gen/UnitEntity tmp1 Larc/math/geom/Vec2; arc/math/geom/Vec2
staticfield mindustry/gen/UnitEntity tmp2 Larc/math/geom/Vec2; arc/math/geom/Vec2
ciInstanceKlass mindustry/world/blocks/storage/CoreBlock$CoreBuild 1 1 1477 7 1 7 1 9 7 12 1 1 1 10 7 12 1 1 1 9 12 1 1 9 7 12 1 1 1 9 12 1 4 9 12 1 1 9 12 1 9 12 1 9 12 1 1 9 7 12 1 1 1 9 7 12 1 1 9 12 1 9 12 1 1 9 12 1 1 9 7 12 1 1 9 12 1 10 7 12 1 1 1 10 12 1 9 12 1 1 9 12 1 9 12 1 10 12 1 1 9 100 12 1 1 1 10 100 12 1 1 1 10 12 1 10 12 1 10 12 1 9 12 1 9 12 1 1 10 100 12 1 1 9 12 1 9 100 12 1 1 1 9 12 1 1 10 100 12 1 1 1 9 12 1 9 12 1 1 9 12 1 9 100 12 1 1 1 9 100 12 1 1 9 12 1 9 12 1 10 100 12 1 1 9 12 1 1 10 100 12 1 1 1 4 100 1 10 9 12 1 1 9 100 12 1 1 9 100 12 1 1 1 9 12 1 10 12 1 1 100 1 10 12 1 1 4 10 100 12 1 1 1 9 12 1 10 12 1 1 4 10 12 1 1 10 12 1 1 18 12 1 1 10 12 1 1 9 12 1 1 10 100 12 1 1 1 4 10 12 1 1 18 18 12 1 10 7 12 1 1 9 12 1 1 8 1 100 1 10 100 12 1 1 1 10 12 1 10 12 1 4 10 100 12 1 1 9 12 1 1 10 100 1 9 7 12 1 1 10 12 1 4 18 12 1 1 10 100 12 1 1 1 10 12 10 12 1 1 9 12 1 9 12 1 10 12 1 1 4 10 12 1 4 9 12 1 9 12 1 4 4 4 4 10 7 12 1 1 1 9 100 12 1 1 10 100 12 1 1 1 9 100 1 9 12 1 9 9 12 1 10 12 1 4 10 12 1 9 12 1 1 4 10 12 1 1 4 10 12 1 9 9 12 10 12 4 9 12 1 4 10 12 1 9 12 1 4 11 4 8 1 10 12 1 10 12 4 4 10 12 1 4 9 12 1 10 12 1 1 10 12 1 1 9 4 10 100 12 1 1 4 4 10 12 1 10 100 12 1 1 1 9 12 1 1 9 12 1 9 12 1 10 12 9 12 1 10 12 1 9 12 1 9 12 1 4 9 12 1 4 10 12 1 10 12 9 7 12 1 1 1 9 12 1 10 12 1 1 10 12 1 7 1 10 12 1 10 7 12 1 1 1 10 12 1 10 12 1 1 10 12 1 9 7 12 1 1 1 9 12 1 9 12 1 10 100 12 1 1 1 10 12 1 1 7 1 10 12 1 1 10 100 12 1 1 1 10 12 1 10 7 12 1 1 9 12 1 10 12 1 1 9 12 1 10 12 1 9 12 1 1 10 100 12 1 1 9 12 1 1 9 12 1 1 9 100 12 1 1 1 9 100 12 1 1 1 10 100 12 1 1 4 9 12 1 10 12 1 1 9 12 1 9 12 1 10 12 1 1 9 12 1 1 10 7 12 1 1 1 9 12 1 10 12 1 9 12 1 1 9 12 1 9 12 1 11 12 1 4 9 12 1 18 12 1 10 100 12 1 1 1 9 12 1 9 9 12 1 10 100 12 1 1 1 9 12 1 4 10 12 1 10 12 1 4 10 12 1 9 12 1 10 12 1 10 12 1 9 12 1 10 12 1 1 9 7 1 9 12 1 1 10 100 12 1 1 9 12 1 1 9 100 12 1 1 1 9 100 12 1 1 9 100 12 1 10 12 1 1 10 12 1 1 10 12 1 9 12 1 10 12 1 9 12 1 9 12 1 9 12 1 9 12 1 1 9 100 12 1 1 9 12 1 9 12 1 10 12 10 12 1 1 10 10 12 1 10 12 1 1 9 12 1 1 9 12 1 10 12 1 18 9 12 1 4 4 10 12 1 1 9 12 1 9 12 1 1 10 7 12 1 1 10 12 1 100 1 3 10 9 12 1 1 10 7 12 1 1 10 12 1 1 11 7 12 1 1 11 12 1 1 9 9 10 12 1 9 12 9 12 1 18 12 1 10 12 1 1 18 12 1 18 10 12 1 1 9 9 9 18 12 1 9 12 1 1 10 7 12 1 1 9 12 1 1 10 7 12 1 7 1 10 12 1 1 10 12 1 9 12 1 9 12 1 10 12 1 1 9 12 1 1 10 100 12 1 1 9 12 1 9 12 1 10 12 10 12 1 1 18 10 12 1 10 7 12 1 1 1 18 12 1 18 12 1 10 12 10 12 1 1 7 1 9 100 1 9 12 1 9 12 1 9 12 1 1 9 100 12 1 1 1 10 12 1 10 12 18 18 18 12 1 10 12 1 10 12 1 9 12 1 1 9 100 12 1 1 1 10 100 12 1 1 1 10 12 1 10 12 1 1 10 12 1 1 10 12 1 1 10 7 12 1 1 1 10 12 1 1 10 12 1 1 10 9 10 12 10 12 1 11 7 12 1 18 9 12 1 1 10 12 4 8 1 9 9 7 12 1 9 9 12 10 12 1 10 12 1 1 6 0 10 12 1 1 9 12 1 10 12 1 10 12 1 10 12 1 9 12 1 10 12 1 1 9 100 12 1 1 10 12 1 4 4 10 12 1 1 10 12 1 10 12 10 12 1 10 12 1 9 12 1 4 10 12 1 1 9 12 1 9 12 1 1 9 100 1 9 12 1 1 10 12 1 1 9 12 1 10 12 1 9 12 1 1 8 1 10 100 12 1 1 8 1 18 12 1 10 12 1 1 18 12 1 1 8 1 18 10 100 12 1 1 1 10 12 1 9 12 1 1 10 100 1 10 12 1 10 12 100 1 1 1 1 1 1 1 1 1 1 1 1 1 1 1 1 1 1 1 1 1 1 1 1 1 1 1 1 1 1 1 1 1 1 1 1 1 1 1 1 1 1 1 1 1 1 1 1 1 1 1 1 1 1 1 1 1 1 1 1 1 1 1 1 1 1 1 1 1 1 1 1 1 1 1 1 1 1 1 1 1 1 1 1 1 1 1 1 1 1 1 1 1 1 1 1 1 1 1 1 1 1 1 1 1 1 1 1 1 1 1 1 1 1 1 1 1 1 1 1 1 1 1 1 1 100 1 1 1 1 1 1 1 1 15 10 7 12 1 1 1 16 15 10 12 15 10 12 15 10 12 16 15 10 12 16 15 10 12 16 15 10 12 16 15 10 12 16 16 15 16 15 10 12 16 15 10 12 15 10 12 15 10 12 15 10 12 16 15 10 12 15 10 12 15 10 12 15 10 12 16 1 15 10 100 12 1 1 16 1 15 10 100 12 1 1 8 1 8 1 1 1 1 1 100 1 1 100 1 1 1 1 1 100 1 100 1 1
ciInstanceKlass mindustry/world/blocks/payloads/Payload 1 1 196 100 1 11 7 12 1 1 1 4 11 12 1 11 12 1 10 100 12 1 1 1 11 12 1 1 10 100 12 1 1 10 12 1 1 9 12 1 1 10 12 1 1 10 100 12 1 1 1 100 1 9 100 12 1 1 1 10 12 1 1 9 12 1 1 10 100 12 1 1 1 9 12 1 1 9 12 1 10 100 12 1 1 1 100 1 18 12 1 1 10 12 1 11 100 12 1 1 1 100 1 10 12 1 1 100 1 10 12 1 100 1 18 10 100 1 100 1 1 1 1 3 1 3 1 1 1 1 1 1 1 1 1 1 1 1 1 1 1 1 1 1 1 1 1 1 1 1 1 1 1 1 1 1 1 1 1 1 1 1 1 1 1 1 1 1 1 1 1 1 1 1 1 1 1 1 1 1 1 1 15 10 100 12 1 1 8 1 8 1 1 100 1 100 1 1
ciInstanceKlass mindustry/gen/Legsc 1 0 1026 100 1 100 1 100 1 100 1 100 1 100 1 100 1 100 1 100 1 100 1 100 1 100 1 100 1 100 1 100 1 100 1 100 1 100 1 100 1 1 1 1 1 1 1 1 1 1 1 1 1 1 1 1 1 1 1 1 1 1 1 1 1 1 1 1 1 1 1 1 100 1 100 1 1 1 100 1 8 1 1 12 10 1 1 1 8 1 1 1 8 1 1 1 8 1 1 8 1 1 8 1 1 1 8 1 1 8 1 1 1 8 1 1 1 8 1 1 8 1 1 8 1 1 8 1 1 1 8 1 1 8 1 1 8 1 1 8 1 1 1 8 1 1 8 1 1 1 8 1 1 8 1 1 1 8 1 1 8 1 1 8 1 1 8 1 1 8 1 1 1 8 1 1 8 1 1 1 8 1 1 1 8 1 1 1 8 1 1 1 8 1 1 8 1 1 8 1 1 8 1 1 8 1 1 8 1 1 8 1 1 8 1 1 8 1 8 1 1 1 8 1 8 1 1 8 1 8 1 1 1 8 1 1 8 1 8 1 1 8 1 1 8 1 1 1 8 1 1 1 8 1 1 1 8 1 1 8 1 1 8 1 8 1 1 1 8 1 1 8 1 1 1 8 1 1 8 1 1 8 1 1 8 1 8 1 1 8 1 8 1 1 8 1 8 1 1 8 1 8 1 1 8 1 8 1 1 8 1 8 1 1 8 1 1 8 1 1 8 1 1 8 1 1 8 1 8 1 1 8 1 8 1 1 1 8 1 1 1 8 1 1 1 8 1 1 8 1 1 8 1 1 1 8 1 1 8 1 1 8 1 1 8 1 1 8 1 1 8 1 1 1 8 1 1 8 1 1 1 8 1 1 1 8 1 1 8 1 1 8 1 1 8 1 1 8 1 1 8 1 1 8 1 8 1 1 8 1 1 8 1 8 1 1 8 1 8 1 1 8 1 1 8 1 1 8 1 1 8 1 8 1 1 8 1 8 1 1 1 8 1 8 1 1 8 1 8 1 1 8 1 1 8 1 1 8 1 1 8 1 1 8 1 1 8 1 1 8 1 1 8 1 8 1 1 1 8 1 1 8 1 8 1 1 8 1 8 1 1 8 1 8 1 1 8 1 8 1 1 8 1 1 1 8 1 1 1 8 1 1 8 1 1 8 1 1 1 8 1 1 8 1 1 1 8 1 1 8 1 1 1 8 1 1 8 1 1 8 1 8 1 1 8 1 1 1 8 1 1 1 8 1 1 1 8 1 1 8 1 1 8 1 1 8 1 1 1 8 1 8 1 1 8 1 8 1 1 1 8 1 1 8 1 1 1 8 1 1 8 1 8 1 1 8 1 1 8 1 1 8 1 1 1 8 1 1 8 1 1 8 1 1 8 1 1 8 1 8 1 1 8 1 1 8 1 8 1 1 1 8 1 8 1 1 8 1 1 1 8 1 1 8 1 1 8 1 8 1 1 8 1 8 1 1 8 1 8 1 1 8 1 8 1 1 8 1 1 8 1 1 8 1 1 8 1 1 1 8 1 1 8 1 1 8 1 1 8 1 1 1 8 1 1 8 1 1 8 1 8 1 1 8 1 1 8 1 1 8 1 1 1 8 1 1 8 1 1 8 1 1 8 1 1 8 1 1 8 1 1 1 8 1 1 8 1 1 1 8 1 1 1 8 1 1 8 1 1 1 8 1 1 1 8 1 1 8 1 1 8 1 1 8 1 8 1 1 8 1 1 8 1 1 1 8 1 1 8 1 1 1 8 1 1 8 1 1 8 1 1 8 1 1 8 1 8 1 1 8 1 8 1 1 8 1 8 1 1 8 1 1 8 1 1 8 1 1 1 8 1 1 8 1 1 1 8 1 1 8 1 1 8 1 1 8 1 1 8 1 1 8 1 1 1 8 1 1 8 1 1 8 1 1 8 1 1 8 1 1 8 1 1 1 8 1 1 8 1 1 8 1 1 1 8 1 1 8 1 8 1 8 1 1 8 1 1 8 1 8 1 1 8 1 8 1 1 8 1 1 1 8 1 1 8 1 1 8 1 1 8 1 1 8 1 1 1 8 1 1 8 1 1 8 1 1 8 1 1 8 1 1 8 1 1 8 1 1 8 1 8 1 1 8 1 8 1 1 8 1 8 1 1 8 1 1 8 1 1 8 1 1 8 1 1 8 1 1 8 1 8 1 1 1 8 1 8 1 1 8 1 1 8 1 1 8 1 1 8 1 1 1 8 1 1 8 1 1 8 1 8 1 1 8 1 8 1 1 8 1 8 1 1 8 1 8 1 1 8 1 8 1 1 8 1 1 8 1
ciInstanceKlass mindustry/gen/UnitEntityLegacyGamma 1 1 329 10 7 12 1 1 1 10 100 12 1 1 1 10 12 1 1 9 100 12 1 1 1 10 100 12 1 1 1 9 12 1 1 10 12 1 1 9 12 1 1 9 12 1 10 12 1 1 9 12 1 1 10 12 1 1 9 12 1 1 9 12 1 1 10 12 1 1 10 12 1 1 9 12 1 1 9 12 1 9 12 1 9 12 1 9 12 1 1 10 12 1 1 10 12 1 1 9 12 1 1 10 100 12 1 1 1 10 12 1 1 10 12 1 1 10 12 1 1 9 12 1 1 9 100 12 1 1 1 9 100 12 1 1 1 10 100 12 1 1 1 100 1 9 12 1 1 9 12 1 9 12 1 9 12 1 9 12 1 1 10 12 1 1 9 12 1 1 10 12 1 1 100 1 18 12 1 1 10 12 1 10 12 1 10 100 12 1 1 10 12 1 1 10 12 1 1 10 12 1 10 12 1 10 12 1 10 12 1 1 10 12 1 1 9 100 12 1 1 1 10 12 10 12 1 1 100 1 10 12 1 1 10 12 1 1 9 10 100 1 10 12 1 1 10 12 1 1 9 12 1 1 10 12 1 1 10 100 1 100 1 100 1 100 1 100 1 100 1 100 1 100 1 100 1 100 1 100 1 100 1 100 1 100 1 100 1 100 1 100 1 1 1 1 1 1 1 1 1 1 1 1 1 1 1 1 1 1 1 1 1 1 1 1 1 15 10 100 12 1 1 8 1 1 100 1 100 1 1
ciInstanceKlass mindustry/gen/Crawlc 1 0 1016 100 1 100 1 100 1 100 1 100 1 100 1 100 1 100 1 100 1 100 1 100 1 100 1 100 1 100 1 100 1 100 1 100 1 100 1 100 1 1 1 1 1 1 1 1 1 1 1 1 1 1 1 1 1 1 1 100 1 100 1 1 1 100 1 8 1 1 12 10 1 1 1 8 1 1 1 8 1 1 1 8 1 1 8 1 1 8 1 1 1 8 1 1 8 1 1 1 8 1 1 1 8 1 1 8 1 1 8 1 1 8 1 1 1 8 1 1 8 1 1 8 1 1 8 1 1 1 8 1 1 8 1 1 1 8 1 1 8 1 1 1 8 1 1 8 1 1 8 1 1 8 1 1 8 1 1 1 8 1 1 8 1 1 1 8 1 1 1 8 1 1 1 8 1 1 1 8 1 1 8 1 1 8 1 1 8 1 1 8 1 1 8 1 1 8 1 1 8 1 1 8 1 8 1 1 1 8 1 8 1 1 8 1 8 1 1 1 8 1 1 8 1 8 1 1 8 1 1 8 1 1 1 8 1 1 1 8 1 1 1 8 1 1 8 1 1 8 1 8 1 1 1 8 1 1 8 1 1 1 8 1 1 8 1 1 8 1 1 8 1 8 1 1 8 1 8 1 1 8 1 8 1 1 8 1 8 1 1 8 1 8 1 1 8 1 8 1 1 8 1 1 8 1 1 8 1 1 8 1 1 8 1 8 1 1 8 1 8 1 1 1 8 1 1 1 8 1 1 1 8 1 1 8 1 1 8 1 1 1 8 1 1 8 1 1 8 1 1 8 1 1 8 1 1 8 1 1 1 8 1 1 8 1 1 1 8 1 1 1 8 1 1 8 1 1 8 1 1 8 1 1 8 1 1 8 1 1 8 1 8 1 1 8 1 1 8 1 8 1 1 8 1 8 1 1 8 1 1 8 1 1 8 1 1 8 1 8 1 1 8 1 8 1 1 1 8 1 8 1 1 8 1 8 1 1 8 1 1 8 1 1 8 1 1 8 1 1 8 1 1 8 1 1 8 1 1 8 1 8 1 1 1 8 1 1 8 1 8 1 1 8 1 8 1 1 8 1 8 1 1 8 1 8 1 1 8 1 1 1 8 1 1 1 8 1 1 8 1 1 8 1 1 1 8 1 1 8 1 1 1 8 1 1 8 1 1 1 8 1 1 8 1 1 8 1 8 1 1 8 1 1 1 8 1 1 1 8 1 1 1 8 1 1 8 1 1 8 1 1 8 1 1 1 8 1 8 1 1 8 1 8 1 1 1 8 1 1 8 1 1 1 8 1 1 8 1 8 1 1 8 1 1 8 1 1 8 1 1 1 8 1 1 8 1 1 8 1 1 8 1 1 8 1 8 1 1 8 1 1 8 1 8 1 1 1 8 1 8 1 1 8 1 1 1 8 1 1 8 1 1 8 1 8 1 1 8 1 8 1 1 8 1 8 1 1 8 1 8 1 1 8 1 1 8 1 1 8 1 1 8 1 1 1 8 1 1 8 1 1 8 1 1 8 1 1 1 8 1 1 8 1 1 8 1 8 1 1 8 1 1 8 1 1 8 1 1 1 8 1 1 8 1 1 8 1 1 8 1 1 8 1 1 8 1 1 8 1 1 1 8 1 1 8 1 1 1 8 1 1 1 8 1 1 8 1 1 1 8 1 1 1 8 1 1 8 1 1 8 1 1 8 1 8 1 1 8 1 1 8 1 1 1 8 1 1 8 1 1 1 8 1 1 8 1 1 8 1 1 8 1 1 8 1 8 1 1 8 1 8 1 1 8 1 8 1 1 8 1 1 8 1 1 8 1 1 1 8 1 1 8 1 1 1 8 1 1 8 1 1 8 1 1 8 1 1 8 1 1 8 1 1 1 8 1 1 8 1 1 8 1 1 8 1 1 8 1 1 8 1 1 1 8 1 1 8 1 1 8 1 1 1 8 1 1 8 1 8 1 8 1 1 8 1 1 8 1 8 1 1 8 1 8 1 1 8 1 1 1 8 1 1 8 1 1 8 1 1 8 1 1 8 1 1 1 8 1 1 8 1 1 8 1 1 8 1 1 8 1 1 8 1 1 8 1 8 1 1 8 1 8 1 1 8 1 8 1 1 8 1 1 8 1 1 8 1 1 8 1 1 8 1 1 8 1 1 8 1 8 1 1 1 8 1 8 1 1 8 1 1 8 1 1 8 1 1 8 1 1 1 8 1 1 8 1 1 8 1 8 1 1 8 1 8 1 1 8 1 8 1 1 8 1 8 1 1 8 1 8 1 1 8 1 1 8 1
ciInstanceKlass mindustry/gen/Mechc 1 0 1014 100 1 100 1 100 1 100 1 100 1 100 1 100 1 100 1 100 1 100 1 100 1 100 1 100 1 100 1 100 1 100 1 100 1 100 1 100 1 100 1 1 1 1 1 1 1 1 1 1 1 1 1 1 1 1 1 1 1 1 100 1 8 1 1 12 10 1 1 1 8 1 1 1 8 1 1 1 8 1 1 8 1 1 8 1 1 1 8 1 1 8 1 1 1 8 1 1 1 8 1 1 8 1 1 8 1 1 8 1 1 1 8 1 1 8 1 1 8 1 1 8 1 1 1 8 1 1 8 1 1 1 8 1 1 8 1 1 1 8 1 1 8 1 1 8 1 1 8 1 1 8 1 1 8 1 1 1 8 1 1 8 1 1 1 8 1 1 1 8 1 1 1 8 1 1 1 8 1 1 8 1 1 8 1 1 8 1 1 8 1 1 8 1 1 8 1 1 8 1 1 8 1 8 1 1 1 8 1 8 1 1 8 1 8 1 1 1 8 1 1 8 1 8 1 1 8 1 1 8 1 1 1 8 1 1 1 8 1 1 1 8 1 1 8 1 1 8 1 8 1 1 1 8 1 1 8 1 1 1 8 1 1 8 1 1 8 1 1 8 1 8 1 1 8 1 8 1 1 8 1 8 1 1 8 1 8 1 1 8 1 8 1 1 8 1 8 1 1 8 1 1 8 1 1 8 1 1 8 1 1 8 1 8 1 1 8 1 8 1 1 1 8 1 1 1 8 1 1 1 8 1 1 8 1 1 8 1 1 1 8 1 1 8 1 1 8 1 1 8 1 1 8 1 1 8 1 1 1 8 1 1 8 1 1 1 8 1 1 1 8 1 1 8 1 1 8 1 1 8 1 1 8 1 1 1 8 1 1 1 8 1 1 8 1 1 1 8 1 1 8 1 1 1 8 1 1 8 1 1 8 1 8 1 1 8 1 1 1 8 1 1 1 8 1 1 1 8 1 1 8 1 1 8 1 8 1 1 1 8 1 1 8 1 8 1 1 8 1 8 1 1 8 1 8 1 1 8 1 8 1 1 8 1 1 1 8 1 1 8 1 1 8 1 1 1 8 1 1 8 1 1 1 8 1 8 1 1 8 1 1 8 1 8 1 1 1 8 1 8 1 1 8 1 1 1 8 1 1 8 1 1 8 1 8 1 1 8 1 1 8 1 8 1 1 8 1 1 8 1 8 1 1 8 1 8 1 1 8 1 1 8 1 1 8 1 1 8 1 8 1 1 8 1 8 1 1 1 8 1 8 1 1 8 1 8 1 1 8 1 1 8 1 1 8 1 1 8 1 1 8 1 1 8 1 1 8 1 1 8 1 1 1 8 1 8 1 1 8 1 8 1 1 1 8 1 1 8 1 1 1 8 1 1 8 1 8 1 1 8 1 1 8 1 8 1 1 1 8 1 1 8 1 1 8 1 1 8 1 1 8 1 8 1 1 8 1 8 1 1 8 1 8 1 1 8 1 1 8 1 1 8 1 1 8 1 1 1 8 1 1 8 1 1 8 1 1 8 1 1 1 8 1 1 8 1 1 8 1 8 1 1 8 1 1 8 1 1 8 1 1 1 8 1 1 8 1 1 8 1 8 1 1 8 1 8 1 1 8 1 1 8 1 1 8 1 1 8 1 8 1 1 8 1 8 1 1 1 8 1 1 8 1 1 8 1 1 8 1 1 1 8 1 1 8 1 1 1 8 1 1 1 8 1 1 8 1 1 8 1 1 1 8 1 1 8 1 1 1 8 1 8 1 1 8 1 1 8 1 1 8 1 1 8 1 1 8 1 1 1 8 1 1 8 1 1 1 8 1 1 1 8 1 1 1 8 1 1 8 1 1 8 1 1 8 1 8 1 1 8 1 1 8 1 1 8 1 1 8 1 1 8 1 8 1 1 8 1 8 1 1 8 1 8 1 1 8 1 1 8 1 1 8 1 1 1 8 1 1 8 1 1 1 8 1 1 8 1 1 8 1 1 8 1 1 8 1 1 8 1 1 1 8 1 1 8 1 1 8 1 1 8 1 1 8 1 1 8 1 1 1 8 1 1 8 1 1 8 1 1 1 8 1 1 8 1 8 1 8 1 1 8 1 8 1 1 8 1 8 1 1 8 1 1 1 8 1 1 8 1 1 8 1 1 8 1 1 8 1 1 8 1 1 8 1 1 8 1 1 8 1 8 1 1 8 1 8 1 1 8 1 8 1 1 8 1 1 8 1 1 8 1 1 8 1 1 8 1 1 8 1 8 1 1 8 1 1 8 1 1 8 1 1 8
ciInstanceKlass mindustry/gen/Payloadc 1 0 1035 100 1 100 1 100 1 100 1 100 1 100 1 100 1 100 1 100 1 100 1 100 1 100 1 100 1 100 1 100 1 100 1 100 1 100 1 100 1 1 1 1 1 1 1 1 1 1 1 1 1 1 1 1 1 1 1 1 1 1 1 1 1 1 1 1 1 1 1 1 1 1 1 1 1 100 1 8 1 1 12 10 1 1 1 8 1 1 1 8 1 1 1 8 1 1 8 1 1 8 1 1 1 8 1 1 8 1 1 1 8 1 1 1 8 1 1 8 1 1 8 1 1 8 1 1 1 8 1 1 8 1 1 8 1 1 8 1 1 1 8 1 1 8 1 1 1 8 1 1 8 1 1 1 8 1 1 8 1 1 8 1 1 8 1 1 8 1 1 1 8 1 1 8 1 1 1 8 1 1 1 8 1 1 1 8 1 1 1 8 1 1 8 1 1 8 1 1 8 1 1 8 1 1 8 1 1 8 1 1 8 1 1 8 1 8 1 1 1 8 1 8 1 1 8 1 8 1 1 1 8 1 1 8 1 8 1 1 8 1 1 8 1 1 1 8 1 1 1 8 1 1 1 8 1 1 8 1 1 8 1 8 1 1 1 8 1 1 8 1 1 1 8 1 1 8 1 1 8 1 1 8 1 8 1 1 8 1 8 1 1 8 1 8 1 1 8 1 8 1 1 8 1 8 1 1 8 1 8 1 1 8 1 1 8 1 1 8 1 1 8 1 1 8 1 8 1 1 8 1 8 1 1 1 8 1 1 1 8 1 1 1 8 1 1 8 1 1 8 1 1 1 8 1 1 8 1 1 8 1 1 8 1 1 8 1 1 8 1 1 1 8 1 1 8 1 1 1 8 1 1 1 8 1 1 8 1 1 8 1 1 8 1 1 8 1 1 8 1 1 8 1 8 1 1 8 1 1 8 1 8 1 1 8 1 8 1 1 8 1 1 8 1 1 8 1 1 8 1 8 1 1 8 1 8 1 1 1 8 1 8 1 1 8 1 8 1 1 8 1 1 8 1 1 8 1 1 8 1 1 8 1 1 8 1 1 8 1 1 8 1 8 1 1 1 8 1 1 8 1 8 1 1 8 1 8 1 1 8 1 8 1 1 8 1 8 1 1 8 1 1 1 8 1 1 1 8 1 1 8 1 1 8 1 1 1 8 1 1 8 1 1 1 8 1 1 8 1 1 1 8 1 1 8 1 1 8 1 8 1 1 8 1 1 1 8 1 1 1 8 1 1 1 8 1 1 8 1 1 8 1 1 8 1 1 1 8 1 8 1 1 8 1 8 1 1 1 8 1 1 8 1 1 1 8 1 1 8 1 8 1 1 8 1 1 8 1 1 8 1 1 1 8 1 1 8 1 1 8 1 1 8 1 1 8 1 8 1 1 8 1 1 8 1 8 1 1 1 8 1 8 1 1 1 8 1 1 8 1 1 1 8 1 1 8 1 1 8 1 8 1 1 8 1 8 1 1 8 1 8 1 1 8 1 8 1 1 8 1 1 8 1 1 8 1 1 8 1 1 1 8 1 1 8 1 1 8 1 1 8 1 1 1 8 1 1 8 1 1 8 1 8 1 1 8 1 1 8 1 1 8 1 1 1 8 1 1 8 1 1 8 1 1 8 1 1 8 1 1 8 1 1 1 8 1 1 8 1 1 1 8 1 1 1 8 1 1 8 1 1 1 8 1 1 1 8 1 1 8 1 1 8 1 1 8 1 8 1 1 8 1 1 8 1 1 1 8 1 1 8 1 1 1 8 1 1 8 1 1 8 1 1 8 1 1 8 1 8 1 1 8 1 8 1 1 8 1 8 1 1 8 1 1 8 1 1 8 1 1 1 8 1 1 8 1 1 1 8 1 1 8 1 1 8 1 1 8 1 1 8 1 1 8 1 1 1 8 1 1 8 1 1 8 1 1 8 1 1 8 1 1 8 1 1 1 8 1 1 8 1 1 8 1 1 1 8 1 1 8 1 8 1 8 1 1 8 1 1 8 1 8 1 1 8 1 8 1 1 8 1 1 1 8 1 1 8 1 1 8 1 1 8 1 1 8 1 1 1 8 1 1 8 1 1 8 1 1 8 1 1 8 1 1 8 1 1 8 1 1 8 1 8 1 1 8 1 8 1 1 8 1 8 1 1 8 1 1 8 1 1 8 1 1 8 1 1 8 1 1 8 1 1 8 1 8 1 1 1 8 1 8 1 1 8 1 1 8 1 1 8 1 1 8 1 1 8 1 1 1 8 1 1 8 1 1 8 1 8 1 1 8 1 8 1 1 8 1 8 1 1 8 1 8 1 1 8 1 8 1 1 8 1 1 8 1
instanceKlass mindustry/gen/PayloadUnitLegacyQuad
instanceKlass mindustry/gen/PayloadUnitLegacyOct
ciInstanceKlass mindustry/gen/PayloadUnit 1 1 3352 7 1 100 1 10 7 12 1 1 1 7 1 9 12 1 1 9 7 12 1 1 1 10 7 12 1 1 1 9 7 12 1 1 1 10 12 1 9 7 12 1 1 1 10 9 12 1 1 4 10 7 12 1 1 1 9 12 1 1 10 9 12 1 9 12 1 1 9 12 1 9 12 1 10 7 12 1 1 1 10 12 1 1 9 12 1 1 7 1 10 12 1 1 10 12 1 1 7 1 9 12 1 9 7 12 1 1 1 9 12 1 1 9 7 1 10 12 1 1 7 1 9 12 1 1 9 7 12 1 1 1 10 7 12 1 1 1 9 7 12 1 1 1 10 12 1 1 9 12 1 10 12 1 10 12 1 1 10 12 1 1 10 12 1 1 9 12 1 1 9 7 12 1 1 1 9 12 1 1 10 100 12 1 1 1 10 12 1 10 7 12 1 1 1 9 12 1 10 100 12 1 1 1 10 12 1 1 10 100 12 1 1 1 10 12 1 9 12 1 9 12 1 9 12 1 10 12 1 1 9 12 1 1 9 12 1 1 10 12 1 1 10 12 1 1 10 12 1 1 10 12 1 1 10 12 1 1 10 12 1 1 9 12 1 9 12 1 9 12 1 9 12 1 1 10 12 1 1 10 12 1 1 10 12 1 1 9 12 1 10 12 1 1 10 12 1 1 9 12 1 1 9 12 1 9 12 1 1 10 12 1 1 9 12 1 1 10 12 1 1 100 1 18 12 1 1 10 12 1 10 12 1 10 100 12 1 10 12 1 1 10 12 1 1 10 12 1 10 12 1 10 12 1 10 12 1 1 10 12 1 1 10 12 10 12 1 1 100 1 10 12 1 1 10 10 12 1 1 10 12 1 1 100 1 10 12 1 1 10 12 1 1 9 12 1 1 10 12 1 1 9 7 12 1 1 1 9 100 12 1 1 10 12 1 1 10 12 1 1 11 7 12 1 1 11 12 1 9 12 1 9 12 1 1 9 100 12 1 1 9 12 1 9 12 1 9 12 1 10 12 1 9 12 1 1 10 12 1 9 7 12 1 1 1 9 12 1 10 12 1 10 12 1 10 12 1 1 10 12 1 9 12 1 1 9 7 12 1 1 7 1 4 9 12 1 10 12 1 1 100 1 9 12 1 9 12 1 10 12 1 10 12 1 10 12 1 1 9 12 1 9 10 12 1 1 100 1 9 9 12 9 7 12 1 1 10 12 1 1 10 12 1 1 9 12 10 7 12 1 1 1 100 1 9 12 1 9 12 1 9 7 1 9 10 12 1 1 10 12 1 18 12 1 10 7 12 1 1 1 10 12 1 9 12 1 10 12 1 10 18 12 1 9 12 1 10 12 1 10 12 1 1 9 12 1 9 100 12 1 1 10 12 1 1 11 100 12 1 1 10 12 1 10 12 1 10 10 12 1 9 9 12 1 4 10 12 1 9 12 1 9 12 1 9 10 12 1 9 9 12 1 11 12 9 12 1 9 12 1 10 12 1 9 12 1 9 12 1 10 12 1 1 10 12 1 9 100 12 1 1 10 12 1 9 12 1 9 12 1 10 12 1 1 100 1 10 12 1 10 100 12 1 1 1 10 12 1 9 100 12 1 1 1 10 100 12 1 1 1 9 12 1 10 12 1 10 12 1 10 12 1 9 12 1 1 10 100 12 1 1 10 12 1 1 10 12 1 10 12 1 1 18 9 12 1 1 10 7 12 1 1 10 12 1 10 12 10 7 12 1 1 9 12 10 12 1 10 12 1 1 10 7 12 1 1 1 10 12 10 12 1 10 4 9 7 12 1 1 4 9 12 1 9 12 1 4 4 10 12 1 10 12 1 10 12 1 9 10 12 1 10 12 1 10 12 1 9 12 1 9 4 9 12 1 1 10 100 12 1 1 1 9 100 12 1 1 1 9 100 12 1 9 12 9 12 1 7 1 9 12 1 9 100 12 1 1 10 12 1 1 9 12 1 4 9 12 1 1 10 100 12 1 1 1 9 12 1 1 7 1 11 12 1 100 1 9 12 1 9 12 1 1 10 100 12 1 1 9 12 1 1 9 9 12 1 1 10 100 12 1 1 11 100 12 1 1 11 10 12 1 10 12 10 12 1 1 9 12 1 10 10 12 1 10 12 1 4 10 12 1 1 10 12 9 12 1 9 12 1 9 9 12 1 10 12 1 10 12 1 9 12 1 9 12 1 1 9 9 12 1 1 10 100 12 1 1 1 18 12 1 10 100 12 1 1 10 12 1 1 9 12 1 1 10 100 12 1 1 10 12 1 1 10 12 1 1 10 12 1 1 10 12 1 1 10 12 1 10 12 1 9 12 1 10 12 1 10 12 1 1 10 12 1 100 1 11 12 18 12 1 10 12 1 18 12 1 6 0 9 100 12 1 1 1 10 100 12 1 1 9 12 10 12 1 4 4 10 12 10 12 1 10 12 1 9 12 1 1 9 100 12 1 1 1 9 100 12 1 1 9 100 12 1 1 9 12 1 9 12 1 9 12 1 9 12 1 9 12 1 10 12 1 9 12 6 0 9 12 9 9 9 12 1 9 12 1 9 12 1 9 12 1 10 12 1 10 12 1 11 4 9 10 12 1 1 9 12 1 10 12 1 9 12 1 4 9 12 1 9 12 1 9 12 1 9 100 12 1 10 7 12 1 1 4 9 12 1 9 12 1 10 12 1 10 12 1 9 12 1 10 12 1 9 7 1 9 12 1 10 12 1 1 18 12 1 10 12 1 1 4 18 12 1 10 12 1 1 4 9 12 1 10 12 1 1 10 12 1 9 12 1 10 12 1 10 12 9 12 1 9 12 1 10 7 12 1 1 4 10 12 1 1 9 12 1 10 12 1 10 12 1 1 9 12 1 9 12 1 100 1 10 12 1 1 9 12 1 10 12 10 10 12 9 12 1 9 12 1 9 12 1 1 10 12 18 12 1 8 1 9 12 1 18 18 12 1 10 100 12 1 1 1 4 10 12 1 10 12 10 12 1 10 12 1 10 9 7 12 1 1 10 12 1 1 9 12 1 9 12 1 9 12 1 9 12 1 9 12 1 10 12 1 9 12 1 10 12 10 12 1 9 12 1 10 7 12 1 1 1 10 12 1 1 10 12 1 10 10 12 1 7 1 9 12 1 9 10 12 1 10 12 1 10 12 1 1 10 12 1 1 10 10 12 1 1 11 7 12 1 10 12 1 10 12 1 1 10 12 1 11 12 11 7 12 1 1 11 12 1 10 12 1 10 12 1 10 12 1 10 12 9 12 1 10 12 1 9 7 12 1 1 1 9 7 12 1 1 9 12 9 12 9 9 10 12 10 12 1 10 12 10 12 1 1 9 12 1 10 12 1 10 12 1 10 12 1 10 12 1 1 9 12 1 9 12 1 9 12 1 10 12 10 12 1 1 10 12 1 10 12 1 10 12 18 12 1 10 12 1 1 100 1 11 12 1 1 10 7 1 10 12 1 1 10 12 1 11 12 1 1 10 12 1 1 10 100 12 1 1 10 12 1 9 12 1 9 12 1 10 12 1 1 11 12 1 10 100 12 1 1 9 12 1 10 12 1 10 12 1 9 12 1 10 12 1 10 12 1 1 9 7 12 1 1 4 10 12 1 4 10 12 1 9 12 1 18 12 1 10 12 9 12 1 4 9 12 1 4 9 12 1 4 10 12 4 10 12 1 9 12 1 4 9 12 1 10 12 1 9 12 1 10 12 1 1 9 12 1 4 9 12 1 4 10 12 1 1 10 12 1 1 9 12 1 9 12 1 10 12 1 100 1 10 12 4 9 12 1 9 100 12 1 1 1 10 12 1 9 12 1 9 12 1 1 9 100 12 1 1 9 12 1 9 12 1 9 12 1 9 12 1 9 12 1 10 12 1 1 9 12 1 9 12 1 1 9 100 12 1 1 10 100 12 1 1 1 4 9 12 1 4 18 12 1 10 12 1 4 4 10 12 1 9 12 1 9 12 1 1 10 12 1 9 4 4 10 12 1 1 10 100 12 1 1 10 12 1 10 12 10 12 1 1 10 12 1 10 12 9 12 1 1 100 1 4 10 7 12 1 1 100 1 10 12 1 4 4 10 12 1 1 10 12 1 9 12 1 9 12 1 9 4 10 12 1 10 12 1 10 12 1 10 12 1 9 12 1 10 10 9 7 12 1 9 12 1 10 7 12 1 1 1 4 9 12 1 10 12 1 10 7 12 1 1 10 7 12 1 1 1 4 4 4 10 12 1 10 12 1 9 12 1 9 12 1 1 9 7 12 1 1 1 10 100 12 1 1 1 10 12 1 1 9 10 12 1 10 12 1 1 10 12 1 4 9 12 1 4 4 10 12 1 1 10 12 1 1 9 10 12 1 9 12 1 10 12 1 10 7 12 1 1 1 4 4 10 12 1 10 12 1 10 12 10 12 1 10 12 1 9 12 1 1 9 12 1 10 12 1 1 9 12 1 9 12 1 10 12 1 9 12 1 9 12 1 9 12 1 9 12 1 10 12 1 10 12 1 9 12 1 9 12 1 9 12 1 10 12 1 10 12 9 12 1 10 12 10 12 1 10 12 9 12 1 1 10 100 12 1 1 10 12 1 1 9 12 1 10 12 1 9 12 1 10 12 10 12 1 10 12 10 12 1 10 12 1 10 12 1 9 12 10 10 12 1 10 12 1 10 12 1 1 9 12 1 9 12 1 100 1 10 10 10 10 4 9 12 1 9 12 10 12 1 9 12 1 10 12 1 1 10 12 1 10 12 1 1 10 12 1 10 12 1 10 12 1 10 12 1 10 100 12 1 10 12 1 1 11 10 12 1 11 12 1 9 12 1 1 10 100 12 1 9 12 1 10 12 9 12 1 10 12 1 1 9 12 1 9 12 1 9 12 1 1 9 12 1 9 9 12 1 1 10 100 12 1 1 18 12 1 10 12 1 10 12 9 12 1 10 12 1 10 12 10 10 12 1 10 12 1 10 12 1 6 0 6 0 10 12 1 10 12 1 4 10 12 10 12 1 10 12 1 10 12 1 10 12 1 1 10 12 1 1 11 12 1 11 10 12 1 11 12 9 9 12 1 9 9 10 12 1 9 12 1 10 12 1 9 12 100 1 10 12 1 9 12 9 9 12 1 1 11 7 12 1 1 5 0 10 12 1 1 9 9 9 12 1 9 12 1 9 9 12 1 9 10 12 18 12 1 10 12 10 12 1 1 10 12 1 10 12 1 4 9 12 1 10 12 1 1 4 10 12 1 10 12 10 12 1 4 10 12 1 10 12 1 1 10 12 10 12 1 1 10 12 1 10 12 1 9 12 1 6 0 10 12 1 1 9 12 1 9 10 12 1 4 9 12 1 4 9 12 1 1 9 12 1 9 100 12 1 1 1 10 100 12 1 1 10 12 1 10 12 1 1 9 12 1 9 12 1 9 12 1 10 7 12 1 1 1 9 12 1 1 10 100 1 9 12 1 1 10 12 9 100 12 1 1 10 12 10 12 11 12 11 12 9 12 9 12 1 10 9 9 9 9 12 1 10 12 1 10 12 1 10 12 9 12 9 9 9 9 9 9 9 12 1 10 12 1 10 12 1 10 12 9 12 1 10 12 1 10 12 1 9 12 1 10 9 12 1 9 12 1 9 12 1 9 12 1 10 12 1 4 4 9 12 1 9 12 1 9 12 1 10 12 1 1 9 12 1 9 12 1 10 12 10 12 10 12 1 10 12 9 12 1 9 12 1 9 12 1 9 12 1 9 12 1 9 12 1 9 12 1 10 12 1 10 12 1 9 12 1 10 12 1 10 12 1 1 10 12 1 9 12 1 9 12 1 9 12 1 9 12 10 12 9 12 1 9 12 1 9 12 1 10 12 1 9 12 1 10 12 1 10 12 1 10 9 12 1 9 12 1 9 12 1 9 12 1 10 12 9 9 9 12 1 10 12 1 9 12 1 9 12 1 1 10 7 12 1 1 10 12 1 10 12 4 10 12 6 0 10 12 1 9 12 1 10 12 6 0 9 12 1 9 12 1 10 12 9 12 1 9 12 1 10 12 1 10 12 1 10 12 1 9 12 1 10 12 1 10 12 1 10 12 1 11 12 1 11 12 1 10 12 1 10 12 1 10 12 1 10 12 1 9 12 1 9 12 1 10 12 9 12 1 4 10 12 1 9 12 1 10 12 1 9 12 1 10 10 12 1 10 12 1 1 10 12 1 9 12 1 4 9 12 1 10 12 10 12 1 10 12 1 10 12 1 9 12 1 10 12 1 1 10 12 1 1 10 9 12 1 9 12 1 9 12 1 18 12 1 9 9 12 1 10 12 1 1 10 12 1 1 10 12 1 1 9 12 1 9 7 1 10 12 1 9 12 1 10 12 10 12 1 1 10 12 1 1 10 12 1 9 12 1 10 12 9 12 1 1 9 9 12 1 6 0 9 12 1 4 100 1 10 9 12 1 9 12 1 10 10 9 10 12 1 10 12 1 10 12 1 11 4 10 12 1 10 12 1 10 12 1 1 10 12 1 1 9 100 1 9 12 1 10 12 1 10 12 10 12 1 100 1 11 12 1 10 4 10 100 1 100 1 100 1 100 1 100 1 100 1 100 1 100 1 100 1 100 1 100 1 100 1 100 1 100 1 100 1 100 1 1 1 1 1 1 1 1 1 1 1 1 1 1 1 1 1 1 1 1 1 1 1 1 1 1 1 1 1 1 1 1 1 1 1 1 1 1 1 1 1 1 1 1 1 1 1 1 1 1 1 1 1 1 1 1 1 1 1 1 1 1 1 1 1 1 1 1 1 1 1 1 1 1 1 1 1 1 1 1 1 100 1 1 1 1 1 1 1 1 1 1 1 1 1 1 1 1 1 1 1 1 1 1 1 1 1 1 1 1 1 1 1 1 1 1 1 1 1 100 1 1 1 1 1 1 1 1 1 1 1 1 1 1 100 1 1 1 1 1 1 1 1 1 1 1 1 1 1 1 1 1 1 1 1 1 1 1 1 1 1 1 100 1 1 1 1 1 1 1 1 100 1 1 1 1 1 1 1 1 1 1 1 1 1 1 1 1 1 1 1 1 1 1 1 1 1 1 1 1 1 1 1 1 1 1 1 1 1 1 1 1 1 1 1 1 1 1 1 1 1 1 1 1 1 1 1 1 1 1 1 1 1 1 1 1 1 1 1 1 1 1 1 1 1 1 1 1 1 1 1 1 1 1 1 1 1 1 1 1 1 1 1 1 1 1 1 1 1 1 1 1 1 1 1 1 1 1 1 1 1 1 1 1 1 1 1 1 1 1 1 1 1 1 1 1 15 10 100 12 1 1 8 1 15 10 7 12 1 1 1 16 15 10 12 16 15 10 12 15 10 12 15 10 12 16 1 15 10 12 16 15 10 12 15 10 12 16 16 1 15 10 12 16 8 1 15 10 12 16 15 10 16 16 15 10 12 16 15 11 12 1 16 15 10 12 16 15 10 12 16 15 10 12 15 10 12 1 100 1 1 1 1 100 1 1 1 1 1 1 1 1 1 1 100 1 100 1 1
staticfield mindustry/gen/PayloadUnit tmp1 Larc/math/geom/Vec2; arc/math/geom/Vec2
staticfield mindustry/gen/PayloadUnit tmp2 Larc/math/geom/Vec2; arc/math/geom/Vec2
instanceKlass mindustry/gen/MechUnitLegacyQuasar
instanceKlass mindustry/gen/MechUnitLegacyPulsar
instanceKlass mindustry/gen/MechUnitLegacyNova
ciInstanceKlass mindustry/gen/MechUnit 1 1 3206 7 1 100 1 10 7 12 1 1 1 7 1 9 12 1 1 9 7 12 1 1 1 10 7 12 1 1 1 9 7 12 1 1 1 10 12 1 9 7 12 1 1 1 4 10 7 12 1 1 1 9 12 1 1 10 9 12 1 1 9 12 1 1 9 12 1 9 12 1 10 7 12 1 1 1 10 12 1 1 9 12 1 1 7 1 10 12 1 1 10 12 1 1 7 1 9 12 1 9 7 12 1 1 1 9 12 1 1 9 7 1 10 12 1 1 100 1 9 12 1 1 9 7 12 1 1 1 10 7 12 1 1 1 9 7 12 1 1 1 10 12 1 1 9 12 1 10 12 1 10 12 1 1 10 12 1 1 9 12 1 4 10 12 1 9 100 12 1 1 1 9 100 12 1 9 12 10 12 1 1 10 7 12 1 1 10 12 1 1 9 12 1 1 9 7 12 1 1 1 9 12 1 1 10 100 12 1 1 1 10 12 1 10 7 12 1 1 1 9 12 1 9 12 1 9 12 1 9 12 1 10 100 12 1 1 1 10 12 1 1 10 100 12 1 1 1 10 12 1 9 12 1 9 12 1 9 12 1 9 12 1 1 10 12 1 1 9 12 1 9 12 1 9 12 1 9 12 1 1 10 12 1 1 10 12 1 1 10 12 1 1 10 12 1 1 10 12 1 1 10 12 1 1 9 12 1 10 12 1 1 10 12 1 1 9 12 1 1 10 12 1 1 9 12 1 1 10 12 1 1 9 12 1 9 12 1 1 10 12 1 1 9 12 1 1 10 12 1 1 100 1 18 12 1 1 10 12 1 10 12 1 10 100 12 1 10 12 1 1 10 12 1 10 12 1 1 10 12 1 10 12 1 10 12 1 1 10 12 1 1 10 12 10 12 1 1 10 12 1 1 10 12 1 1 10 100 1 10 12 1 1 10 12 1 1 9 12 1 1 10 12 1 1 9 100 12 1 1 1 9 100 12 1 1 10 12 1 1 10 12 1 1 11 7 12 1 1 11 12 1 9 12 1 9 12 1 1 9 100 12 1 1 9 12 1 9 12 1 9 12 1 10 12 1 9 12 1 1 10 12 1 9 7 12 1 1 1 9 12 1 10 12 1 10 12 1 10 12 1 1 10 12 1 9 12 1 1 9 7 12 1 1 7 1 4 9 12 1 10 12 1 1 100 1 9 12 1 9 12 1 10 12 1 9 12 10 12 1 10 12 1 18 12 1 10 7 12 1 1 1 9 12 1 10 12 1 10 12 1 1 9 12 1 9 100 12 1 1 10 12 1 1 11 7 12 1 1 1 10 12 1 10 12 1 10 12 1 9 12 1 9 12 1 10 12 1 9 12 1 9 12 1 10 12 1 1 10 12 1 9 100 12 1 1 10 12 1 9 12 1 4 9 12 1 9 10 12 1 10 12 1 10 12 1 9 12 1 4 9 12 1 1 10 100 12 1 1 1 9 12 1 7 1 9 12 1 9 7 12 1 1 10 12 1 1 9 12 1 4 9 12 1 1 10 100 12 1 1 1 9 12 1 1 7 1 11 12 1 100 1 9 12 1 9 12 1 1 10 100 12 1 1 9 12 1 1 9 12 9 12 1 1 10 100 12 1 1 11 100 12 1 1 11 10 12 1 10 12 10 12 1 1 9 12 1 10 12 1 10 12 1 10 12 1 4 10 7 12 1 1 1 10 12 1 1 10 12 9 12 1 9 12 9 100 12 1 1 9 9 12 1 10 12 1 10 12 1 9 12 1 9 12 1 1 9 9 12 1 1 10 100 12 1 1 1 18 12 1 10 100 12 1 1 10 12 1 1 10 12 1 1 10 12 1 10 12 1 9 12 1 10 12 1 10 12 1 1 10 12 1 100 1 11 12 1 10 12 1 18 12 1 10 12 1 18 12 1 6 0 9 100 12 1 1 1 10 100 12 1 1 9 12 10 12 1 9 4 4 9 10 12 10 12 1 10 12 1 9 12 1 1 9 100 12 1 1 1 9 100 12 1 1 9 100 12 1 1 9 12 1 9 12 1 9 12 1 9 12 1 9 12 1 10 12 1 9 12 6 0 9 12 9 9 9 12 1 9 12 1 9 12 1 9 12 1 10 12 1 10 12 1 11 12 1 4 9 12 1 9 10 12 1 1 9 12 1 10 12 1 9 12 1 4 9 12 1 9 12 1 9 12 1 9 100 12 1 10 7 12 1 1 1 4 9 12 1 9 12 1 10 12 1 10 12 1 9 12 1 10 12 1 9 9 12 1 10 12 1 1 18 12 1 10 12 1 1 4 4 9 12 1 10 12 1 1 10 12 1 9 12 1 10 12 1 10 12 9 12 1 9 12 1 10 100 12 1 1 4 10 12 1 1 9 12 1 10 12 1 9 12 1 4 4 10 12 1 1 9 12 1 9 12 1 100 1 10 12 1 1 10 7 12 1 1 1 10 12 1 1 9 12 1 10 12 10 12 1 100 1 9 12 1 9 100 1 10 10 12 1 9 12 1 9 12 1 9 12 1 9 12 1 1 10 12 18 12 1 8 1 10 12 1 18 12 9 12 1 18 12 1 18 12 1 10 100 12 1 1 1 4 10 12 1 10 12 10 12 1 10 12 1 10 9 7 12 1 1 10 7 12 1 1 1 9 12 1 9 12 1 9 12 1 9 12 1 9 12 1 10 12 1 10 12 1 1 9 12 1 10 12 10 12 1 9 12 1 10 100 12 1 1 1 10 12 1 1 10 12 1 10 10 12 1 10 12 1 100 1 9 12 1 9 10 12 1 1 10 12 1 10 12 1 1 10 12 1 1 10 10 12 1 1 11 7 12 1 10 12 1 10 12 1 1 10 12 1 11 12 11 100 12 1 1 11 12 1 10 12 1 1 9 12 1 10 12 1 10 12 1 10 12 9 12 1 10 12 1 1 9 7 12 1 1 1 9 7 12 1 1 9 12 9 12 9 9 10 12 1 10 12 1 10 12 10 12 1 1 9 12 1 10 12 1 10 12 1 10 12 1 10 12 1 1 9 12 1 9 12 1 9 12 1 9 12 1 10 12 10 12 1 1 10 12 1 10 12 1 10 12 18 12 1 10 12 1 1 100 1 11 12 1 1 9 12 1 9 12 1 10 12 1 1 11 12 1 10 100 12 1 1 9 12 1 10 12 1 10 12 1 9 12 1 10 12 1 10 12 1 1 9 7 12 1 1 4 10 12 1 4 10 12 1 10 12 9 12 1 4 9 12 1 4 9 12 1 4 10 12 4 10 12 1 9 12 1 4 9 12 1 10 12 1 9 12 1 1 10 12 1 1 10 7 12 1 1 1 9 12 1 9 12 1 4 10 12 1 1 10 12 1 1 9 12 1 1 9 12 1 10 7 12 1 1 100 1 10 12 10 100 12 1 1 4 9 12 1 9 100 12 1 1 1 10 12 1 9 12 1 9 12 1 1 9 100 12 1 1 9 12 1 9 12 1 9 12 1 9 12 1 9 12 1 10 12 1 1 9 12 1 9 12 1 1 9 100 12 1 1 10 100 12 1 1 1 4 9 12 1 4 18 12 1 10 12 1 4 4 10 12 1 9 12 1 9 12 1 1 10 12 1 9 10 12 1 4 10 12 1 1 10 7 12 1 1 10 12 1 10 12 10 12 1 1 10 12 1 10 12 9 12 1 1 100 1 4 10 100 12 1 1 100 1 10 12 1 4 4 10 12 1 1 10 12 1 9 12 1 9 12 1 9 4 10 12 1 10 12 1 10 12 1 10 12 1 9 9 12 1 10 12 1 10 12 1 9 100 12 1 9 12 1 10 100 12 1 1 1 4 9 12 1 10 12 1 10 100 12 1 1 10 100 12 1 1 1 4 4 4 4 10 12 1 10 12 1 9 12 1 9 12 1 1 9 7 12 1 1 1 10 100 12 1 1 1 10 12 1 1 9 12 10 100 12 1 1 1 10 12 1 1 10 12 1 4 9 12 1 4 4 10 12 1 1 10 12 1 1 9 12 1 1 9 10 100 12 1 1 10 12 1 9 12 1 10 12 1 10 7 12 1 1 1 4 4 10 12 1 10 12 1 10 12 10 12 1 10 12 1 9 12 1 1 9 12 1 10 12 1 1 9 12 1 9 12 1 10 12 1 9 12 1 9 12 1 9 12 1 9 12 1 9 12 1 9 12 1 9 12 1 1 10 7 12 1 1 10 12 1 10 12 1 9 12 1 9 12 1 9 12 1 10 12 1 10 12 9 12 1 10 12 10 12 1 10 12 9 12 1 1 10 7 12 1 1 10 12 1 1 10 12 9 12 1 10 12 1 9 12 1 10 12 10 12 1 10 12 10 12 1 10 12 1 4 9 12 1 9 12 10 12 1 9 100 12 1 1 10 12 1 1 10 12 1 10 12 1 1 10 12 1 10 12 1 10 12 1 10 12 1 10 100 12 1 10 12 1 1 10 12 1 11 12 1 9 12 1 1 10 100 12 1 9 12 1 10 12 9 12 1 10 12 1 1 9 12 1 9 12 1 9 12 1 1 9 12 1 9 9 12 1 1 10 100 12 1 1 18 12 1 10 12 1 10 12 9 12 1 10 12 1 10 12 10 12 1 10 12 1 10 12 1 6 0 6 0 10 12 1 10 12 1 4 10 12 10 12 1 10 12 1 10 12 1 10 12 1 1 10 12 1 1 11 12 1 1 10 12 1 11 12 1 1 10 12 1 11 12 10 10 12 1 9 9 12 1 9 9 10 12 1 9 12 1 10 12 1 9 12 100 1 10 12 1 9 12 9 9 12 1 1 11 7 12 1 1 5 0 10 12 1 1 9 9 9 12 1 9 12 1 9 9 12 1 9 10 12 18 12 1 10 12 10 12 1 1 10 12 1 10 12 1 4 9 12 1 10 12 1 1 4 10 12 1 10 12 1 10 12 1 10 12 1 9 12 1 10 12 10 12 1 1 10 10 12 1 4 10 12 10 12 9 12 1 10 12 9 12 1 10 12 1 9 12 1 9 12 1 4 10 12 9 12 1 10 12 1 10 12 10 12 1 4 10 12 1 10 12 1 1 10 12 1 1 10 12 1 10 12 1 9 12 1 6 0 10 12 1 1 9 12 1 9 10 12 1 4 9 12 1 4 9 12 1 1 9 12 1 9 100 12 1 1 1 10 100 12 1 1 10 12 1 10 12 1 1 9 12 1 9 12 1 9 12 1 10 7 12 1 1 1 9 12 9 12 1 10 9 9 9 9 12 1 10 12 1 10 12 1 10 12 9 12 9 9 9 9 9 9 9 12 1 10 12 1 10 12 1 10 12 9 12 1 10 12 1 10 12 1 9 12 1 10 12 1 9 12 1 9 12 1 9 12 1 9 12 1 10 12 1 4 4 9 12 1 9 12 1 9 12 1 10 12 1 1 9 12 1 9 12 1 10 12 10 12 10 12 1 10 12 9 12 1 9 12 1 9 12 1 9 12 1 9 12 1 9 12 1 10 12 9 12 1 10 12 1 9 12 1 4 10 12 1 10 12 1 1 10 12 1 9 12 1 9 12 1 9 12 1 9 7 12 1 9 12 1 9 12 1 9 12 1 10 12 1 9 12 1 10 12 1 10 12 1 10 9 12 1 9 12 1 9 12 1 9 12 1 10 12 9 9 9 12 1 10 12 1 9 12 1 9 12 1 1 10 7 12 1 1 10 12 1 10 12 4 10 12 6 0 10 12 1 9 12 1 10 12 6 0 9 12 1 9 12 1 10 12 9 12 1 9 12 1 10 12 1 10 12 1 10 12 1 9 12 1 10 12 1 10 12 1 10 12 1 11 12 1 11 12 1 10 12 1 10 12 1 10 12 1 10 12 1 9 12 1 9 12 1 10 12 9 12 1 4 10 12 1 9 12 1 10 12 1 9 12 1 10 10 12 1 10 12 1 1 10 12 1 9 12 1 4 9 12 1 10 12 10 12 1 10 12 1 10 12 1 9 12 1 10 12 1 1 10 12 1 1 10 9 12 1 9 12 1 9 12 1 18 12 1 9 9 12 1 10 12 1 1 10 12 1 1 10 12 1 1 9 12 1 9 12 100 1 10 12 1 9 12 1 10 12 10 12 1 1 10 12 1 1 10 12 1 9 12 1 9 12 1 1 9 9 12 1 6 0 9 12 1 4 100 1 10 9 12 1 9 12 1 10 10 9 9 10 12 1 10 12 1 10 12 1 11 4 10 12 1 10 12 1 10 12 1 1 10 12 1 1 9 100 1 9 12 1 10 12 1 10 12 10 12 1 100 1 11 12 1 9 10 10 100 1 100 1 100 1 100 1 100 1 100 1 100 1 100 1 100 1 100 1 100 1 100 1 100 1 100 1 100 1 100 1 100 1 100 1 1 1 1 1 1 1 1 1 1 1 1 1 1 1 1 1 1 1 1 1 100 1 1 1 1 1 1 1 1 1 1 1 1 1 1 1 1 1 1 1 1 1 1 1 1 1 1 1 1 1 1 1 1 1 1 1 1 1 1 1 1 1 1 1 1 1 1 1 1 1 1 1 1 1 1 1 1 1 1 1 1 1 1 1 1 1 1 1 1 1 1 1 1 1 1 1 1 1 1 1 1 1 1 100 1 1 1 1 1 1 1 1 1 1 1 1 1 1 1 100 1 1 1 1 1 1 1 1 1 1 1 1 1 1 1 1 1 1 1 1 1 1 1 100 1 1 1 1 1 1 1 1 1 1 1 1 100 1 1 1 1 1 1 1 1 1 1 1 1 1 1 1 1 1 1 1 1 1 1 1 1 1 1 1 1 1 1 1 1 1 1 1 1 1 1 1 1 1 1 1 1 1 1 1 1 1 1 1 1 1 1 1 1 1 1 1 1 1 1 1 1 1 1 1 1 1 1 1 1 1 1 1 1 1 1 1 1 1 1 1 1 1 1 1 1 1 1 1 1 1 1 1 1 1 1 1 1 1 1 1 1 1 1 1 1 1 1 1 1 1 1 1 1 1 1 1 1 1 1 1 1 1 1 1 15 10 100 12 1 1 8 1 15 10 7 12 1 1 1 16 15 10 12 16 15 10 12 16 1 15 10 12 16 1 15 10 12 15 10 12 16 8 1 16 15 10 15 10 12 16 15 10 16 16 15 10 12 16 15 10 12 16 15 10 12 16 15 10 12 15 10 12 1 100 1 1 1 1 1 1 1 100 1 1 1 1 1 100 1 100 1 1
staticfield mindustry/gen/MechUnit tmp1 Larc/math/geom/Vec2; arc/math/geom/Vec2
staticfield mindustry/gen/MechUnit tmp2 Larc/math/geom/Vec2; arc/math/geom/Vec2
ciInstanceKlass mindustry/gen/UnitEntityLegacyMono 1 1 329 10 7 12 1 1 1 10 100 12 1 1 1 10 12 1 1 9 100 12 1 1 1 10 100 12 1 1 1 10 12 1 1 9 12 1 1 9 12 1 9 12 1 1 10 12 1 1 9 12 1 1 9 12 1 1 10 12 1 1 9 12 1 9 12 1 9 12 1 9 12 1 1 10 12 1 1 10 12 1 1 9 12 1 1 10 100 12 1 1 1 10 12 1 1 10 12 1 1 10 12 1 1 9 12 1 1 9 100 12 1 1 1 9 100 12 1 1 1 10 100 12 1 1 1 100 1 9 12 1 1 9 12 1 9 12 1 10 12 1 1 9 12 1 1 10 12 1 1 9 12 1 1 9 12 1 9 12 1 1 10 12 1 1 9 12 1 1 10 12 1 1 100 1 18 12 1 1 10 12 1 10 12 1 10 100 12 1 1 10 12 1 1 10 12 1 1 10 12 1 10 12 1 10 12 1 10 12 1 1 10 12 1 1 9 100 12 1 1 1 10 12 10 12 1 1 100 1 10 12 1 1 10 12 1 1 9 10 100 1 10 12 1 1 10 12 1 1 9 12 1 1 10 12 1 1 10 100 1 100 1 100 1 100 1 100 1 100 1 100 1 100 1 100 1 100 1 100 1 100 1 100 1 100 1 100 1 100 1 100 1 1 1 1 1 1 1 1 1 1 1 1 1 1 1 1 1 1 1 1 1 1 1 1 1 15 10 100 12 1 1 8 1 1 100 1 100 1 1
ciInstanceKlass mindustry/gen/UnitEntityLegacyPoly 1 1 329 10 7 12 1 1 1 10 100 12 1 1 1 10 12 1 1 9 100 12 1 1 1 10 100 12 1 1 1 10 12 1 1 9 12 1 1 9 12 1 9 12 1 1 10 12 1 1 9 12 1 1 9 12 1 1 10 12 1 1 10 12 1 1 9 12 1 1 9 12 1 9 12 1 9 12 1 9 12 1 1 10 12 1 1 10 12 1 1 9 12 1 1 10 100 12 1 1 1 10 12 1 1 10 12 1 1 10 12 1 1 9 12 1 1 9 100 12 1 1 1 9 100 12 1 1 1 10 100 12 1 1 1 100 1 9 12 1 1 9 12 1 9 12 1 10 12 1 1 9 12 1 1 9 12 1 9 12 1 1 10 12 1 1 9 12 1 1 10 12 1 1 100 1 18 12 1 1 10 12 1 10 12 1 10 100 12 1 1 10 12 1 1 10 12 1 1 10 12 1 10 12 1 10 12 1 10 12 1 1 10 12 1 1 9 100 12 1 1 1 10 12 10 12 1 1 100 1 10 12 1 1 10 12 1 1 9 10 100 1 10 12 1 1 10 12 1 1 9 12 1 1 10 12 1 1 10 100 1 100 1 100 1 100 1 100 1 100 1 100 1 100 1 100 1 100 1 100 1 100 1 100 1 100 1 100 1 100 1 100 1 1 1 1 1 1 1 1 1 1 1 1 1 1 1 1 1 1 1 1 1 1 1 1 1 15 10 100 12 1 1 8 1 1 100 1 100 1 1
ciInstanceKlass mindustry/gen/Tankc 1 0 1015 100 1 100 1 100 1 100 1 100 1 100 1 100 1 100 1 100 1 100 1 100 1 100 1 100 1 100 1 100 1 100 1 100 1 100 1 100 1 100 1 1 1 1 1 1 1 1 1 1 1 1 1 1 1 1 1 1 1 1 1 100 1 8 1 1 12 10 1 1 1 8 1 1 1 8 1 1 1 8 1 1 8 1 1 8 1 1 1 8 1 1 8 1 1 1 8 1 1 1 8 1 1 8 1 1 8 1 1 8 1 1 1 8 1 1 8 1 1 8 1 1 8 1 1 1 8 1 1 8 1 1 1 8 1 1 8 1 1 1 8 1 1 8 1 1 8 1 1 8 1 1 8 1 1 8 1 1 1 8 1 1 8 1 1 1 8 1 1 1 8 1 1 1 8 1 1 1 8 1 1 8 1 1 8 1 1 8 1 1 8 1 1 8 1 1 8 1 1 8 1 1 8 1 8 1 1 1 8 1 8 1 1 8 1 8 1 1 1 8 1 1 8 1 8 1 1 8 1 1 8 1 1 1 8 1 1 1 8 1 1 1 8 1 1 8 1 1 8 1 8 1 1 1 8 1 1 8 1 1 1 8 1 1 8 1 1 8 1 1 8 1 8 1 1 8 1 8 1 1 8 1 8 1 1 8 1 8 1 1 8 1 8 1 1 8 1 8 1 1 8 1 1 8 1 1 8 1 1 8 1 1 8 1 8 1 1 8 1 8 1 1 1 8 1 1 1 8 1 1 1 8 1 1 8 1 1 8 1 1 1 8 1 1 8 1 1 8 1 1 8 1 1 8 1 1 8 1 1 1 8 1 1 8 1 1 1 8 1 1 1 8 1 1 8 1 1 8 1 1 8 1 1 8 1 1 1 8 1 1 1 8 1 1 8 1 1 1 8 1 1 8 1 1 1 8 1 1 8 1 1 8 1 8 1 1 8 1 1 1 8 1 1 1 8 1 1 1 8 1 1 8 1 1 8 1 8 1 1 1 8 1 1 8 1 8 1 1 8 1 8 1 1 8 1 8 1 1 8 1 8 1 1 8 1 1 1 8 1 1 8 1 1 8 1 1 1 8 1 1 8 1 1 1 8 1 8 1 1 8 1 1 8 1 8 1 1 1 8 1 8 1 1 8 1 1 1 8 1 1 8 1 1 8 1 8 1 1 8 1 1 8 1 8 1 1 8 1 1 8 1 8 1 1 8 1 8 1 1 8 1 1 8 1 1 8 1 1 8 1 8 1 1 8 1 8 1 1 1 8 1 8 1 1 8 1 8 1 1 8 1 1 8 1 1 8 1 1 8 1 1 8 1 1 8 1 1 8 1 1 8 1 1 1 8 1 8 1 1 8 1 8 1 1 1 8 1 1 8 1 1 1 8 1 1 8 1 8 1 1 8 1 1 8 1 8 1 1 1 8 1 1 8 1 1 8 1 1 8 1 1 8 1 8 1 1 8 1 8 1 1 8 1 8 1 1 8 1 1 8 1 1 8 1 1 8 1 1 1 8 1 1 8 1 1 8 1 1 8 1 1 1 8 1 1 8 1 1 8 1 8 1 1 8 1 1 8 1 1 8 1 1 1 8 1 1 8 1 1 8 1 8 1 1 8 1 8 1 1 8 1 1 8 1 1 8 1 1 8 1 8 1 1 8 1 8 1 1 1 8 1 1 8 1 1 8 1 1 8 1 1 1 8 1 1 8 1 1 1 8 1 1 1 8 1 1 8 1 1 8 1 1 1 8 1 1 8 1 1 1 8 1 8 1 1 8 1 1 8 1 1 8 1 1 8 1 1 8 1 1 1 8 1 1 8 1 1 1 8 1 1 1 8 1 1 1 8 1 1 8 1 1 8 1 1 8 1 8 1 1 8 1 1 8 1 1 8 1 1 8 1 1 8 1 8 1 1 8 1 8 1 1 8 1 8 1 1 8 1 1 8 1 1 8 1 1 1 8 1 1 8 1 1 1 8 1 1 8 1 1 8 1 1 8 1 1 8 1 1 8 1 1 1 8 1 1 8 1 1 8 1 1 8 1 1 8 1 1 8 1 1 1 8 1 1 8 1 1 8 1 1 1 8 1 1 8 1 8 1 8 1 1 8 1 8 1 1 8 1 8 1 1 8 1 1 1 8 1 1 8 1 1 8 1 1 8 1 1 8 1 1 8 1 1 8 1 1 8 1 8 1 1 8 1 8 1 1 8 1 8 1 1 8 1 1 8 1 1 8 1 1 8 1 1 8 1 1 8 1 1 8 1 8 1 1 8 1 1 8 1 1 8 1 1 8
instanceKlass mindustry/type/weapons/RepairBeamWeapon$HealBeamMount
ciInstanceKlass mindustry/entities/units/WeaponMount 1 1 68 10 7 12 1 1 1 9 7 12 1 1 1 9 12 1 9 12 1 9 12 1 1 9 12 1 1 9 7 12 1 1 9 12 1 1 1 1 1 1 1 1 1 1 1 1 1 1 1 1 1 1 1 1 1 1 1 1 1 1 1 1 1 1 1 1 1 1
ciInstanceKlass mindustry/entities/abilities/ShieldRegenFieldAbility 1 1 230 100 1 10 7 12 1 1 1 9 7 12 1 1 1 4 9 12 1 9 12 1 4 9 12 1 9 7 12 1 1 1 9 12 1 9 12 1 9 12 1 9 7 12 1 1 9 12 1 4 9 12 1 9 12 1 1 10 12 1 1 9 100 12 1 1 1 8 1 100 1 4 10 100 12 1 1 1 10 100 12 1 1 1 10 100 12 1 1 1 10 12 1 1 8 1 10 12 1 8 1 8 1 18 12 1 1 8 1 9 12 1 9 7 12 1 1 9 7 12 1 1 1 9 12 1 9 12 1 18 12 1 1 10 7 12 1 1 1 9 12 1 1 10 7 12 1 1 1 10 7 12 1 1 1 4 10 7 12 1 1 10 7 12 1 1 9 12 10 7 12 1 1 1 9 12 1 9 12 1 10 12 1 1 1 1 1 1 1 1 1 1 1 1 1 1 1 1 100 1 1 1 1 15 10 100 12 1 1 8 1 15 10 7 12 1 1 1 16 1 15 10 12 16 1 100 1 100 1 1
ciInstanceKlass mindustry/entities/abilities/RepairFieldAbility 1 1 247 100 1 10 7 12 1 1 1 9 7 12 1 1 1 4 9 12 1 4 9 12 1 9 12 1 9 7 12 1 1 1 9 12 1 9 12 1 9 12 1 9 7 12 1 1 1 9 12 1 4 9 12 1 9 12 1 1 9 12 1 9 12 1 10 12 1 1 9 100 12 1 1 1 8 1 100 1 4 10 100 12 1 1 1 10 100 12 1 1 1 10 100 12 1 1 1 10 12 1 1 8 1 10 12 1 8 1 8 1 18 12 1 1 8 1 18 12 1 8 1 8 1 8 1 18 9 12 1 9 7 12 1 1 9 100 12 1 1 1 9 12 1 9 12 1 18 12 1 1 10 100 12 1 1 1 10 100 12 1 1 1 4 10 100 12 1 1 10 100 12 1 1 10 12 1 1 10 12 1 9 12 1 1 10 12 1 1 10 12 1 1 1 1 1 1 1 1 1 1 1 100 1 100 1 1 1 1 1 1 1 1 1 1 1 1 15 10 100 12 1 1 8 1 8 1 8 1 15 10 100 12 1 1 1 16 1 15 10 12 16 1 100 1 100 1 1
ciInstanceKlass mindustry/content/UnitTypes$38$1 1 1 78 9 7 12 1 1 1 10 7 12 1 1 1 9 12 1 1 4 9 12 1 1 9 12 1 9 12 1 7 1 10 12 1 9 12 1 1 4 9 12 1 9 7 12 1 1 1 9 12 1 7 1 4 4 10 12 1 9 12 1 1 1 1 1 1 1 1 1 1 1 1 1 100 1 1 100 1 1
ciInstanceKlass mindustry/entities/part/DrawPart$PartParams 1 1 64 10 7 12 1 1 1 9 7 12 1 1 1 9 12 1 9 12 1 1 9 12 1 9 12 1 9 12 1 9 12 1 9 12 1 9 12 1 9 12 1 9 12 1 9 12 1 1 1 1 1 1 1 1 1 1 1 1 1 1 100 1 1 1
ciInstanceKlass mindustry/type/UnitType$UnitEngine 1 1 150 10 7 12 1 1 1 9 7 12 1 1 1 9 12 1 9 12 1 9 12 1 9 7 12 1 1 1 9 7 12 1 1 1 9 12 1 4 9 4 9 12 1 1 9 12 1 1 9 7 12 1 1 9 7 12 1 1 1 10 7 12 1 1 1 10 12 1 1 9 9 9 7 12 1 1 4 10 7 12 1 1 1 10 7 12 1 1 9 9 10 7 12 1 1 1 9 12 1 10 7 12 1 1 1 10 12 1 10 12 1 1 100 1 100 1 8 1 10 12 1 100 1 1 1 1 1 1 1 1 1 1 1 1 1 1 1 1 1 100 1 1 1 1 1 1 1 1 1 1
ciInstanceKlass mindustry/content/UnitTypes$58$1 1 1 106 9 7 12 1 1 1 10 7 12 1 1 1 4 9 12 1 1 4 9 12 1 4 9 12 1 9 12 1 9 12 1 1 9 12 1 4 9 12 1 9 7 12 1 1 4 9 12 1 9 12 1 4 9 12 1 4 9 12 1 9 12 1 9 12 1 9 12 1 9 12 1 9 7 12 1 1 1 9 12 1 9 12 1 7 1 10 12 1 9 12 1 1 1 1 1 1 1 1 1 1 1 1 100 1 1
ciInstanceKlass mindustry/world/blocks/ConstructBlock 1 1 362 7 1 18 12 1 1 10 7 12 1 1 1 9 7 12 1 1 1 9 12 1 1 9 12 1 9 12 1 9 12 1 9 12 1 9 12 1 9 12 1 1 9 12 1 100 1 8 1 10 10 7 12 1 1 1 9 12 1 9 12 1 1 9 12 1 1 10 7 1 9 12 1 1 9 12 1 10 7 12 1 1 1 9 12 1 1 10 12 1 1 10 12 1 9 9 12 1 1 10 7 12 1 1 1 10 12 1 1 9 12 1 1 9 12 1 10 12 1 1 10 7 12 1 1 7 1 10 12 1 10 7 12 1 1 1 10 12 1 1 9 12 1 1 10 7 12 1 1 7 1 9 12 1 1 7 1 10 12 1 1 7 1 10 12 1 1 10 12 1 1 9 12 1 9 100 12 1 1 1 10 12 1 1 9 12 1 9 9 12 1 10 12 1 1 9 7 1 10 12 1 1 10 7 12 1 1 1 9 12 1 1 9 12 1 1 10 7 12 1 1 1 10 12 1 1 10 12 1 9 12 1 10 12 1 9 12 1 9 12 1 10 12 1 1 9 12 1 1 10 7 12 1 1 1 5 0 10 12 1 1 9 12 1 5 0 9 12 1 4 10 7 12 1 1 1 4 4 4 4 10 12 1 1 9 100 12 1 1 10 7 12 1 1 1 10 12 1 1 1 1 1 1 1 1 1 1 1 1 1 1 1 1 1 100 1 1 1 1 1 1 1 1 1 1 1 1 1 100 1 1 1 1 1 1 1 1 1 1 1 1 100 1 1 15 10 7 12 1 1 8 1 1 100 1 1 1 100 1 100 1 1
staticfield mindustry/world/blocks/ConstructBlock consBlocks [Lmindustry/world/blocks/ConstructBlock; 16 [Lmindustry/world/blocks/ConstructBlock;
ciInstanceKlass mindustry/world/blocks/ConstructBlock$ConstructBuild 1 1 614 9 7 12 1 1 1 10 7 12 1 1 1 9 7 12 1 1 1 9 12 1 9 12 1 9 12 1 1 9 100 12 1 1 1 8 1 100 1 9 7 12 1 1 1 10 100 12 1 1 1 9 12 1 1 9 12 1 1 9 7 12 1 1 1 10 100 12 1 1 1 10 12 1 1 9 100 12 1 1 1 9 12 1 10 12 1 1 10 12 1 9 12 1 1 9 100 12 1 1 1 9 100 12 1 1 9 12 1 10 12 1 1 100 1 9 12 1 1 9 100 12 1 1 1 9 12 1 9 12 1 1 9 12 1 1 10 12 1 10 7 12 1 1 1 9 100 12 1 1 1 10 100 12 1 1 1 10 7 12 1 1 1 9 12 1 10 12 1 1 10 12 1 1 9 100 12 1 1 1 10 100 12 1 1 1 10 12 1 1 9 100 1 10 12 1 9 12 9 12 9 7 12 1 1 10 12 1 1 10 12 1 9 12 1 4 10 12 1 1 10 100 12 1 1 9 12 1 10 12 1 1 10 100 12 1 1 1 100 1 4 18 12 1 1 10 12 1 1 9 12 1 1 9 12 1 9 12 1 10 12 1 9 12 1 1 9 12 1 1 10 12 1 1 9 12 1 10 7 12 1 1 1 9 7 12 1 1 9 12 1 1 9 7 12 1 1 9 7 1 9 12 1 1 10 12 1 1 9 12 1 9 7 12 1 1 10 7 12 1 1 1 10 12 1 1 10 12 1 9 12 1 9 12 1 1 10 7 12 1 1 1 10 12 1 9 12 1 1 10 7 12 1 1 9 10 12 1 1 10 100 12 1 1 1 9 12 1 10 12 1 1 10 100 12 1 1 9 100 12 1 1 9 10 12 1 1 10 12 1 10 12 1 9 12 1 10 10 12 1 10 100 12 1 1 1 9 12 1 9 12 1 9 12 1 1 10 7 12 1 1 1 10 12 1 1 10 100 12 1 1 1 9 12 1 10 12 1 1 10 12 1 10 12 1 10 12 1 1 10 100 12 1 10 12 1 10 12 1 10 12 9 12 1 1 10 100 12 1 1 1 9 100 12 1 1 1 9 12 10 12 1 1 9 12 1 9 12 1 10 12 1 1 9 100 12 1 1 1 9 100 12 1 1 9 100 12 1 1 9 9 9 12 1 10 12 1 10 12 1 1 1 1 1 1 1 1 1 1 1 1 1 1 1 1 1 1 1 1 100 1 1 1 1 1 1 1 1 1 1 1 1 1 1 1 1 1 1 1 1 1 1 1 1 1 100 1 1 1 1 1 1 1 1 1 1 1 1 1 1 1 100 1 1 1 1 1 15 10 100 12 1 1 1 16 15 10 12 1 1 100 1 1 1 1 100 1 1 1 100 1 100 1 1
ciInstanceKlass mindustry/ui/dialogs/EffectsDialog$BoundsBatch 1 1 91 10 7 12 1 1 1 9 7 12 1 1 1 10 7 12 1 1 1 10 7 12 1 1 1 10 12 1 10 12 1 10 7 12 1 1 10 12 1 1 1 1 1 1 1 1 1 1 1 100 1 1 1 1 1 1 1 1 1 1 1 1 1 1 1 1 1 1 1 1 1 1 1 1 1 1 1 1 1 1 1 1 1 1 1 1 1 100 1 1 1
ciInstanceKlass mindustry/graphics/Drawf 1 1 815 7 1 10 100 12 1 1 1 100 1 10 7 12 1 1 1 9 100 12 1 1 1 10 100 12 1 1 1 10 12 1 1 10 12 1 1 4 10 100 12 1 1 1 10 100 12 1 1 1 10 12 1 1 10 12 1 1 10 100 12 1 1 10 12 1 1 4 9 100 12 1 1 1 10 12 1 1 9 7 12 1 1 10 12 1 10 12 1 9 12 1 1 9 100 12 1 1 1 8 1 10 100 12 1 1 1 10 100 12 1 1 1 9 12 1 1 9 7 12 1 1 1 9 100 12 1 1 1 10 100 12 1 1 1 9 12 1 1 10 7 1 4 4 9 100 12 1 1 1 10 7 12 1 1 1 9 12 1 9 12 1 10 12 1 1 4 10 7 12 1 1 1 10 7 12 1 1 1 10 12 1 4 10 12 1 1 10 12 1 1 10 7 12 1 1 1 9 12 1 1 18 12 1 1 10 7 12 1 1 1 10 7 12 1 1 1 10 7 12 1 1 1 9 12 1 1 10 12 1 1 10 7 12 1 1 1 100 1 4 10 12 1 1 10 12 1 10 7 12 1 1 1 10 12 10 12 1 1 9 100 12 1 1 10 12 1 1 10 12 1 1 10 12 10 12 10 12 1 9 7 12 1 1 1 10 12 9 12 1 9 12 9 12 1 10 12 1 11 100 12 1 1 1 10 12 1 10 12 1 10 12 1 9 12 1 10 12 1 4 10 12 11 12 1 11 12 1 10 12 1 9 100 12 1 1 10 12 1 1 10 12 1 4 4 10 12 1 1 10 7 12 1 1 10 12 1 1 4 10 12 1 9 12 1 10 12 1 10 12 1 10 12 1 10 12 1 9 100 1 9 9 12 9 10 12 10 12 1 10 12 1 10 12 1 1 9 100 12 1 1 4 10 12 1 4 4 10 12 1 1 9 12 1 4 9 12 1 1 10 7 12 1 1 10 12 1 10 12 1 10 12 4 9 12 1 4 10 12 1 9 100 12 1 1 1 10 12 1 1 9 100 12 1 1 9 12 10 12 1 1 10 12 1 10 12 9 12 1 1 9 7 12 1 1 10 12 8 1 9 12 1 9 7 12 1 9 12 10 12 1 10 12 1 4 10 12 8 1 10 12 1 8 1 9 12 10 12 1 4 10 12 1 10 12 1 1 10 12 1 10 12 1 9 12 1 10 12 1 1 10 12 1 10 12 1 10 12 1 10 12 4 10 12 1 4 10 12 1 1 10 10 12 10 10 12 1 1 10 12 10 12 1 10 12 1 1 10 12 1 10 12 1 9 12 10 12 10 12 1 10 12 1 4 9 7 12 1 1 9 12 1 10 12 1 4 10 12 1 4 10 12 1 10 12 10 12 1 10 12 1 9 100 12 1 1 1 10 12 1 1 10 12 1 9 100 12 1 1 1 9 100 12 1 1 9 12 1 9 12 10 12 4 9 10 12 1 1 10 12 10 12 1 9 12 1 4 10 12 1 9 9 10 12 1 1 10 12 1 10 12 1 10 10 1 1 1 1 1 1 1 1 1 1 1 1 1 1 1 1 1 1 1 1 1 1 1 1 1 1 1 1 1 1 1 1 1 1 1 1 1 1 1 1 1 1 1 1 1 1 1 1 1 1 1 1 1 1 1 1 1 1 1 1 1 1 1 1 1 1 1 1 1 1 1 1 1 1 1 1 1 1 1 1 1 1 1 1 1 1 1 1 1 1 1 1 1 1 1 1 1 1 1 1 1 1 1 1 1 1 1 1 1 1 1 1 1 1 1 1 1 1 1 15 10 7 12 1 1 1 16 1 15 10 12 16 1 1 1 1 100 1 100 1 1
staticfield mindustry/graphics/Drawf vecs [Larc/math/geom/Vec2; 4 [Larc/math/geom/Vec2;
staticfield mindustry/graphics/Drawf points Larc/struct/FloatSeq; arc/struct/FloatSeq
ciInstanceKlass arc/math/geom/Geometry 1 1 594 10 100 12 1 1 1 9 7 12 1 1 1 10 7 12 1 1 1 9 12 1 1 9 12 1 9 12 1 9 12 1 10 12 1 1 11 100 12 1 1 1 10 7 12 1 1 10 12 1 10 12 1 100 1 9 7 12 1 1 1 10 12 1 18 12 1 10 12 1 1 11 7 12 1 1 1 11 7 12 1 1 1 11 7 12 1 1 1 11 12 1 1 11 100 12 1 1 18 12 1 1 10 12 1 1 7 1 10 11 7 12 1 1 10 12 1 10 10 7 12 1 1 1 18 12 1 10 12 1 18 12 1 10 12 1 1 10 12 1 18 12 1 9 10 12 1 7 1 10 12 1 10 12 1 10 12 1 10 12 1 10 12 1 1 7 1 10 12 1 1 4 4 10 12 1 9 12 1 1 9 12 1 10 12 1 1 9 12 1 1 10 12 1 1 9 12 1 10 12 1 1 11 100 12 1 11 100 12 1 1 11 100 12 1 1 1 9 100 1 9 12 1 9 9 12 1 10 12 1 1 10 12 1 1 10 12 10 12 10 12 1 1 10 12 4 10 12 1 10 12 1 9 12 1 10 12 1 1 4 100 1 4 10 12 1 1 4 4 100 1 8 1 10 12 1 10 12 1 1 4 8 1 4 10 12 1 1 10 12 1 1 10 7 12 1 1 1 10 7 12 1 1 10 12 7 1 10 12 9 12 1 10 1 1 1 1 1 1 1 1 1 1 1 1 1 1 1 1 1 1 1 1 1 1 1 1 1 1 1 1 1 1 1 1 1 1 1 1 100 1 1 1 1 1 1 1 1 1 1 1 1 1 1 1 1 1 1 1 1 1 1 1 1 1 1 1 1 1 1 1 1 100 1 1 1 1 1 1 1 1 1 1 1 1 1 1 1 1 1 1 1 1 1 1 1 1 1 1 1 1 1 1 1 1 1 1 1 1 1 1 1 1 1 1 1 1 1 1 1 1 1 1 1 1 1 1 1 1 1 1 1 1 1 1 1 1 1 1 1 1 1 1 1 1 1 1 1 1 1 1 1 1 1 1 1 1 1 1 1 1 1 1 1 1 1 1 1 1 1 1 1 1 1 1 1 1 1 1 1 1 1 1 1 1 1 1 1 1 1 1 1 1 1 1 1 1 1 1 1 1 1 1 1 1 1 1 1 1 1 1 1 1 1 1 1 1 1 1 1 1 1 1 1 1 1 1 1 1 1 1 1 1 1 1 1 1 1 1 1 1 1 1 1 1 1 16 1 15 10 12 16 1 16 15 10 12 16 15 16 1 15 10 12 16 1 15 16 1 15 10 7 12 1 1 1 1 1 1 100 1 100 1 1
staticfield arc/math/geom/Geometry d4 [Larc/math/geom/Point2; 4 [Larc/math/geom/Point2;
staticfield arc/math/geom/Geometry d4c [Larc/math/geom/Point2; 5 [Larc/math/geom/Point2;
staticfield arc/math/geom/Geometry d4x [I 4
staticfield arc/math/geom/Geometry d4y [I 4
staticfield arc/math/geom/Geometry d8 [Larc/math/geom/Point2; 8 [Larc/math/geom/Point2;
staticfield arc/math/geom/Geometry d8edge [Larc/math/geom/Point2; 4 [Larc/math/geom/Point2;
staticfield arc/math/geom/Geometry tmp1 Larc/math/geom/Vec2; arc/math/geom/Vec2
staticfield arc/math/geom/Geometry tmp2 Larc/math/geom/Vec2; arc/math/geom/Vec2
staticfield arc/math/geom/Geometry tmp3 Larc/math/geom/Vec2; arc/math/geom/Vec2
ciInstanceKlass arc/func/FloatFloatf 1 0 9 100 1 100 1 1 1 1 1
ciInstanceKlass mindustry/gen/Segmentc 0 0 1011 100 1 100 1 100 1 100 1 100 1 100 1 100 1 100 1 100 1 100 1 100 1 100 1 100 1 100 1 100 1 100 1 100 1 100 1 100 1 1 1 1 1 1 1 1 1 1 1 1 1 1 1 1 1 1 1 1 1 1 1 1 1 1 1 1 1 1 1 1 1 1 100 1 8 1 1 12 10 1 1 1 8 1 1 1 8 1 1 1 8 1 1 8 1 1 8 1 1 1 8 1 1 8 1 1 1 8 1 1 1 8 1 1 8 1 1 8 1 1 8 1 1 1 8 1 1 8 1 1 8 1 1 8 1 1 1 8 1 1 8 1 1 1 8 1 1 8 1 1 1 8 1 1 8 1 1 8 1 1 8 1 1 8 1 1 8 1 1 1 8 1 1 8 1 1 1 8 1 1 1 8 1 1 1 8 1 1 1 8 1 1 8 1 1 8 1 1 8 1 1 8 1 1 8 1 1 8 1 8 1 1 1 8 1 8 1 1 8 1 8 1 1 1 8 1 1 8 1 8 1 1 8 1 1 8 1 1 1 8 1 1 1 8 1 1 1 8 1 1 8 1 1 8 1 8 1 1 1 8 1 1 8 1 1 1 8 1 1 8 1 1 8 1 1 8 1 8 1 1 8 1 8 1 1 8 1 8 1 1 8 1 8 1 1 8 1 8 1 1 8 1 8 1 1 8 1 1 8 1 1 8 1 1 8 1 1 8 1 8 1 1 8 1 8 1 1 1 8 1 1 1 8 1 1 1 8 1 1 8 1 1 8 1 1 1 8 1 1 8 1 1 8 1 1 8 1 1 8 1 1 8 1 1 1 8 1 1 8 1 1 1 8 1 1 1 8 1 1 8 1 1 8 1 1 8 1 1 8 1 1 8 1 1 8 1 8 1 1 8 1 1 8 1 8 1 1 8 1 8 1 1 8 1 1 8 1 1 8 1 1 8 1 8 1 1 8 1 8 1 1 1 8 1 8 1 1 8 1 8 1 1 8 1 1 8 1 1 8 1 1 8 1 1 8 1 1 8 1 1 8 1 1 8 1 8 1 1 1 8 1 1 8 1 8 1 1 8 1 8 1 1 8 1 8 1 1 8 1 8 1 1 8 1 1 1 8 1 1 1 8 1 1 8 1 1 8 1 1 1 8 1 1 8 1 1 1 8 1 1 8 1 1 1 8 1 1 8 1 1 8 1 8 1 1 8 1 1 1 8 1 1 1 8 1 1 1 8 1 1 8 1 1 8 1 1 8 1 1 1 8 1 8 1 1 8 1 8 1 1 1 8 1 1 8 1 1 1 8 1 1 8 1 8 1 1 8 1 1 8 1 1 8 1 1 1 8 1 1 8 1 1 8 1 1 8 1 1 8 1 8 1 1 8 1 8 1 1 1 8 1 8 1 1 1 8 1 1 8 1 1 1 8 1 1 8 1 8 1 1 8 1 8 1 1 8 1 8 1 1 8 1 8 1 1 8 1 1 8 1 1 8 1 1 8 1 1 1 8 1 1 8 1 1 8 1 1 1 8 1 1 8 1 1 8 1 8 1 1 8 1 1 8 1 1 8 1 1 1 8 1 1 8 1 1 8 1 1 8 1 1 8 1 1 8 1 1 8 1 1 1 8 1 1 8 1 1 1 8 1 1 1 8 1 1 8 1 1 1 8 1 1 1 8 1 1 8 1 1 8 1 1 8 1 8 1 1 8 1 1 8 1 1 1 8 1 1 8 1 1 1 8 1 1 8 1 1 8 1 1 8 1 1 8 1 8 1 1 8 1 8 1 1 8 1 8 1 1 8 1 1 8 1 1 8 1 1 1 8 1 1 8 1 1 1 8 1 1 8 1 1 8 1 1 8 1 1 8 1 1 1 8 1 1 8 1 1 8 1 1 8 1 1 8 1 1 8 1 1 1 8 1 1 8 1 1 8 1 1 1 8 1 1 8 1 8 1 8 1 1 8 1 1 8 1 8 1 1 8 1 8 1 1 1 8 1 1 8 1 1 8 1 1 8 1 1 1 8 1 1 8 1 1 8 1 1 8 1 1 8 1 1 8 1 1 8 1 8 1 1 8 1 8 1 1 8 1 8 1 1 8 1 1 8 1 1 8 1 1 8 1 1 8 1 1 8 1 1 8 1 8 1 1 1 8 1 8 1 1 8 1 1 8 1 1 8 1 1 8 1 1 8 1 1 1 8 1 1 8 1 1 8 1 8 1 1 8 1 8 1 1 8 1 8 1 1 8 1 8 1 1 8 1 8 1 1 8 1 1 8 1
ciInstanceKlass mindustry/gen/UnderwaterMovec 0 0 1012 100 1 100 1 100 1 100 1 100 1 100 1 100 1 100 1 100 1 100 1 100 1 100 1 100 1 100 1 100 1 100 1 100 1 100 1 100 1 100 1 1 1 1 1 1 1 1 1 1 1 1 100 1 8 1 1 12 10 1 1 1 8 1 1 1 8 1 1 8 1 1 1 8 1 1 8 1 1 8 1 1 1 8 1 1 8 1 1 1 8 1 1 1 8 1 1 8 1 1 8 1 1 8 1 1 1 8 1 1 8 1 1 8 1 1 8 1 1 1 8 1 1 8 1 1 1 8 1 1 8 1 1 1 8 1 1 8 1 1 8 1 1 8 1 1 8 1 1 8 1 1 1 8 1 1 8 1 1 1 8 1 1 1 8 1 1 1 8 1 1 1 8 1 1 8 1 1 8 1 1 8 1 1 8 1 1 8 1 1 8 1 1 8 1 1 8 1 8 1 1 1 8 1 8 1 1 8 1 8 1 1 1 8 1 1 8 1 8 1 1 8 1 1 8 1 1 1 8 1 1 1 8 1 1 1 8 1 1 8 1 1 8 1 8 1 1 1 8 1 1 8 1 1 1 8 1 1 8 1 1 8 1 8 1 1 8 1 8 1 1 8 1 8 1 1 8 1 8 1 1 8 1 8 1 1 8 1 8 1 1 8 1 1 8 1 1 8 1 1 8 1 1 8 1 8 1 1 8 1 8 1 1 1 8 1 1 1 8 1 1 1 8 1 1 8 1 1 8 1 1 1 8 1 1 8 1 1 8 1 1 8 1 1 8 1 1 8 1 1 1 8 1 1 8 1 1 1 8 1 1 1 8 1 1 8 1 1 8 1 1 8 1 1 8 1 1 8 1 1 8 1 8 1 1 8 1 1 8 1 8 1 1 8 1 8 1 1 8 1 1 8 1 1 8 1 1 8 1 8 1 1 8 1 8 1 1 1 8 1 8 1 1 8 1 8 1 1 8 1 1 8 1 1 8 1 1 8 1 1 8 1 1 8 1 1 8 1 1 8 1 8 1 1 1 8 1 1 8 1 8 1 1 8 1 8 1 1 8 1 8 1 1 8 1 8 1 1 8 1 1 1 8 1 1 1 8 1 1 8 1 1 8 1 1 1 8 1 1 8 1 1 1 8 1 1 8 1 1 1 8 1 1 8 1 1 8 1 8 1 1 8 1 1 1 8 1 1 1 8 1 1 1 8 1 1 8 1 1 8 1 1 8 1 1 1 8 1 8 1 1 8 1 8 1 1 1 8 1 1 8 1 1 1 8 1 1 8 1 8 1 1 8 1 1 8 1 1 8 1 1 1 8 1 1 8 1 1 8 1 1 8 1 1 8 1 8 1 1 8 1 1 8 1 8 1 1 1 8 1 8 1 1 1 8 1 1 8 1 1 1 8 1 1 8 1 1 8 1 8 1 1 8 1 8 1 1 8 1 8 1 1 8 1 8 1 1 8 1 1 8 1 1 8 1 1 8 1 1 1 8 1 1 8 1 1 8 1 1 8 1 1 1 8 1 1 8 1 1 8 1 8 1 1 8 1 1 8 1 1 8 1 1 1 8 1 1 8 1 1 8 1 1 8 1 1 8 1 1 8 1 1 8 1 1 1 8 1 1 8 1 1 1 8 1 1 1 8 1 1 8 1 1 1 8 1 1 1 8 1 1 8 1 1 8 1 1 8 1 8 1 1 8 1 1 8 1 1 1 8 1 1 8 1 1 1 8 1 1 8 1 1 8 1 1 8 1 8 1 1 8 1 8 1 1 8 1 8 1 1 8 1 1 8 1 1 1 8 1 1 8 1 1 1 8 1 1 8 1 1 8 1 1 8 1 1 8 1 1 8 1 1 1 8 1 1 8 1 1 8 1 1 8 1 1 8 1 1 8 1 1 1 8 1 1 8 1 1 8 1 1 1 8 1 1 8 1 8 1 8 1 1 8 1 1 8 1 8 1 1 8 1 8 1 1 1 8 1 1 8 1 1 8 1 1 8 1 1 8 1 1 1 8 1 1 8 1 1 8 1 1 8 1 1 8 1 1 8 1 1 8 1 1 8 1 8 1 1 8 1 8 1 1 8 1 8 1 1 8 1 1 8 1 1 8 1 1 8 1 1 8 1 1 8 1 1 8 1 8 1 1 1 8 1 8 1 1 8 1 1 8 1 1 8 1 1 8 1 1 8 1 1 1 8 1 1 8 1 1 8 1 8 1 1 8 1 8 1 1 8 1 8 1 1 8 1 8 1 1 8 1 8 1 1 8 1 1 8 1 1 8 1
ciInstanceKlass adapter10 1 1 68 1 7 1 7 1 1 1 1 1 1 1 1 1 12 10 12 9 12 9 1 1 12 1 7 10 12 9 1 100 1 100 1 100 1 1 1 1 12 10 1 1 8 1 1 12 10 1 100 1 1 12 10 1 100 1 100 1 100 1 100 1 12 10 1 1 8 1
ciInstanceKlass adapter11 1 1 65 1 7 1 7 1 1 1 1 1 1 1 1 1 12 10 12 9 12 9 1 1 12 1 7 10 12 9 1 100 1 100 1 100 1 1 1 1 12 10 1 1 8 1 1 12 10 1 100 1 1 12 10 1 100 1 100 1 100 1 100 1 12 10 1
ciInstanceKlass adapter12 1 1 68 1 7 1 7 1 1 1 1 1 1 1 1 1 12 10 12 9 12 9 1 1 12 1 7 10 12 9 1 100 1 100 1 100 1 1 1 1 12 10 1 1 8 1 1 12 10 1 100 1 1 12 10 1 100 1 100 1 100 1 100 1 12 10 1 1 8 1
ciInstanceKlass mindustry/world/Build 1 1 734 7 1 10 100 12 1 1 1 10 7 12 1 1 1 9 12 1 1 10 7 12 1 1 1 9 7 12 1 1 1 10 7 12 1 1 1 9 12 1 1 10 12 1 1 9 7 12 1 1 1 10 7 12 1 1 1 9 12 1 10 12 1 1 7 1 10 12 1 10 12 1 1 10 12 1 1 9 12 1 10 12 1 1 7 1 10 12 1 1 9 12 1 1 9 12 1 1 9 12 1 10 7 12 1 1 1 9 12 1 1 7 1 10 12 1 10 7 12 1 1 1 10 12 1 1 10 12 1 10 12 1 1 9 12 1 9 12 1 10 100 12 1 1 1 10 12 1 10 12 1 9 100 12 1 1 1 9 12 1 9 12 1 9 10 100 12 1 1 1 100 1 10 12 1 9 12 1 9 100 12 1 1 1 4 10 12 1 1 10 100 12 1 1 9 7 12 1 1 1 9 12 1 9 12 1 1 9 7 12 1 1 1 9 7 12 1 1 10 12 1 1 9 12 1 9 12 1 1 9 100 12 1 1 1 10 100 12 1 1 10 12 1 10 12 1 10 12 1 9 12 1 9 12 1 1 9 12 1 9 12 10 100 12 1 1 9 12 1 10 12 1 10 12 1 10 12 1 1 100 1 10 12 1 1 10 12 1 18 12 1 10 12 1 1 9 12 1 10 12 1 10 12 1 1 10 12 1 1 9 12 1 1 10 7 1 18 12 1 9 7 12 1 1 10 12 1 1 9 10 12 1 10 12 1 10 12 1 10 12 1 1 9 12 1 9 12 1 9 12 1 10 7 12 1 1 1 9 12 1 10 12 1 1 10 12 1 9 12 1 9 12 1 10 12 1 9 12 1 100 1 4 9 12 1 1 9 7 12 1 1 10 12 1 1 11 100 12 1 1 11 12 1 100 1 9 12 10 12 1 9 100 12 1 1 9 12 1 100 1 10 12 1 1 9 10 12 1 1 10 12 1 1 10 12 1 10 12 1 10 12 1 1 10 12 1 9 12 1 10 12 1 1 4 9 12 1 10 12 1 1 9 12 1 10 12 1 1 9 12 1 9 12 1 10 12 1 10 7 12 1 1 9 12 1 9 12 1 10 12 1 9 12 1 9 12 1 10 12 1 1 10 12 1 9 12 1 10 12 1 1 10 12 1 9 7 12 1 1 1 10 12 1 1 4 10 7 12 1 1 1 9 12 1 10 12 1 1 9 12 1 1 9 100 12 1 1 9 12 1 10 12 1 10 12 1 1 9 12 1 1 9 12 1 4 18 12 1 10 100 12 1 1 1 10 12 1 10 100 12 1 1 1 9 7 12 1 9 12 9 12 1 9 100 12 1 1 1 10 12 1 1 10 12 10 12 1 1 10 12 1 9 12 1 9 9 12 1 9 12 1 10 12 1 9 12 1 9 12 1 1 10 12 1 10 12 1 10 1 1 1 1 1 1 1 1 1 1 1 1 1 1 1 1 1 1 1 1 1 1 1 1 1 1 1 1 1 1 1 1 1 1 1 1 1 1 1 1 1 1 1 1 100 1 1 1 1 1 1 1 1 1 1 1 1 1 15 10 7 12 1 1 1 16 15 10 12 16 15 10 12 16 1 15 10 12 16 1 1 100 1 1 1 1 1 1 100 1 1 100 1 100 1 1
staticfield mindustry/world/Build tmp Larc/struct/IntSet; arc/struct/IntSet
ciInstanceKlass java/lang/invoke/LambdaForm$MH+0x000002180b890800 1 1 41 1 7 1 100 1 1 1 1 1 1 1 7 1 1 12 10 1 1 1 1 1 7 1 1 12 10 1 7 1 1 12 11 1 7 12 9 1 1 1 1
staticfield java/lang/invoke/LambdaForm$MH+0x000002180b890800 _D_0 Ljava/lang/invoke/LambdaForm; java/lang/invoke/LambdaForm
ciMethod arc/graphics/g2d/Batch z (F)V 488 0 244 0 -1
ciMethod arc/graphics/g2d/Batch setPackedColor (F)V 280 0 140 0 0
ciMethod arc/graphics/g2d/Batch getPackedColor ()F 2852 0 1426 0 -1
ciMethod arc/graphics/g2d/Batch setPackedMixColor (F)V 976 0 488 0 0
ciMethod arc/graphics/g2d/Batch getPackedMixColor ()F 2806 0 1403 0 0
ciMethod arc/graphics/g2d/Batch draw (Larc/graphics/Texture;[FII)V 0 0 1 0 -1
ciMethod arc/graphics/g2d/Batch draw (Larc/graphics/g2d/TextureRegion;FFFFFFF)V 0 0 1 0 -1
ciMethod arc/graphics/g2d/SpriteBatch z (F)V 624 0 6548 0 96
ciMethod arc/struct/Seq add (Ljava/lang/Object;)Larc/struct/Seq; 512 0 13571 0 -1
ciMethod arc/struct/Seq get (I)Ljava/lang/Object; 552 0 5778 0 -1
ciMethod arc/struct/Seq first ()Ljava/lang/Object; 316 0 49543 0 160
ciMethod arc/struct/Seq isEmpty ()Z 776 0 121358 0 96
ciMethod arc/struct/Seq iterator ()Ljava/util/Iterator; 346 0 250766 0 -1
ciMethod arc/math/Mathf sin (F)F 1024 0 180168 0 128
ciMethod arc/math/Mathf cos (F)F 1024 0 15280 0 128
ciMethod arc/math/Mathf sinDeg (F)F 1024 0 182856 0 128
ciMethod arc/math/Mathf cosDeg (F)F 1024 0 186279 0 128
ciMethod arc/math/Mathf absin (FFF)F 832 0 105535 0 160
ciMethod arc/math/Mathf sin (FFF)F 832 0 169210 0 128
ciMethod arc/math/Mathf sign (Z)I 832 0 27172 0 -1
ciMethod arc/math/Mathf clamp (FFF)F 4418 0 203070 0 128
ciMethod arc/math/Mathf clamp (F)F 1024 0 827270 0 128
ciMethod arc/math/Mathf approachDelta (FFF)F 778 0 25991 0 -1
ciMethod arc/math/Mathf lerp (FFF)F 1024 0 216561 0 96
ciMethod arc/math/Mathf ceil (F)I 516 0 1284 0 128
ciMethod arc/math/Mathf dst2 (FFFF)F 50 0 1050 0 96
ciMethod arc/math/geom/Position getX ()F 0 0 1 0 -1
ciMethod arc/math/geom/Position getY ()F 0 0 1 0 -1
ciMethod arc/math/geom/Position within (Larc/math/geom/Position;F)Z 50 0 12268 0 0
ciMethod arc/math/geom/Position within (FFF)Z 50 0 32280 0 192
ciMethod arc/math/geom/Vec2 trns (FFF)Larc/math/geom/Vec2; 0 0 59304 0 224
ciMethod arc/math/geom/Vec2 set (FF)Larc/math/geom/Vec2; 768 0 768917 0 96
ciMethod arc/math/geom/Vec2 add (Larc/math/geom/Vec2;)Larc/math/geom/Vec2; 768 0 40029 0 128
ciMethod arc/math/geom/Vec2 rotate (F)Larc/math/geom/Vec2; 1024 0 359010 0 256
ciMethod arc/math/geom/Vec2 rotateRad (F)Larc/math/geom/Vec2; 1024 0 11316 0 224
ciMethod mindustry/world/Block drawPlan (Lmindustry/entities/units/BuildPlan;Larc/util/Eachable;ZF)V 512 0 7703 0 -1
ciMethod mindustry/world/Block drawPlanConfigTop (Lmindustry/entities/units/BuildPlan;Larc/util/Eachable;)V 558 0 1485 0 -1
ciMethod mindustry/world/Block asFloor ()Lmindustry/world/blocks/environment/Floor; 828 0 346509 0 -1
ciMethod mindustry/type/UnitType draw (Lmindustry/gen/Unit;)V 780 0 39332 0 -1
ciMethod mindustry/type/UnitType shieldColor (Lmindustry/gen/Unit;)Larc/graphics/Color; 366 0 2588 0 0
ciMethod mindustry/type/UnitType drawMining (Lmindustry/gen/Unit;)V 0 0 268 0 0
ciMethod mindustry/type/UnitType drawMiningBeam (Lmindustry/gen/Unit;FF)V 512 0 268 0 0
ciMethod mindustry/type/UnitType drawPayload (Lmindustry/gen/Unit;)V 0 0 3594 0 0
ciMethod mindustry/type/UnitType drawShield (Lmindustry/gen/Unit;)V 0 0 1995 0 0
ciMethod mindustry/type/UnitType drawShadow (Lmindustry/gen/Unit;)V 780 0 5511 0 2848
ciMethod mindustry/type/UnitType drawSoftShadow (Lmindustry/gen/Unit;)V 780 0 35339 0 3552
ciMethod mindustry/type/UnitType drawSoftShadow (Lmindustry/gen/Unit;F)V 780 0 6539 0 -1
ciMethod mindustry/type/UnitType drawItems (Lmindustry/gen/Unit;)V 780 0 10724 0 0
ciMethod mindustry/type/UnitType drawTrail (Lmindustry/gen/Unit;)V 0 0 1 0 -1
ciMethod mindustry/type/UnitType drawEngines (Lmindustry/gen/Unit;)V 780 780 6598 0 4352
ciMethod mindustry/type/UnitType drawWeapons (Lmindustry/gen/Unit;)V 780 1560 6731 0 1888
ciMethod mindustry/type/UnitType drawWeaponOutlines (Lmindustry/gen/Unit;)V 780 1560 6573 0 3424
ciMethod mindustry/type/UnitType drawOutline (Lmindustry/gen/Unit;)V 780 0 6598 0 384
ciMethod mindustry/type/UnitType drawBody (Lmindustry/gen/Unit;)V 780 0 6598 0 1920
ciMethod mindustry/type/UnitType drawCell (Lmindustry/gen/Unit;)V 780 0 7570 0 3168
ciMethod mindustry/type/UnitType cellColor (Lmindustry/gen/Unit;)Larc/graphics/Color; 416 0 5457 0 -1
ciMethod mindustry/type/UnitType drawLight (Lmindustry/gen/Unit;)V 0 0 5120 0 384
ciMethod mindustry/type/UnitType drawTank (Lmindustry/gen/Unit;)V 0 0 1 0 -1
ciMethod mindustry/type/UnitType drawLegs (Lmindustry/gen/Unit;)V 0 0 1 0 -1
ciMethod mindustry/type/UnitType drawCrawl (Lmindustry/gen/Crawlc;)V 0 0 1 0 -1
ciMethod mindustry/type/UnitType drawMech (Lmindustry/gen/Mechc;)V 0 0 5141 0 -1
ciMethod mindustry/type/UnitType applyOutlineColor (Lmindustry/gen/Unit;)V 1024 0 6573 0 -1
ciMethod mindustry/type/UnitType applyColor (Lmindustry/gen/Unit;)V 828 0 5642 0 1472
ciMethod arc/graphics/Color toFloatBits (FFFF)F 150 0 7550 0 256
ciMethod arc/graphics/Color floatToIntColor (F)I 1024 0 27938 0 -1
ciMethod arc/graphics/Color intToFloatColor (I)F 590 0 20299 0 64
ciMethod arc/graphics/Color set (Larc/graphics/Color;)Larc/graphics/Color; 1024 0 159373 0 128
ciMethod arc/graphics/Color mul (F)Larc/graphics/Color; 1024 0 63221 0 -1
ciMethod arc/graphics/Color clamp ()Larc/graphics/Color; 1024 0 18969 0 448
ciMethod arc/graphics/Color a (F)Larc/graphics/Color; 33174 0 28432 0 64
ciMethod arc/graphics/Color lerp (Larc/graphics/Color;F)Larc/graphics/Color; 1024 0 10381 0 672
ciMethod arc/graphics/Color write (Larc/graphics/Color;)Larc/graphics/Color; 0 0 1533 0 -1
ciMethod arc/graphics/Color toFloatBits ()F 542 0 6543 0 256
ciMethod arc/util/Structs comparingFloat (Larc/func/Floatf;)Ljava/util/Comparator; 1024 0 17359 0 -1
ciMethod arc/graphics/g2d/TextureRegion scl ()F 1024 0 55144 0 96
ciMethod arc/graphics/g2d/TextureAtlas white ()Larc/graphics/g2d/TextureAtlas$AtlasRegion; 1024 0 41256 0 -1
ciMethod arc/graphics/g2d/TextureAtlas isFound (Larc/graphics/g2d/TextureRegion;)Z 1024 0 5632 0 96
ciMethod mindustry/game/Team data ()Lmindustry/game/Teams$TeamData; 106 0 126943 0 7072
ciMethod mindustry/game/Team core ()Lmindustry/world/blocks/storage/CoreBlock$CoreBuild; 106 0 41054 0 256
ciMethod mindustry/core/GameState isEditor ()Z 0 0 62925 0 96
ciMethod mindustry/core/GameState isPaused ()Z 1024 0 88090 0 0
ciMethod mindustry/game/Teams get (Lmindustry/game/Team;)Lmindustry/game/Teams$TeamData; 108 0 8558 0 -1
ciMethod mindustry/entities/part/DrawPart draw (Lmindustry/entities/part/DrawPart$PartParams;)V 0 0 1 0 -1
ciMethod mindustry/entities/abilities/Ability draw (Lmindustry/gen/Unit;)V 512 0 1582 0 -1
ciMethod mindustry/type/Weapon drawOutline (Lmindustry/gen/Unit;Lmindustry/entities/units/WeaponMount;)V 832 0 13767 0 -1
ciMethod mindustry/type/Weapon draw (Lmindustry/gen/Unit;Lmindustry/entities/units/WeaponMount;)V 832 0 18868 0 -1
ciMethod mindustry/entities/units/BuildPlan drawx ()F 114 0 38371 0 128
ciMethod mindustry/entities/units/BuildPlan drawy ()F 114 0 38452 0 128
ciMethod mindustry/entities/units/BuildPlan tile ()Lmindustry/world/Tile; 0 0 13310 0 256
ciMethod mindustry/entities/units/BuildPlan getX ()F 514 0 3873 0 0
ciMethod mindustry/entities/units/BuildPlan getY ()F 514 0 3873 0 0
ciMethod mindustry/input/InputHandler allPlans ()Larc/util/Eachable; 0 0 1 0 -1
ciMethod mindustry/input/InputHandler drawBreaking (Lmindustry/entities/units/BuildPlan;)V 0 0 5130 0 -1
ciMethod mindustry/input/InputHandler planMatches (Lmindustry/entities/units/BuildPlan;)Z 0 0 70 0 -1
ciMethod mindustry/world/Tile worldx ()F 1024 0 90114 0 -1
ciMethod mindustry/world/Tile worldy ()F 1024 0 90459 0 -1
ciMethod mindustry/world/Tile block ()Lmindustry/world/Block; 1374 0 687 0 0
ciMethod mindustry/graphics/OverlayRenderer checkApplySelection (Lmindustry/gen/Unit;)V 1024 0 5642 0 0
ciMethod mindustry/graphics/LightRenderer add (FFFLarc/graphics/Color;F)V 1024 0 6428 0 0
ciMethod mindustry/graphics/LightRenderer enabled ()Z 1024 0 6656 0 128
ciMethod mindustry/graphics/LightRenderer$CircleLight <init> ()V 0 0 1 0 -1
ciMethod mindustry/graphics/LightRenderer$CircleLight set (FFFF)V 0 0 1 0 -1
ciMethod mindustry/gen/Player team ()Lmindustry/game/Team; 280 0 140 0 0
ciMethod arc/graphics/g2d/Draw scl (F)V 780 0 42633 0 96
ciMethod arc/graphics/g2d/Draw scl (FF)V 1426 0 48080 0 0
ciMethod arc/graphics/g2d/Draw z ()F 780 0 56210 0 96
ciMethod arc/graphics/g2d/Draw z (F)V 546 0 343321 0 160
ciMethod arc/graphics/g2d/Draw getMixColor ()Larc/graphics/Color; 0 0 1 0 -1
ciMethod arc/graphics/g2d/Draw mixcol (Larc/graphics/Color;F)V 986 0 6637 0 384
ciMethod arc/graphics/g2d/Draw mixcol ()V 1024 0 404182 0 96
ciMethod arc/graphics/g2d/Draw color (Larc/graphics/Color;)V 1024 0 231736 0 352
ciMethod arc/graphics/g2d/Draw color (Larc/graphics/Color;F)V 1024 0 5636 0 -1
ciMethod arc/graphics/g2d/Draw color (Larc/graphics/Color;Larc/graphics/Color;F)V 1024 0 218452 0 -1
ciMethod arc/graphics/g2d/Draw color ()V 1024 0 449009 0 128
ciMethod arc/graphics/g2d/Draw reset ()V 1024 0 382753 0 192
ciMethod arc/graphics/g2d/Draw alpha (F)V 1024 0 6660 0 384
ciMethod arc/graphics/g2d/Draw rect (Larc/graphics/g2d/TextureRegion;FFFF)V 700 0 35473 0 192
ciMethod arc/graphics/g2d/Draw rect (Larc/graphics/g2d/TextureRegion;FFFFFFF)V 776 0 14727 0 160
ciMethod arc/graphics/g2d/Draw rect (Larc/graphics/g2d/TextureRegion;FFFFF)V 734 0 14720 0 160
ciMethod arc/graphics/g2d/Draw rect (Larc/graphics/g2d/TextureRegion;Larc/math/geom/Position;F)V 516 0 5141 0 -1
ciMethod arc/graphics/g2d/Draw rect (Larc/graphics/g2d/TextureRegion;FFF)V 728 0 5642 0 160
ciMethod arc/graphics/g2d/Draw vert (Larc/graphics/Texture;[FII)V 12570 0 22850 0 5696
ciMethod arc/graphics/g2d/Fill quad (FFFFFFFFFFFF)V 1024 0 26088 0 576
ciMethod arc/graphics/g2d/Fill tri (FFFFFF)V 588 0 5552 0 -1
ciMethod arc/graphics/g2d/Fill light (FFIFLarc/graphics/Color;Larc/graphics/Color;)V 28 0 2057 0 0
ciMethod arc/graphics/g2d/Fill light (FFIFFLarc/graphics/Color;Larc/graphics/Color;)V 438 4196 2057 0 0
ciMethod arc/graphics/g2d/Fill rect (FFFF)V 1024 0 45616 0 -1
ciMethod arc/graphics/g2d/Fill square (FFF)V 1024 0 45031 0 224
ciMethod arc/graphics/g2d/Fill square (FFFF)V 428 0 7382 0 224
ciMethod arc/math/Angles angle (FFFF)F 312 0 46539 0 -1
ciMethod arc/math/Angles trnsx (FF)F 540 0 92095 0 128
ciMethod arc/math/Angles trnsy (FF)F 540 0 94422 0 128
ciMethod arc/math/Angles trnsx (FFF)F 568 0 113464 0 -1
ciMethod arc/math/Angles trnsy (FFF)F 832 0 113552 0 -1
ciMethod arc/graphics/g2d/Lines circleVertices (F)I 8 0 16171 0 0
ciMethod arc/graphics/g2d/Lines line (FFFF)V 8 0 11780 0 -1
ciMethod arc/graphics/g2d/Lines poly (FFIFF)V 1024 0 6003 0 -1
ciMethod arc/graphics/g2d/Lines stroke (F)V 82 0 458031 0 96
ciMethod arc/graphics/g2d/Lines stroke (FLarc/graphics/Color;)V 512 0 6441 0 0
ciMethodData arc/math/Mathf cosDeg (F)F 2 186279 orig 80 0 0 0 0 0 0 0 0 0 0 0 0 235 124 0 0 0 0 0 0 0 0 0 0 0 0 0 0 0 0 0 0 0 0 0 0 0 0 0 0 0 0 0 0 0 0 0 0 0 0 0 0 0 0 0 0 0 0 0 0 0 0 0 0 0 0 0 0 0 0 0 0 0 0 0 0 0 0 0 0 data 7 0x0 0x0 0x0 0x0 0x9 0x1 0x0 oops 0 methods 0
ciMethodData arc/math/Mathf sinDeg (F)F 2 182856 orig 80 0 0 0 0 0 0 0 0 0 0 0 0 235 124 0 0 0 0 0 0 0 0 0 0 0 0 0 0 0 0 0 0 0 0 0 0 0 0 0 0 0 0 0 0 0 0 0 0 0 0 0 0 0 0 0 0 0 0 0 0 0 0 0 0 0 0 0 0 0 0 0 0 0 0 0 0 0 0 0 0 data 7 0x0 0x0 0x0 0x0 0x9 0x1 0x0 oops 0 methods 0
ciMethodData arc/graphics/g2d/Fill quad (FFFFFFFFFFFF)V 2 26088 orig 80 2 0 0 0 0 0 0 0 0 0 0 0 235 124 0 0 0 0 0 0 0 0 0 4 0 0 0 0 0 0 0 0 0 0 0 0 0 0 0 0 0 0 0 0 0 0 0 0 0 0 0 0 0 0 0 0 0 0 0 0 0 0 0 0 0 0 0 0 0 0 0 0 0 0 0 0 0 0 0 0 data 47 0x8000000700030005 0x3001 0x0 0x2188ff5e5b0 0x28d6 0x2188ff5ecf0 0xb16 0xb0005 0x0 0x0 0x2188f88b2a0 0x3f02 0x2188f88b1f0 0x24eb 0xe10002 0x63ed 0x0 0x0 0x0 0x0 0x0 0x0 0x0 0x0 0x0 0x0 0x0 0x0 0x0 0x0 0x0 0x0 0x0 0x9 0xc 0x0 0x0 0x0 0x0 0x0 0x0 0x0 0x0 0x0 0x0 0x0 0x0 oops 4 3 arc/graphics/g2d/TextureAtlas 5 mindustry/mod/Mods$1 10 arc/graphics/g2d/SpriteBatch 12 mindustry/ui/dialogs/EffectsDialog$BoundsBatch methods 0
ciMethod arc/math/Scaled fin ()F 0 0 1 0 -1
ciMethod mindustry/gen/Unitc controller ()Lmindustry/entities/units/UnitController; 0 0 1 0 -1
ciMethod mindustry/gen/Unit hitTime ()F 266 0 133 0 0
ciMethod mindustry/gen/Unit shieldAlpha ()F 266 0 133 0 0
ciMethod mindustry/gen/Unit drawBuilding ()V 0 0 1 0 -1
ciMethod mindustry/gen/Unit isLocal ()Z 0 0 1 0 -1
ciMethod mindustry/gen/Unit isAdded ()Z 0 0 1 0 -1
ciMethod mindustry/gen/Unit floorOn ()Lmindustry/world/blocks/environment/Floor; 0 0 1 0 -1
ciMethod mindustry/gen/Unit trns (FF)V 0 0 1 0 -1
ciMethod mindustry/gen/Unit inFogTo (Lmindustry/game/Team;)Z 0 0 1 0 -1
ciMethod mindustry/gen/Unit hitSize ()F 0 0 1 0 -1
ciMethod mindustry/gen/Unit item ()Lmindustry/type/Item; 0 0 1 0 -1
ciMethod mindustry/gen/Unit mining ()Z 0 0 1 0 -1
ciMethod mindustry/gen/Unit isFlying ()Z 0 0 1 0 -1
ciMethod mindustry/core/World floorWorld (FF)Lmindustry/world/blocks/environment/Floor; 780 0 6628 0 -1
ciMethod mindustry/core/World tile (II)Lmindustry/world/Tile; 0 0 912568 0 192
ciMethod mindustry/world/Tiles get (II)Lmindustry/world/Tile; 0 0 16863 0 160
ciMethodData arc/graphics/Color set (Larc/graphics/Color;)Larc/graphics/Color; 2 159373 orig 80 0 0 0 0 0 0 0 0 0 0 0 0 235 124 0 0 0 0 0 0 0 0 0 0 0 0 0 0 0 0 0 0 0 0 0 0 0 0 0 0 0 0 0 0 0 0 0 0 0 0 0 0 0 0 0 0 0 0 0 0 0 0 0 0 0 0 0 0 0 0 0 0 0 0 0 0 0 0 0 0 data 8 0x0 0x0 0x0 0x0 0x9 0x2 0xe 0x0 oops 0 methods 0
ciMethodData arc/graphics/Color clamp ()Larc/graphics/Color; 2 18969 orig 80 1 0 0 0 0 0 0 0 0 0 0 0 235 124 0 0 0 0 0 0 0 0 0 0 0 0 0 0 0 0 0 0 0 0 0 0 0 0 0 2 0 0 0 0 0 0 0 0 0 0 0 0 0 0 0 0 0 0 0 0 0 0 0 0 0 0 0 0 0 0 0 0 0 0 0 0 0 0 0 0 data 57 0x60007 0x481a 0x38 0x0 0xe0003 0x0 0x38 0x170007 0x44ee 0x20 0x32c 0x250007 0x481a 0x38 0x0 0x2d0003 0x0 0x38 0x8000000600360007 0x4812 0x20 0x9 0x440007 0x481b 0x38 0x0 0x4c0003 0x0 0x38 0x550007 0x4818 0x20 0x3 0x630007 0x481b 0x38 0x0 0x6b0003 0x0 0x38 0x8000000600740007 0x481b 0x20 0x1 0x0 0x0 0x0 0x0 0x0 0x0 0x0 0x0 0x0 0x0 0x9 0x1 0xe oops 0 methods 0
ciMethod mindustry/game/Teams$TeamData core ()Lmindustry/world/blocks/storage/CoreBlock$CoreBuild; 106 0 41056 0 0
ciMethod arc/struct/Queue first ()Ljava/lang/Object; 0 0 4828 0 0
ciMethodData arc/math/Angles trnsx (FF)F 2 92095 orig 80 0 0 0 0 0 0 0 0 0 0 0 0 235 124 0 0 0 0 0 0 0 0 0 0 0 0 0 0 0 0 0 0 0 0 0 0 0 0 0 0 0 0 0 0 0 0 0 0 0 0 0 0 0 0 0 0 0 0 0 0 0 0 0 0 0 0 0 0 0 0 0 0 0 0 0 0 0 0 0 0 data 12 0x20002 0x166af 0x0 0x0 0x0 0x0 0x0 0x0 0x9 0x2 0x0 0x0 oops 0 methods 0
ciMethodData arc/math/Angles trnsy (FF)F 2 94422 orig 80 0 0 0 0 0 0 0 0 0 0 0 0 235 124 0 0 0 0 0 0 0 0 0 0 0 0 0 0 0 0 0 0 0 0 0 0 0 0 0 0 0 0 0 0 0 0 0 0 0 0 0 0 0 0 0 0 0 0 0 0 0 0 0 0 0 0 0 0 0 0 0 0 0 0 0 0 0 0 0 0 data 12 0x20002 0x16fc9 0x0 0x0 0x0 0x0 0x0 0x0 0x9 0x2 0x0 0x0 oops 0 methods 0
ciMethodData arc/graphics/Color toFloatBits ()F 2 6543 orig 80 0 0 0 0 0 0 0 0 0 0 0 0 235 124 0 0 0 0 0 0 0 0 0 0 0 0 0 0 0 0 0 0 0 0 0 0 0 0 0 0 0 0 0 0 0 0 0 0 0 0 0 0 0 0 0 0 0 0 0 0 0 0 0 0 0 0 0 0 0 0 0 0 0 0 0 0 0 0 0 0 data 11 0x2e0002 0x1880 0x0 0x0 0x0 0x0 0x0 0x0 0x9 0x1 0x0 oops 0 methods 0
ciMethodData arc/graphics/Color intToFloatColor (I)F 2 20299 orig 80 0 0 0 0 0 0 0 0 0 0 0 0 235 124 0 0 0 0 0 0 0 0 0 0 0 0 0 0 0 0 0 0 0 0 0 0 0 0 0 0 0 0 0 0 0 0 0 0 0 0 0 0 0 0 0 0 0 0 0 0 0 0 0 0 0 0 0 0 0 0 0 0 0 0 0 0 0 0 0 0 data 11 0x40002 0x4e24 0x0 0x0 0x0 0x0 0x0 0x0 0x9 0x1 0x0 oops 0 methods 0
ciMethodData arc/graphics/g2d/Draw rect (Larc/graphics/g2d/TextureRegion;FFFF)V 2 35473 orig 80 3 0 0 0 3 0 0 0 0 0 0 0 235 124 0 0 0 0 0 0 6 0 0 4 0 0 0 0 0 0 0 0 0 0 0 0 0 0 0 0 0 0 0 0 0 0 0 0 0 0 0 0 0 0 0 0 0 0 0 0 0 0 0 0 0 0 0 0 0 0 0 0 0 0 0 0 0 0 0 0 data 20 0xffffffff00150005 0x177c 0x0 0x2188f88b2a0 0x6832 0x2188f88b1f0 0x98f 0x0 0x0 0x0 0x0 0x0 0x0 0x9 0x5 0x0 0x0 0x0 0x0 0x0 oops 2 3 arc/graphics/g2d/SpriteBatch 5 mindustry/ui/dialogs/EffectsDialog$BoundsBatch methods 0
ciMethodData arc/graphics/g2d/Draw color (Larc/graphics/Color;)V 2 231736 orig 80 1 0 0 0 0 0 0 0 0 0 0 0 235 124 0 0 0 0 0 0 4 0 0 0 0 0 0 0 0 0 0 0 0 0 0 0 0 0 0 0 0 0 0 0 0 0 0 0 0 0 0 0 0 0 0 0 0 0 0 0 0 0 0 0 0 0 0 0 0 0 0 0 0 0 0 0 0 0 0 0 data 23 0x40005 0x0 0x0 0x2188c2ddc80 0x38739 0x0 0x0 0x8000000400070005 0x0 0x0 0x2188f88b2a0 0x383e2 0x2188f88b1f0 0x35b 0x0 0x0 0x0 0x0 0x0 0x0 0x9 0x1 0x0 oops 3 3 arc/graphics/Color 10 arc/graphics/g2d/SpriteBatch 12 mindustry/ui/dialogs/EffectsDialog$BoundsBatch methods 0
ciMethodData arc/graphics/Color lerp (Larc/graphics/Color;F)Larc/graphics/Color; 2 10381 orig 80 0 0 0 0 0 0 0 0 0 0 0 0 235 124 0 0 0 0 0 0 0 0 0 0 0 0 0 0 0 0 0 0 0 0 0 0 0 0 0 0 0 0 0 0 0 0 0 0 0 0 0 0 0 0 0 0 0 0 0 0 0 0 0 0 0 0 0 0 0 0 0 0 0 0 0 0 0 0 0 0 data 19 0x510005 0x0 0x0 0x2188c2ddc80 0x268e 0x0 0x0 0x0 0x0 0x0 0x0 0x0 0x0 0x0 0x9 0x3 0xe 0x0 0x0 oops 1 3 arc/graphics/Color methods 0
ciMethodData arc/math/Mathf clamp (F)F 2 827270 orig 80 0 0 0 0 0 0 0 0 0 0 0 0 235 124 0 0 0 0 0 0 0 0 0 0 0 0 0 0 0 0 0 0 0 0 0 0 0 0 0 0 0 0 0 0 0 0 0 0 0 0 0 0 0 0 0 0 0 0 0 0 0 0 0 0 0 0 0 0 0 0 0 0 0 0 0 0 0 0 0 0 data 13 0x20002 0xc9d87 0x60002 0xc9d89 0x0 0x0 0x0 0x0 0x0 0x0 0x9 0x1 0x0 oops 0 methods 0
ciMethodData arc/graphics/Color a (F)Larc/graphics/Color; 2 28432 orig 80 0 0 0 0 0 0 0 0 0 0 0 0 235 124 0 0 0 0 0 0 0 0 0 0 0 0 0 0 0 0 0 0 0 0 0 0 0 0 0 0 0 0 0 0 0 0 0 0 0 0 0 0 0 0 0 0 0 0 0 0 0 0 0 0 0 0 0 0 0 0 0 0 0 0 0 0 0 0 0 0 data 8 0x0 0x0 0x0 0x0 0x9 0x2 0x8 0x0 oops 0 methods 0
ciMethodData arc/graphics/g2d/Fill light (FFIFLarc/graphics/Color;Larc/graphics/Color;)V 2 2057 orig 80 0 0 0 0 0 0 0 0 0 0 0 0 235 124 0 0 0 0 0 0 0 0 0 0 0 0 0 0 0 0 0 0 0 0 0 0 0 0 0 0 0 0 0 0 0 0 0 0 0 0 0 0 0 0 0 0 0 0 0 0 0 0 0 0 0 0 0 0 0 0 0 0 0 0 0 0 0 0 0 0 data 16 0x90002 0x7fb 0x0 0x0 0x0 0x0 0x0 0x0 0x9 0x6 0x0 0x0 0x0 0x0 0xffffffffffffffff 0xffffffffffffffff oops 0 methods 0
ciMethodData arc/graphics/g2d/Lines stroke (F)V 2 458031 orig 80 0 0 0 0 0 0 0 0 0 0 0 0 235 124 0 0 0 0 0 0 0 0 0 0 0 0 0 0 0 0 0 0 0 0 0 0 0 0 0 0 0 0 0 0 0 0 0 0 0 0 0 0 0 0 0 0 0 0 0 0 0 0 0 0 0 0 0 0 0 0 0 0 0 0 0 0 0 0 0 0 data 5 0x0 0x0 0x9 0x1 0x0 oops 0 methods 0
ciMethodData arc/math/Mathf clamp (FFF)F 2 203073 orig 80 0 0 0 0 0 0 0 0 0 0 0 0 235 124 0 0 0 0 0 0 0 0 0 0 0 0 0 0 0 0 0 0 0 0 0 0 0 0 0 0 0 0 0 0 0 0 0 0 0 0 0 0 0 0 0 0 0 0 0 0 0 0 0 0 0 0 0 0 0 0 0 0 0 0 0 0 0 0 0 0 data 15 0x20002 0x310a0 0x60002 0x310a0 0x0 0x0 0x0 0x0 0x0 0x0 0x9 0x3 0x0 0x0 0x0 oops 0 methods 0
ciMethodData arc/graphics/g2d/Lines circleVertices (F)I 2 16171 orig 80 0 0 0 0 0 0 0 0 0 0 0 0 235 124 0 0 0 0 0 0 0 0 0 0 0 0 0 0 0 0 0 0 0 0 0 0 0 0 0 0 0 0 0 0 0 0 0 0 0 0 0 0 0 0 0 0 0 0 0 0 0 0 0 0 0 0 0 0 0 0 0 0 0 0 0 0 0 0 0 0 data 5 0x0 0x0 0x9 0x1 0x0 oops 0 methods 0
ciMethodData arc/graphics/g2d/Fill square (FFFF)V 2 7382 orig 80 0 0 0 0 0 0 0 0 0 0 0 0 235 124 0 0 0 0 0 0 0 0 0 0 0 0 0 0 0 0 0 0 0 0 0 0 0 0 0 0 0 0 0 0 0 0 0 0 0 0 0 0 0 0 0 0 0 0 0 0 0 0 0 0 0 0 0 0 0 0 0 0 0 0 0 0 0 0 0 0 data 21 0x30005 0x176b 0x0 0x2188ff5e5b0 0x462 0x2188ff5ecf0 0x33 0xf0002 0x1c00 0x0 0x0 0x0 0x0 0x0 0x0 0x9 0x4 0x0 0x0 0x0 0x0 oops 2 3 arc/graphics/g2d/TextureAtlas 5 mindustry/mod/Mods$1 methods 0
ciMethodData arc/struct/Seq first ()Ljava/lang/Object; 2 49543 orig 80 0 0 0 0 0 0 0 0 0 0 0 0 235 124 0 0 0 0 0 0 0 0 0 0 0 0 0 0 0 0 0 0 0 0 0 0 0 0 0 0 0 0 0 0 0 0 0 0 0 0 0 0 0 0 0 0 0 0 0 0 0 0 0 0 0 0 0 0 0 0 0 0 0 0 0 0 0 0 0 0 data 13 0x40007 0xc0e9 0x30 0x0 0xe0002 0x0 0x0 0x0 0x0 0x0 0x9 0x1 0x0 oops 0 methods 0
ciMethod mindustry/gen/UnitEntity activelyBuilding ()Z 0 0 6169 0 128
ciMethod mindustry/gen/UnitEntity isBuilding ()Z 516 0 16418 0 -1
ciMethod mindustry/gen/UnitEntity isLocal ()Z 260 0 4404 0 0
ciMethod mindustry/gen/UnitEntity buildPlan ()Lmindustry/entities/units/BuildPlan; 0 0 1966 0 0
ciMethod mindustry/gen/UnitEntity item ()Lmindustry/type/Item; 1024 0 1560 0 96
ciMethod mindustry/gen/UnitEntity drawBuilding ()V 518 0 850 0 0
ciMethod mindustry/gen/UnitEntity drawBuildingBeam (FF)V 0 0 1 0 0
ciMethod mindustry/gen/UnitEntity drawPlan (Lmindustry/entities/units/BuildPlan;F)V 0 0 1 0 0
ciMethod mindustry/gen/UnitEntity drawPlanTop (Lmindustry/entities/units/BuildPlan;F)V 0 0 1 0 0
ciMethod mindustry/world/blocks/payloads/Payload set (FFF)V 0 0 1 0 -1
ciMethod mindustry/world/blocks/payloads/Payload draw ()V 0 0 1 0 -1
ciMethodData arc/graphics/g2d/Draw rect (Larc/graphics/g2d/TextureRegion;FFFFF)V 2 14720 orig 80 1 0 0 0 0 0 0 0 0 0 0 0 235 124 0 0 0 0 0 0 0 0 0 0 0 0 0 0 0 0 0 0 0 0 0 0 0 0 0 0 0 0 0 0 0 0 0 0 0 0 0 0 0 0 0 0 0 0 0 0 0 0 0 0 0 0 0 0 0 0 0 0 0 0 0 0 0 0 0 0 data 16 0xf0002 0x3811 0x0 0x0 0x0 0x0 0x0 0x0 0x9 0x6 0xffffffffffffffff 0x0 0x0 0x0 0x0 0x0 oops 0 methods 0
ciMethodData arc/graphics/g2d/Draw rect (Larc/graphics/g2d/TextureRegion;FFFFFFF)V 2 14727 orig 80 1 0 0 0 0 0 0 0 0 0 0 0 235 124 0 0 0 0 0 0 0 0 0 0 0 0 0 0 0 0 0 0 0 0 0 0 0 0 0 0 0 0 0 0 0 0 0 0 0 0 0 0 0 0 0 0 0 0 0 0 0 0 0 0 0 0 0 0 0 0 0 0 0 0 0 0 0 0 0 0 data 23 0x180005 0x14 0x0 0x2188f88b2a0 0x25d3 0x2188f88b1f0 0x121c 0x0 0x0 0x0 0x0 0x0 0x0 0x9 0x8 0xffffffffffffffff 0x0 0x0 0x0 0x0 0x0 0x0 0x0 oops 2 3 arc/graphics/g2d/SpriteBatch 5 mindustry/ui/dialogs/EffectsDialog$BoundsBatch methods 0
ciMethodData arc/math/geom/Vec2 set (FF)Larc/math/geom/Vec2; 2 768917 orig 80 0 0 0 0 0 0 0 0 0 0 0 0 235 124 0 0 0 0 0 0 0 0 0 0 0 0 0 0 0 0 0 0 0 0 0 0 0 0 0 0 0 0 0 0 0 0 0 0 0 0 0 0 0 0 0 0 0 0 0 0 0 0 0 0 0 0 0 0 0 0 0 0 0 0 0 0 0 0 0 0 data 9 0x0 0x0 0x0 0x0 0x9 0x3 0x6 0x0 0x0 oops 0 methods 0
ciMethod mindustry/gen/Crawlc segmentRot (F)V 0 0 1 0 -1
ciMethod mindustry/gen/Crawlc rotation ()F 0 0 1 0 -1
ciMethod mindustry/gen/Mechc baseRotation ()F 0 0 1 0 -1
ciMethod mindustry/gen/Mechc walkExtend (Z)F 0 0 1 0 -1
ciMethod mindustry/gen/MechUnit baseRotation ()F 270 0 135 0 0
ciMethod mindustry/gen/MechUnit isFlying ()Z 512 0 35367 0 128
ciMethod mindustry/gen/MechUnit hitSize ()F 256 0 128 0 0
ciMethod mindustry/gen/MechUnit walkExtend (Z)F 0 0 5148 0 352
ciMethod mindustry/gen/MechUnit set (FF)V 768 0 5833 0 96
ciMethod mindustry/gen/MechUnit trns (FF)V 512 0 5389 0 96
ciMethod mindustry/gen/Payloadc payloads ()Larc/struct/Seq; 0 0 1 0 -1
ciMethod mindustry/gen/Payloadc hasPayload ()Z 0 0 1 0 -1
ciMethod mindustry/gen/PayloadUnit buildPlan ()Lmindustry/entities/units/BuildPlan; 170 0 5633 0 192
ciMethod mindustry/gen/PayloadUnit activelyBuilding ()Z 514 0 5379 0 544
ciMethod mindustry/gen/PayloadUnit hasPayload ()Z 1024 0 5632 0 128
ciMethod mindustry/gen/PayloadUnit isBuilding ()Z 512 0 17964 0 96
ciMethod mindustry/gen/PayloadUnit isLocal ()Z 512 0 6256 0 0
ciMethod mindustry/gen/PayloadUnit getX ()F 264 0 132 0 0
ciMethod mindustry/gen/PayloadUnit getY ()F 264 0 132 0 0
ciMethod mindustry/gen/PayloadUnit hitSize ()F 256 0 128 0 0
ciMethod mindustry/gen/PayloadUnit controller ()Lmindustry/entities/units/UnitController; 258 0 129 0 0
ciMethod mindustry/gen/PayloadUnit drawBuilding ()V 1024 0 3464 0 0
ciMethod mindustry/gen/PayloadUnit drawBuildingBeam (FF)V 512 0 617 0 0
ciMethod mindustry/gen/PayloadUnit drawPlan (Lmindustry/entities/units/BuildPlan;F)V 0 0 1 0 -1
ciMethod mindustry/gen/PayloadUnit drawPlanTop (Lmindustry/entities/units/BuildPlan;F)V 0 0 1 0 -1
ciMethod mindustry/entities/part/DrawPart$PartParams set (FFFFFFFFF)Lmindustry/entities/part/DrawPart$PartParams; 0 0 1 0 -1
ciMethodData arc/math/geom/Vec2 add (Larc/math/geom/Vec2;)Larc/math/geom/Vec2; 2 40029 orig 80 0 0 0 0 0 0 0 0 0 0 0 0 235 124 0 0 0 0 0 0 0 0 0 0 0 0 0 0 0 0 0 0 0 0 0 0 0 0 0 0 0 0 0 0 0 0 0 0 0 0 0 0 0 0 0 0 0 0 0 0 0 0 0 0 0 0 0 0 0 0 0 0 0 0 0 0 0 0 0 0 data 8 0x0 0x0 0x0 0x0 0x9 0x2 0x0 0x0 oops 0 methods 0
ciMethod mindustry/type/UnitType$UnitEngine draw (Lmindustry/gen/Unit;)V 1024 0 6431 0 -1
ciMethodData mindustry/core/World tile (II)Lmindustry/world/Tile; 2 912568 orig 80 0 0 0 0 0 0 0 0 0 0 0 0 235 124 0 0 0 0 0 0 0 0 0 0 0 0 0 0 0 0 0 0 0 0 0 0 0 0 0 0 0 0 0 0 0 0 0 0 0 0 0 0 0 0 0 0 0 0 0 0 0 0 0 0 0 0 0 0 0 0 0 0 0 0 0 0 0 0 0 0 data 18 0x60005 0x0 0x0 0x2188f8909d0 0xdecc4 0x0 0x0 0x0 0x0 0x0 0x0 0x0 0x0 0x9 0x3 0x0 0x0 0x0 oops 1 3 mindustry/world/Tiles methods 0
ciMethodData mindustry/world/Tiles get (II)Lmindustry/world/Tile; 2 16863 orig 80 1 0 0 0 0 0 0 0 0 0 0 0 235 124 0 0 0 0 0 0 0 0 0 0 0 0 0 0 0 0 0 0 0 0 0 0 0 0 0 1 0 0 0 0 0 0 0 0 0 0 0 0 0 0 0 0 0 0 0 0 0 0 0 0 0 0 0 0 0 0 0 0 0 0 0 0 0 0 0 0 data 28 0x10007 0x21 0x80 0x41be 0x90007 0x18 0x60 0x41a6 0xd0007 0x151 0x40 0x4055 0x8000000600150007 0x3f08 0x38 0x14e 0x190003 0x2d8 0x18 0x0 0x0 0x0 0x0 0x9 0x3 0x0 0x0 0x0 oops 0 methods 0
ciMethodData arc/math/Mathf lerp (FFF)F 2 216563 orig 80 0 0 0 0 0 0 0 0 0 0 0 0 235 124 0 0 0 0 0 0 0 0 0 0 0 0 0 0 0 0 0 0 0 0 0 0 0 0 0 0 0 0 0 0 0 0 0 0 0 0 0 0 0 0 0 0 0 0 0 0 0 0 0 0 0 0 0 0 0 0 0 0 0 0 0 0 0 0 0 0 data 6 0x0 0x9 0x3 0x0 0x0 0x0 oops 0 methods 0
ciMethodData arc/graphics/g2d/Draw reset ()V 2 382758 orig 80 1 0 0 0 0 0 0 0 0 0 0 0 235 124 0 0 0 0 0 0 0 0 0 0 0 0 0 0 0 0 0 0 0 0 0 0 0 0 0 0 0 0 0 0 0 0 0 0 0 0 0 0 0 0 0 0 0 0 0 0 0 0 0 0 0 0 0 0 0 0 0 0 0 0 0 0 0 0 0 0 data 14 0x2 0x5d527 0x30002 0x5d52b 0xf0002 0x5d52b 0x0 0x0 0x0 0x0 0x0 0x0 0x9 0x0 oops 0 methods 0
ciMethodData arc/graphics/g2d/Draw color ()V 2 449009 orig 80 2 0 0 0 2 0 0 0 0 0 0 0 235 124 0 0 0 0 0 0 4 0 0 5 0 0 0 0 0 0 0 0 0 0 0 0 0 0 0 0 0 0 0 0 0 0 0 0 0 0 0 0 0 0 0 0 0 0 0 0 0 0 0 0 0 0 0 0 0 0 0 0 0 0 0 0 0 0 0 0 data 15 0xffffffff00060005 0x1ff0 0x0 0x2188f88b1f0 0x3469 0x2188f88b2a0 0x683a2 0x0 0x0 0x0 0x0 0x0 0x0 0x9 0x0 oops 2 3 mindustry/ui/dialogs/EffectsDialog$BoundsBatch 5 arc/graphics/g2d/SpriteBatch methods 0
ciMethodData arc/graphics/g2d/Draw mixcol ()V 2 404182 orig 80 0 0 0 0 0 0 0 0 0 0 0 0 235 124 0 0 0 0 0 0 0 0 0 0 0 0 0 0 0 0 0 0 0 0 0 0 0 0 0 0 0 0 0 0 0 0 0 0 0 0 0 0 0 0 0 0 0 0 0 0 0 0 0 0 0 0 0 0 0 0 0 0 0 0 0 0 0 0 0 0 data 15 0x60005 0x1ff0 0x0 0x2188f88b1f0 0x3375 0x2188f88b2a0 0x5d572 0x0 0x0 0x0 0x0 0x0 0x0 0x9 0x0 oops 2 3 mindustry/ui/dialogs/EffectsDialog$BoundsBatch 5 arc/graphics/g2d/SpriteBatch methods 0
ciMethodData arc/graphics/g2d/Draw z (F)V 2 343321 orig 80 1 0 0 0 1 0 0 0 0 0 0 0 235 124 0 0 0 0 0 0 4 0 0 4 0 0 0 0 0 0 0 0 0 0 0 0 0 0 0 0 0 0 0 0 0 0 0 0 0 0 0 0 0 0 0 0 0 0 0 0 0 0 0 0 0 0 0 0 0 0 0 0 0 0 0 0 0 0 0 0 data 30 0x60007 0x0 0x38 0x53c08 0xe0003 0x53c08 0x50 0x190005 0x0 0x0 0x0 0x0 0x0 0x0 0xffffffff001e0005 0xff8 0x0 0x2188f88b1f0 0x1a9d 0x2188f88b2a0 0x5117b 0x0 0x0 0x0 0x0 0x0 0x0 0x9 0x1 0x0 oops 2 17 mindustry/ui/dialogs/EffectsDialog$BoundsBatch 19 arc/graphics/g2d/SpriteBatch methods 0
ciMethodData arc/math/Mathf cos (F)F 2 15280 orig 80 0 0 0 0 0 0 0 0 0 0 0 0 235 124 0 0 0 0 0 0 0 0 0 0 0 0 0 0 0 0 0 0 0 0 0 0 0 0 0 0 0 0 0 0 0 0 0 0 0 0 0 0 0 0 0 0 0 0 0 0 0 0 0 0 0 0 0 0 0 0 0 0 0 0 0 0 0 0 0 0 data 7 0x0 0x0 0x0 0x0 0x9 0x1 0x0 oops 0 methods 0
ciMethodData arc/math/Mathf sin (F)F 2 180168 orig 80 0 0 0 0 0 0 0 0 0 0 0 0 235 124 0 0 0 0 0 0 0 0 0 0 0 0 0 0 0 0 0 0 0 0 0 0 0 0 0 0 0 0 0 0 0 0 0 0 0 0 0 0 0 0 0 0 0 0 0 0 0 0 0 0 0 0 0 0 0 0 0 0 0 0 0 0 0 0 0 0 data 7 0x0 0x0 0x0 0x0 0x9 0x1 0x0 oops 0 methods 0
ciMethodData arc/math/geom/Vec2 rotate (F)Larc/math/geom/Vec2; 2 359010 orig 80 0 0 0 0 0 0 0 0 0 0 0 0 235 124 0 0 0 0 0 0 0 0 0 0 0 0 0 0 0 0 0 0 0 0 0 0 0 0 0 0 0 0 0 0 0 0 0 0 0 0 0 0 0 0 0 0 0 0 0 0 0 0 0 0 0 0 0 0 0 0 0 0 0 0 0 0 0 0 0 0 data 17 0x50005 0x0 0x0 0x2188ea33220 0x5786a 0x0 0x0 0x0 0x0 0x0 0x0 0x0 0x0 0x9 0x2 0x0 0x0 oops 1 3 arc/math/geom/Vec2 methods 0
ciMethodData arc/math/geom/Vec2 rotateRad (F)Larc/math/geom/Vec2; 2 11316 orig 80 0 0 0 0 0 0 0 0 0 0 0 0 235 124 0 0 0 0 0 0 0 0 0 0 0 0 0 0 0 0 0 0 0 0 0 0 0 0 0 0 0 0 0 0 0 0 0 0 0 0 0 0 0 0 0 0 0 0 0 0 0 0 0 0 0 0 0 0 0 0 0 0 0 0 0 0 0 0 0 0 data 14 0x10002 0x2a35 0x60002 0x2a35 0x0 0x0 0x0 0x0 0x0 0x0 0x9 0x2 0x0 0x0 oops 0 methods 0
ciMethod mindustry/graphics/Drawf buildBeam (FFFFF)V 512 0 1743 0 0
ciMethod mindustry/graphics/Drawf light (FFFLarc/graphics/Color;F)V 1024 0 6428 0 288
ciMethod mindustry/graphics/Drawf laser (Larc/graphics/g2d/TextureRegion;Larc/graphics/g2d/TextureRegion;FFFFF)V 376 0 456 0 -1
ciMethodData mindustry/graphics/Drawf light (FFFLarc/graphics/Color;F)V 2 6428 orig 80 0 0 0 0 0 0 0 0 0 0 0 0 235 124 0 0 0 0 0 0 0 0 0 0 0 0 0 0 0 0 0 0 0 0 0 0 0 0 0 0 0 0 0 0 0 0 0 0 0 0 0 0 0 0 0 0 0 0 0 0 0 0 0 0 0 0 0 0 0 0 0 0 0 0 0 0 0 0 0 0 data 24 0x30007 0x171d 0x20 0x0 0x130005 0x0 0x0 0x2188f1eb260 0x171d 0x0 0x0 0x0 0x0 0x0 0x0 0x0 0x0 0x9 0x5 0x0 0x0 0x0 0x0 0x0 oops 1 7 mindustry/graphics/LightRenderer methods 0
ciMethodData mindustry/graphics/LightRenderer add (FFFLarc/graphics/Color;F)V 2 6428 orig 80 0 0 0 0 0 0 0 0 0 0 0 0 235 124 0 0 0 0 0 0 0 0 0 0 0 0 0 0 0 0 0 0 0 0 0 0 0 0 0 0 0 0 0 0 0 0 0 0 0 0 0 0 0 0 0 0 0 0 0 0 0 0 0 0 0 0 0 0 0 0 0 0 0 0 0 0 0 0 0 0 data 58 0x10005 0x0 0x0 0x2188f1eb260 0x171d 0x0 0x0 0x40007 0x171d 0x40 0x0 0xa0007 0x0 0x20 0x0 0x1f0002 0x0 0x2f0007 0x0 0x68 0x0 0x3a0002 0x0 0x3d0005 0x0 0x0 0x0 0x0 0x0 0x0 0x480004 0x0 0x0 0x0 0x0 0x0 0x0 0x590005 0x0 0x0 0x0 0x0 0x0 0x0 0x0 0x0 0x0 0x0 0x0 0x0 0x9 0x6 0x0 0x0 0x0 0x0 0x0 0x0 oops 1 3 mindustry/graphics/LightRenderer methods 0
ciMethodData mindustry/graphics/LightRenderer enabled ()Z 2 6656 orig 80 0 0 0 0 0 0 0 0 0 0 0 0 235 124 0 0 0 0 0 0 0 0 0 0 0 0 0 0 0 0 0 0 0 0 0 0 0 0 0 0 0 0 0 0 0 0 0 0 0 0 0 0 0 0 0 0 0 0 0 0 0 0 0 0 0 0 0 0 0 0 0 0 0 0 0 0 0 0 0 0 data 22 0x90007 0x1801 0x78 0x0 0x1b0007 0x0 0x58 0x0 0x240007 0x0 0x38 0x0 0x280003 0x0 0x18 0x0 0x0 0x0 0x0 0x9 0x1 0x0 oops 0 methods 0
ciMethodData arc/graphics/Color toFloatBits (FFFF)F 2 7550 orig 80 0 0 0 0 0 0 0 0 0 0 0 0 235 124 0 0 0 0 0 0 0 0 0 0 0 0 0 0 0 0 0 0 0 0 0 0 0 0 0 0 0 0 0 0 0 0 0 0 0 0 0 0 0 0 0 0 0 0 0 0 0 0 0 0 0 0 0 0 0 0 0 0 0 0 0 0 0 0 0 0 data 14 0x240002 0x1d33 0x0 0x0 0x0 0x0 0x0 0x0 0x9 0x4 0x0 0x0 0x0 0x0 oops 0 methods 0
ciMethod arc/math/geom/Geometry findClosest (FF[Larc/math/geom/Position;)Larc/math/geom/Position; 512 2048 1743 0 -1
ciMethodData arc/struct/Seq isEmpty ()Z 2 121358 orig 80 0 0 0 0 0 0 0 0 0 0 0 0 235 124 0 0 0 0 0 0 0 0 0 0 0 0 0 0 0 0 0 0 0 0 0 0 0 0 0 0 0 0 0 0 0 0 0 0 0 0 0 0 0 0 0 0 0 0 0 0 0 0 0 0 0 0 0 0 0 0 0 0 0 0 0 0 0 0 0 0 data 13 0x40007 0xcb22 0x38 0x10d68 0x80003 0x10d68 0x18 0x0 0x0 0x0 0x9 0x1 0x0 oops 0 methods 0
ciMethodData mindustry/core/GameState isEditor ()Z 2 62925 orig 80 0 0 0 0 0 0 0 0 0 0 0 0 235 124 0 0 0 0 0 0 0 0 0 0 0 0 0 0 0 0 0 0 0 0 0 0 0 0 0 0 0 0 0 0 0 0 0 0 0 0 0 0 0 0 0 0 0 0 0 0 0 0 0 0 0 0 0 0 0 0 0 0 0 0 0 0 0 0 0 0 data 7 0x0 0x0 0x0 0x0 0x9 0x1 0x0 oops 0 methods 0
ciMethodData arc/graphics/g2d/TextureRegion scl ()F 2 55144 orig 80 0 0 0 0 0 0 0 0 0 0 0 0 235 124 0 0 0 0 0 0 0 0 0 0 0 0 0 0 0 0 0 0 0 0 0 0 0 0 0 0 0 0 0 0 0 0 0 0 0 0 0 0 0 0 0 0 0 0 0 0 0 0 0 0 0 0 0 0 0 0 0 0 0 0 0 0 0 0 0 0 data 7 0x0 0x0 0x0 0x0 0x9 0x1 0x0 oops 0 methods 0
ciMethodData arc/graphics/g2d/TextureAtlas isFound (Larc/graphics/g2d/TextureRegion;)Z 2 5632 orig 80 0 0 0 0 0 0 0 0 0 0 0 0 235 124 0 0 0 0 0 0 0 0 0 0 0 0 0 0 0 0 0 0 0 0 0 0 0 0 0 0 0 0 0 0 0 0 0 0 0 0 0 0 0 0 0 0 0 0 0 0 0 0 0 0 0 0 0 0 0 0 0 0 0 0 0 0 0 0 0 0 data 17 0x50007 0x9f4 0x38 0xa0d 0x90003 0xa0d 0x18 0x0 0x0 0x0 0x0 0x0 0x0 0x9 0x2 0x0 0x0 oops 0 methods 0
ciMethod arc/func/FloatFloatf get (F)F 0 0 1 0 -1
ciMethodData arc/graphics/g2d/Draw z ()F 2 56210 orig 80 0 0 0 0 0 0 0 0 0 0 0 0 235 124 0 0 0 0 0 0 0 0 0 0 0 0 0 0 0 0 0 0 0 0 0 0 0 0 0 0 0 0 0 0 0 0 0 0 0 0 0 0 0 0 0 0 0 0 0 0 0 0 0 0 0 0 0 0 0 0 0 0 0 0 0 0 0 0 0 0 data 4 0x0 0x0 0x9 0x0 oops 0 methods 0
ciMethod mindustry/gen/Segmentc segmentIndex ()I 0 0 1 0 -1
ciMethodData arc/graphics/g2d/SpriteBatch z (F)V 2 6548 orig 80 0 0 0 0 0 0 0 0 0 0 0 0 235 124 0 0 0 0 0 0 0 0 0 0 0 0 0 0 0 0 0 0 0 0 0 0 0 0 0 0 0 0 0 0 0 0 0 0 0 0 0 0 0 0 0 0 0 0 0 0 0 0 0 0 0 0 0 0 0 0 0 0 0 0 0 0 0 0 0 0 data 16 0x60007 0x666 0x20 0x11f6 0x140002 0x666 0x0 0x0 0x0 0x0 0x0 0x0 0x9 0x2 0x0 0x0 oops 0 methods 0
ciMethodData arc/graphics/g2d/Draw rect (Larc/graphics/g2d/TextureRegion;FFF)V 2 5642 orig 80 0 0 0 0 0 0 0 0 0 0 0 0 235 124 0 0 0 0 0 0 0 0 0 0 0 0 0 0 0 0 0 0 0 0 0 0 0 0 0 0 0 0 0 0 0 0 0 0 0 0 0 0 0 0 0 0 0 0 0 0 0 0 0 0 0 0 0 0 0 0 0 0 0 0 0 0 0 0 0 0 data 28 0x90005 0x0 0x0 0x2188ff5e840 0x149e 0x0 0x0 0x170005 0x0 0x0 0x2188ff5e840 0x149e 0x0 0x0 0x200002 0x149e 0x0 0x0 0x0 0x0 0x0 0x0 0x9 0x4 0x0 0x0 0x0 0x0 oops 2 3 arc/graphics/g2d/TextureAtlas$AtlasRegion 10 arc/graphics/g2d/TextureAtlas$AtlasRegion methods 0
ciMethodData mindustry/type/UnitType applyColor (Lmindustry/gen/Unit;)V 2 5642 orig 80 0 0 0 0 0 0 0 0 0 0 0 0 235 124 0 0 0 0 0 0 0 0 0 0 0 0 0 0 0 0 0 0 0 0 0 0 0 0 0 0 0 0 0 0 0 0 0 0 0 0 0 0 0 0 0 0 0 0 0 0 0 0 0 0 0 0 0 0 0 0 0 0 0 0 0 0 0 0 0 0 data 86 0x2 0x146c 0x70007 0x0 0xa0 0x146c 0x100005 0x0 0x0 0x2188c2ddc80 0x146c 0x0 0x0 0x200002 0x146c 0x230005 0x0 0x0 0x2188c2ddc80 0x146c 0x0 0x0 0x320007 0x146c 0x38 0x0 0x360003 0x0 0x28 0x3d0002 0x146c 0x400002 0x146c 0x430002 0x146c 0x4c0007 0x146c 0xc0 0x0 0x530007 0x0 0xa0 0x0 0x600005 0x0 0x0 0x0 0x0 0x0 0x0 0x660005 0x0 0x0 0x0 0x0 0x0 0x0 0x710002 0x0 0x770007 0x0 0x78 0x146c 0x800007 0x0 0x58 0x146c 0x8a0005 0x0 0x0 0x2185707aaa0 0x146c 0x0 0x0 0x0 0x0 0x0 0x0 0x0 0x0 0x0 0x0 0x9 0x2 0x0 0x0 oops 3 9 arc/graphics/Color 18 arc/graphics/Color 70 mindustry/graphics/OverlayRenderer methods 0
ciMethodData arc/graphics/g2d/Draw mixcol (Larc/graphics/Color;F)V 2 6637 orig 80 0 0 0 0 0 0 0 0 0 0 0 0 235 124 0 0 0 0 0 0 0 0 0 0 0 0 0 0 0 0 0 0 0 0 0 0 0 0 0 0 0 0 0 0 0 0 0 0 0 0 0 0 0 0 0 0 0 0 0 0 0 0 0 0 0 0 0 0 0 0 0 0 0 0 0 0 0 0 0 0 data 21 0x100002 0x1800 0x130002 0x1800 0x160005 0x0 0x0 0x2188f88b2a0 0x1800 0x0 0x0 0x0 0x0 0x0 0x0 0x0 0x0 0x9 0x2 0x0 0x0 oops 1 7 arc/graphics/g2d/SpriteBatch methods 0
ciMethodData mindustry/graphics/OverlayRenderer checkApplySelection (Lmindustry/gen/Unit;)V 2 5642 orig 80 0 0 0 0 0 0 0 0 0 0 0 0 235 124 0 0 0 0 0 0 0 0 0 0 0 0 0 0 0 0 0 0 0 0 0 0 0 0 0 0 0 0 0 0 0 0 0 0 0 0 0 0 0 0 0 0 0 0 0 0 0 0 0 0 0 0 0 0 0 0 0 0 0 0 0 0 0 0 0 0 data 38 0x80007 0x140b 0xe0 0x0 0x100007 0x0 0xc0 0x0 0x130002 0x0 0x1f0007 0x0 0x70 0x0 0x2a0005 0x0 0x0 0x0 0x0 0x0 0x0 0x2d0003 0x0 0x18 0x3b0002 0x0 0x3e0002 0x0 0x0 0x0 0x0 0x0 0x0 0x0 0x9 0x2 0x0 0x0 oops 0 methods 0
ciMethodData arc/math/Mathf absin (FFF)F 2 105535 orig 80 0 0 0 0 0 0 0 0 0 0 0 0 235 124 0 0 0 0 0 0 0 0 0 0 0 0 0 0 0 0 0 0 0 0 0 0 0 0 0 0 0 0 0 0 0 0 0 0 0 0 0 0 0 0 0 0 0 0 0 0 0 0 0 0 0 0 0 0 0 0 0 0 0 0 0 0 0 0 0 0 data 13 0x50002 0x19a9f 0x0 0x0 0x0 0x0 0x0 0x0 0x9 0x3 0x0 0x0 0x0 oops 0 methods 0
ciMethodData arc/math/Mathf sin (FFF)F 2 169212 orig 80 0 0 0 0 0 0 0 0 0 0 0 0 235 124 0 0 0 0 0 0 0 0 0 0 0 0 0 0 0 0 0 0 0 0 0 0 0 0 0 0 0 0 0 0 0 0 0 0 0 0 0 0 0 0 0 0 0 0 0 0 0 0 0 0 0 0 0 0 0 0 0 0 0 0 0 0 0 0 0 0 data 13 0x30002 0x2935c 0x0 0x0 0x0 0x0 0x0 0x0 0x9 0x3 0x0 0x0 0x0 oops 0 methods 0
ciMethodData mindustry/type/UnitType draw (Lmindustry/gen/Unit;)V 2 39347 orig 80 10 0 0 0 0 0 0 0 0 0 0 0 235 124 0 0 0 0 0 0 6 0 0 6 0 0 0 0 0 0 0 0 0 0 0 0 0 0 0 3 0 0 0 0 0 0 0 0 0 0 0 0 0 0 0 0 0 0 0 0 0 0 0 0 0 0 0 0 0 0 0 0 0 0 0 0 0 0 0 0 data 742 0x80005 0x0 0x0 0x2188ea32bf0 0x9824 0x0 0x0 0x80000004000b0005 0x7ea0 0x0 0x2188ea32ca0 0x14ec 0x2188ea32d50 0x49c 0xe0007 0x9828 0x20 0x0 0x8000000700130005 0x7ea4 0x0 0x2188ea32ca0 0x14ec 0x2188ea32d50 0x49c 0x160007 0x7586 0x38 0x22a6 0x1a0003 0x22a6 0x18 0x250007 0x7c6c 0x78 0x1bc0 0x290007 0x15d4 0x58 0x5ec 0x80000004002d0005 0x0 0x0 0x2188ea32d50 0x41a 0x2188ea32e00 0x1d4 0x310005 0x7ea6 0x0 0x2188ea32ca0 0x14ec 0x2188ea32d50 0x49c 0x8000000600340007 0x976f 0x78 0xc0 0x380007 0x0 0x58 0xc0 0x3d0005 0x0 0x0 0x2188ea32eb0 0xc0 0x0 0x0 0x410004 0xffffffffffffe014 0x0 0x2188ea32d50 0xac 0x2188ea32f60 0x7843 0x440007 0x1fec 0x70 0x7843 0x480004 0x0 0x0 0x2188ea32f60 0x7843 0x0 0x0 0x4f0003 0x7843 0x18 0x560004 0xffffffffffff67d1 0x0 0x2188ea32d50 0xac 0x2188ea32f60 0xe77 0x590007 0x982f 0x70 0x0 0x5d0004 0x0 0x0 0x0 0x0 0x0 0x0 0x640003 0x0 0x18 0x6b0007 0x7589 0x48 0x22a6 0x6e0002 0x22a6 0x710003 0x22a6 0x158 0x7b0007 0x9ae 0x60 0x6bdb 0x820007 0x6bdb 0x58 0x0 0x890007 0x0 0x38 0x0 0x900003 0x9ae 0xe0 0x950007 0x6bdb 0xb8 0x0 0x9e0005 0x0 0x0 0x0 0x0 0x0 0x0 0xac0002 0x0 0xb60007 0x0 0x38 0x0 0xbc0003 0x0 0x18 0xc10003 0x0 0x28 0xd40002 0x6bdb 0xdb0007 0x22a6 0xf0 0x7589 0x8000000700df0005 0x596 0x0 0x2188ea32d50 0x41a 0x2188ea32f60 0x6bdb 0xe20007 0x9b0 0x40 0x6bdb 0xeb0007 0x6bdb 0x78 0x0 0xf40002 0x9b0 0xf70002 0x9b0 0xfc0005 0x273 0x0 0x2188ea33010 0x37b 0x2188ea32eb0 0x3c2 0x1050002 0x9831 0x10a0007 0x1fee 0x258 0x7843 0x1100005 0x3d0b 0x0 0x2188ea330c0 0x2703 0x2188ea33170 0x1435 0x1180005 0x0 0x0 0x2188ea32f60 0x7843 0x0 0x0 0x1210005 0x0 0x0 0x2188ea32f60 0x7843 0x0 0x0 0x12a0002 0x7843 0x1370002 0x7843 0x13a0005 0x0 0x0 0x2188ea33220 0x7843 0x0 0x0 0x1460005 0x0 0x0 0x2188ea32f60 0x7843 0x0 0x0 0x1530005 0x0 0x0 0x2188ea32f60 0x7843 0x0 0x0 0x15c0002 0x7843 0x1690002 0x7843 0x16c0005 0x0 0x0 0x2188ea33220 0x7843 0x0 0x0 0x16f0005 0x0 0x0 0x2188ea33220 0x7843 0x0 0x0 0x1800005 0x0 0x0 0x2188ea32f60 0x7843 0x0 0x0 0x1840004 0xffffffffffff67cf 0x0 0x2188ea32d50 0xac 0x2188ea32f60 0xe77 0x1870007 0x9831 0xc8 0x0 0x18c0004 0x0 0x0 0x0 0x0 0x0 0x0 0x18f0004 0x0 0x0 0x0 0x0 0x0 0x0 0x1920005 0x0 0x0 0x0 0x0 0x0 0x0 0x1960004 0xffffffffffff67cf 0x0 0x2188ea32d50 0xac 0x2188ea32f60 0xe77 0x1990007 0x9831 0xe8 0x0 0x19d0007 0x0 0xc8 0x0 0x1a20004 0x0 0x0 0x0 0x0 0x0 0x0 0x1a50004 0x0 0x0 0x0 0x0 0x0 0x0 0x1a80005 0x0 0x0 0x0 0x0 0x0 0x0 0x1b40002 0x9831 0x1b70002 0x9831 0x1bb0004 0xffffffffffff6c6b 0x0 0x2188ea32d50 0x49c 0x2188ea32f60 0xe77 0x1be0007 0x9395 0xc8 0x49c 0x1c30004 0x0 0x0 0x2188ea32d50 0x49c 0x0 0x0 0x1c60004 0x0 0x0 0x2188ea32d50 0x49c 0x0 0x0 0x1c90005 0x0 0x0 0x2188ea33010 0x37b 0x2188ea332d0 0x121 0x1d00007 0x0 0x58 0x9831 0x1d50005 0x7fca 0x0 0x2188ea33380 0x14ec 0x2188ea33010 0x37b 0x1da0002 0x9831 0x1de0004 0xffffffffffff67cf 0x0 0x2188ea32d50 0xac 0x2188ea32f60 0xe77 0x1e10007 0x9831 0x120 0x0 0x1e50004 0x0 0x0 0x0 0x0 0x0 0x0 0x1eb0007 0x0 0x90 0x0 0x1f20005 0x0 0x0 0x0 0x0 0x0 0x0 0x1f70005 0x0 0x0 0x0 0x0 0x0 0x0 0x1ff0005 0x0 0x0 0x0 0x0 0x0 0x0 0x2060007 0x0 0x58 0x9831 0x20b0005 0x7fca 0x0 0x2188ea33380 0x14ec 0x2188ea33010 0x37b 0x2100005 0x7fca 0x0 0x2188ea33380 0x14ec 0x2188ea33010 0x37b 0x2190007 0x9831 0x30 0x0 0x2200002 0x0 0x2270007 0x9831 0xf0 0x0 0x22e0007 0x0 0xd0 0x0 0x2320005 0x0 0x0 0x0 0x0 0x0 0x0 0x2350007 0x0 0x40 0x0 0x23c0007 0x0 0x58 0x0 0x2410005 0x0 0x0 0x0 0x0 0x0 0x0 0x24b0007 0x0 0x58 0x9831 0x2500005 0x7fca 0x0 0x2188ea33380 0x14ec 0x2188ea33010 0x37b 0x2550002 0x9830 0x25c0007 0x0 0x58 0x9830 0x2610005 0x7fc9 0x0 0x2188ea33380 0x14ec 0x2188ea33010 0x37b 0x2680007 0x0 0xb0 0x9830 0x26c0004 0xffffffffffff67d0 0x0 0x2188ea32d50 0xac 0x2188ea32f60 0xe77 0x26f0007 0x0 0x58 0x9830 0x2740005 0x7fc9 0x0 0x2188ea33380 0x14ec 0x2188ea33010 0x37b 0x2780002 0x9830 0x27d0005 0x7fc9 0x0 0x2188ea33380 0x14ec 0x2188ea33010 0x37b 0x2840007 0x0 0x58 0x9830 0x2890005 0x7fc9 0x0 0x2188ea33380 0x14ec 0x2188ea33010 0x37b 0x28d0007 0x22aa 0x58 0x758b 0x2920005 0x4e63 0x0 0x2188ea33010 0x37b 0x2188ea330c0 0x23ad 0x80000006029b0007 0x906b 0x78 0x7cb 0x2a20007 0x0 0x58 0x7cb 0x2a70005 0x213 0x0 0x2188ea33170 0xa7 0x2188ea33430 0x511 0x2b10007 0x983a 0x2e0 0x0 0x2c00007 0x0 0x2c0 0x0 0x2c90005 0x0 0x0 0x0 0x0 0x0 0x0 0x2cc0004 0x0 0x0 0x0 0x0 0x0 0x0 0x2db0007 0x0 0x38 0x0 0x2e80003 0x0 0x18 0x2f00007 0x0 0x70 0x0 0x3290005 0x0 0x0 0x0 0x0 0x0 0x0 0x32d0003 0x0 0x50 0x3450005 0x0 0x0 0x0 0x0 0x0 0x0 0x34a0004 0x0 0x0 0x0 0x0 0x0 0x0 0x34d0007 0x0 0x90 0x0 0x3510004 0x0 0x0 0x0 0x0 0x0 0x0 0x35b0005 0x0 0x0 0x0 0x0 0x0 0x0 0x3650005 0x0 0x0 0x0 0x0 0x0 0x0 0x36d0005 0x0 0x0 0x0 0x0 0x0 0x0 0x3730003 0x0 0xfffffffffffffd58 0x3770007 0x22aa 0xa0 0x7590 0x80000006038c0007 0x7591 0x80 0x182b 0x3960002 0x182b 0x39c0005 0x0 0x0 0x2188ea334e0 0x1658 0x2188ea33590 0x1d3 0x3a20003 0x182b 0xffffffffffffff98 0x3a70007 0x1ff2 0x58 0x7849 0x3b90005 0x0 0x0 0x2188ea32f60 0x7849 0x0 0x0 0x3bc0002 0x983b 0x0 0x0 0x0 0x0 0x0 0x0 0x0 0x0 0x0 0x0 0x0 0x0 0x0 0x0 0x0 0x0 0x0 0x0 0x0 0x0 0x0 0x0 0x0 0x0 0x0 0x0 0x0 0x0 0x0 0x0 0x0 0x0 0x0 0x0 0x0 0x0 0x0 0x0 0x0 0x0 0x9 0x2 0x0 0x0 oops 66 3 mindustry/gen/Player 10 mindustry/gen/UnitEntityLegacyGamma 12 mindustry/gen/PayloadUnit 21 mindustry/gen/UnitEntityLegacyGamma 23 mindustry/gen/PayloadUnit 43 mindustry/gen/PayloadUnit 45 mindustry/gen/UnitEntityLegacyPoly 50 mindustry/gen/UnitEntityLegacyGamma 52 mindustry/gen/PayloadUnit 65 mindustry/content/UnitTypes$21 72 mindustry/gen/PayloadUnit 74 mindustry/gen/MechUnit 83 mindustry/gen/MechUnit 93 mindustry/gen/PayloadUnit 95 mindustry/gen/MechUnit 167 mindustry/gen/PayloadUnit 169 mindustry/gen/MechUnit 186 mindustry/content/UnitTypes$58 188 mindustry/content/UnitTypes$21 199 mindustry/content/UnitTypes$1 201 mindustry/content/UnitTypes$2 206 mindustry/gen/MechUnit 213 mindustry/gen/MechUnit 224 arc/math/geom/Vec2 231 mindustry/gen/MechUnit 238 mindustry/gen/MechUnit 249 arc/math/geom/Vec2 256 arc/math/geom/Vec2 263 mindustry/gen/MechUnit 270 mindustry/gen/PayloadUnit 272 mindustry/gen/MechUnit 302 mindustry/gen/PayloadUnit 304 mindustry/gen/MechUnit 342 mindustry/gen/PayloadUnit 344 mindustry/gen/MechUnit 353 mindustry/gen/PayloadUnit 360 mindustry/gen/PayloadUnit 367 mindustry/content/UnitTypes$58 369 mindustry/content/UnitTypes$23 378 mindustry/content/UnitTypes$38 380 mindustry/content/UnitTypes$58 387 mindustry/gen/PayloadUnit 389 mindustry/gen/MechUnit 434 mindustry/content/UnitTypes$38 436 mindustry/content/UnitTypes$58 441 mindustry/content/UnitTypes$38 443 mindustry/content/UnitTypes$58 488 mindustry/content/UnitTypes$38 490 mindustry/content/UnitTypes$58 501 mindustry/content/UnitTypes$38 503 mindustry/content/UnitTypes$58 512 mindustry/gen/PayloadUnit 514 mindustry/gen/MechUnit 523 mindustry/content/UnitTypes$38 525 mindustry/content/UnitTypes$58 532 mindustry/content/UnitTypes$38 534 mindustry/content/UnitTypes$58 543 mindustry/content/UnitTypes$38 545 mindustry/content/UnitTypes$58 554 mindustry/content/UnitTypes$58 556 mindustry/content/UnitTypes$1 569 mindustry/content/UnitTypes$2 571 mindustry/content/UnitTypes$3 678 mindustry/entities/abilities/ShieldRegenFieldAbility 680 mindustry/entities/abilities/RepairFieldAbility 692 mindustry/gen/MechUnit methods 0
ciMethodData mindustry/type/UnitType drawMining (Lmindustry/gen/Unit;)V 1 268 orig 80 0 0 0 0 0 0 0 0 0 0 0 0 235 124 0 0 0 0 0 0 0 0 0 0 0 0 0 0 0 0 0 0 0 0 0 0 0 0 0 0 0 0 0 0 0 0 0 0 0 0 0 0 0 0 0 0 0 0 0 0 0 0 0 0 0 0 0 0 0 0 0 0 0 0 0 0 0 0 0 0 data 27 0x40007 0x0 0x88 0x10c 0x120002 0x10c 0x200002 0x10c 0x2e0002 0x10c 0x390005 0x0 0x0 0x2188ea32eb0 0x10c 0x0 0x0 0x0 0x0 0x0 0x0 0x0 0x0 0x9 0x2 0x0 0x0 oops 1 13 mindustry/content/UnitTypes$21 methods 0
ciMethodData mindustry/gen/MechUnit walkExtend (Z)F 2 5148 orig 80 0 0 0 0 0 0 0 0 0 0 0 0 235 124 0 0 0 0 0 0 0 0 0 0 0 0 0 0 0 0 0 0 0 0 0 0 0 0 0 0 0 0 0 0 0 0 0 0 0 0 0 0 0 0 0 0 0 0 0 0 0 0 0 0 0 0 0 0 0 0 0 0 0 0 0 0 0 0 0 0 data 35 0x120007 0x622 0x20 0xdfa 0x2c0007 0x622 0x38 0x0 0x3d0003 0x0 0x70 0x4b0007 0x622 0x38 0x0 0x5a0003 0x0 0x38 0x660007 0x622 0x20 0x0 0x0 0x0 0x0 0x0 0x0 0x0 0x0 0x0 0x0 0x9 0x2 0x0 0x0 oops 0 methods 0
ciMethodData arc/math/geom/Vec2 trns (FFF)Larc/math/geom/Vec2; 2 59304 orig 80 0 0 0 0 0 0 0 0 0 0 0 0 235 124 0 0 0 0 0 0 0 0 0 0 0 0 0 0 0 0 0 0 0 0 0 0 0 0 0 0 0 0 0 0 0 0 0 0 0 0 0 0 0 0 0 0 0 0 0 0 0 0 0 0 0 0 0 0 0 0 0 0 0 0 0 0 0 0 0 0 data 26 0x30005 0x0 0x0 0x2188ea33220 0xe7a8 0x0 0x0 0x70005 0x0 0x0 0x2188ea33220 0xe7a8 0x0 0x0 0x0 0x0 0x0 0x0 0x0 0x0 0x9 0x4 0x6 0x0 0x0 0x0 oops 2 3 arc/math/geom/Vec2 10 arc/math/geom/Vec2 methods 0
ciMethodData arc/graphics/g2d/Draw scl (F)V 2 42633 orig 80 0 0 0 0 0 0 0 0 0 0 0 0 235 124 0 0 0 0 0 0 0 0 0 0 0 0 0 0 0 0 0 0 0 0 0 0 0 0 0 0 0 0 0 0 0 0 0 0 0 0 0 0 0 0 0 0 0 0 0 0 0 0 0 0 0 0 0 0 0 0 0 0 0 0 0 0 0 0 0 0 data 11 0x20002 0xa503 0x0 0x0 0x0 0x0 0x0 0x0 0x9 0x1 0x0 oops 0 methods 0
ciMethodData mindustry/type/UnitType drawLight (Lmindustry/gen/Unit;)V 2 5120 orig 80 0 0 0 0 0 0 0 0 0 0 0 0 235 124 0 0 0 0 0 0 0 0 0 0 0 0 0 0 0 0 0 0 0 0 0 0 0 0 0 0 0 0 0 0 0 0 0 0 0 0 0 0 0 0 0 0 0 0 0 0 0 0 0 0 0 0 0 0 0 0 0 0 0 0 0 0 0 0 0 0 data 16 0x60007 0x0 0x30 0x1400 0x1d0002 0x1400 0x0 0x0 0x0 0x0 0x0 0x0 0x9 0x2 0x0 0x0 oops 0 methods 0
ciMethodData mindustry/type/UnitType drawPayload (Lmindustry/gen/Unit;)V 2 3594 orig 80 0 0 0 0 0 0 0 0 0 0 0 0 235 124 0 0 0 0 0 0 0 0 0 0 0 0 0 0 0 0 0 0 0 0 0 0 0 0 0 0 0 0 0 0 0 0 0 0 0 0 0 0 0 0 0 0 0 0 0 0 0 0 0 0 0 0 0 0 0 0 0 0 0 0 0 0 0 0 0 0 data 76 0x10004 0x0 0x0 0x2188ea32d50 0xe0a 0x0 0x0 0x40005 0x0 0x0 0x2188ea32d50 0xe0a 0x0 0x0 0x90007 0xe0a 0x1a0 0x0 0xc0002 0x0 0x150002 0x0 0x190004 0x0 0x0 0x0 0x0 0x0 0x0 0x1c0005 0x0 0x0 0x0 0x0 0x0 0x0 0x210005 0x0 0x0 0x0 0x0 0x0 0x0 0x240004 0x0 0x0 0x0 0x0 0x0 0x0 0x350005 0x0 0x0 0x0 0x0 0x0 0x0 0x3b0005 0x0 0x0 0x0 0x0 0x0 0x0 0x410002 0x0 0x0 0x0 0x0 0x0 0x0 0x0 0x9 0x2 0x0 0xffffffffffffffff oops 2 3 mindustry/gen/PayloadUnit 10 mindustry/gen/PayloadUnit methods 0
ciMethodData mindustry/type/UnitType drawOutline (Lmindustry/gen/Unit;)V 2 6598 orig 80 0 0 0 0 0 0 0 0 0 0 0 0 235 124 0 0 0 0 0 0 0 0 0 0 0 0 0 0 0 0 0 0 0 0 0 0 0 0 0 0 0 0 0 0 0 0 0 0 0 0 0 0 0 0 0 0 0 0 0 0 0 0 0 0 0 0 0 0 0 0 0 0 0 0 0 0 0 0 0 0 data 41 0x2 0x1840 0xa0005 0x0 0x0 0x2188f5a8e00 0x1840 0x0 0x0 0xd0007 0x1840 0xb0 0x0 0x120005 0x0 0x0 0x0 0x0 0x0 0x0 0x170005 0x0 0x0 0x0 0x0 0x0 0x0 0x2e0002 0x0 0x310002 0x0 0x0 0x0 0x0 0x0 0x0 0x0 0x9 0x2 0x0 0x0 oops 1 5 mindustry/mod/Mods$2 methods 0
ciMethodData arc/graphics/g2d/Draw scl (FF)V 2 48080 orig 80 0 0 0 0 0 0 0 0 0 0 0 0 235 124 0 0 0 0 0 0 0 0 0 0 0 0 0 0 0 0 0 0 0 0 0 0 0 0 0 0 0 0 0 0 0 0 0 0 0 0 0 0 0 0 0 0 0 0 0 0 0 0 0 0 0 0 0 0 0 0 0 0 0 0 0 0 0 0 0 0 data 7 0x0 0x0 0x0 0x9 0x2 0x0 0x0 oops 0 methods 0
ciMethodData mindustry/type/UnitType drawBody (Lmindustry/gen/Unit;)V 2 6598 orig 80 0 0 0 0 0 0 0 0 0 0 0 0 235 124 0 0 0 0 0 0 0 0 0 0 0 0 0 0 0 0 0 0 0 0 0 0 0 0 0 0 0 0 0 0 0 0 0 0 0 0 0 0 0 0 0 0 0 0 0 0 0 0 0 0 0 0 0 0 0 0 0 0 0 0 0 0 0 0 0 0 data 57 0x20005 0x2cb 0x0 0x2188ea33380 0x14ec 0x2188ea33010 0x89 0x60004 0xffffffffffffe7c0 0x0 0x2188ea32ca0 0x105 0x0 0x0 0x90007 0x1840 0xe8 0x0 0xd0002 0x0 0x110005 0x0 0x0 0x0 0x0 0x0 0x0 0x1a0005 0x0 0x0 0x0 0x0 0x0 0x0 0x200005 0x0 0x0 0x0 0x0 0x0 0x0 0x240002 0x0 0x3b0002 0x1840 0x3e0002 0x1840 0x0 0x0 0x0 0x0 0x0 0x0 0x9 0x2 0x0 0x0 oops 3 3 mindustry/content/UnitTypes$38 5 mindustry/content/UnitTypes$58 10 mindustry/gen/UnitEntityLegacyGamma methods 0
ciMethodData mindustry/type/UnitType drawWeapons (Lmindustry/gen/Unit;)V 2 13470 orig 80 1 0 0 0 0 0 0 0 0 0 0 0 235 124 0 0 0 0 0 0 0 0 0 4 0 0 0 0 0 0 0 0 0 0 0 0 0 0 0 0 0 0 0 0 0 0 0 0 0 0 0 0 0 0 0 0 0 0 0 0 0 0 0 0 0 0 0 0 0 0 0 0 0 0 0 0 0 0 0 0 data 33 0x20005 0x77 0x0 0x2188ea33380 0x14ec 0x2188ea33010 0x362 0x130007 0x18c9 0x70 0x318e 0x8000000700240005 0xf6 0x0 0x21890061d80 0x29d8 0x21890061e30 0x6c4 0x2a0003 0x3192 0xffffffffffffffa8 0x2d0002 0x18c9 0x0 0x0 0x0 0x0 0x0 0x0 0x9 0x2 0x0 0x0 oops 4 3 mindustry/content/UnitTypes$38 5 mindustry/content/UnitTypes$58 14 mindustry/content/UnitTypes$38$1 16 mindustry/content/UnitTypes$58$1 methods 0
ciMethodData mindustry/type/UnitType drawItems (Lmindustry/gen/Unit;)V 2 10724 orig 80 2 0 0 0 2 0 0 0 0 0 0 0 235 124 0 0 0 0 0 0 4 0 0 4 0 0 0 0 0 0 0 0 0 0 0 0 0 0 0 2 0 0 0 0 0 0 0 0 0 0 0 0 0 0 0 0 0 0 0 0 0 0 0 0 0 0 0 0 0 0 0 0 0 0 0 0 0 0 0 0 data 104 0x20005 0x13b9 0x0 0x2188ea33380 0x141c 0x2188ea33010 0x89 0xffffffff00060005 0x1310 0x0 0x2188ea32ca0 0x141c 0x2188ea32d50 0x13a 0x90007 0x0 0x228 0x2866 0x8000000600140007 0x2842 0x208 0x26 0x1d0002 0x26 0x330002 0x26 0x370005 0x0 0x0 0x2188f1af460 0x26 0x0 0x0 0x4d0002 0x26 0x610002 0x26 0x6b0002 0x26 0x6e0002 0x26 0x830002 0x26 0x9a0002 0x26 0xae0002 0x26 0xb40002 0x26 0xb80005 0x0 0x0 0x2188f1af460 0x26 0x0 0x0 0xbb0007 0x26 0xc8 0x0 0xc40007 0x0 0xa8 0x0 0xd1000a 0x0 0x1 0x2184b095570 0xe60002 0x0 0xfa0002 0x0 0x10c0002 0x0 0x1120005 0x0 0x0 0x0 0x0 0x0 0x0 0x1160002 0x26 0x0 0x0 0x0 0x0 0x0 0x0 0x0 0x0 0x0 0x0 0x0 0x0 0x0 0x0 0x0 0x0 0x0 0x9 0x2 0x0 0x0 oops 7 3 mindustry/content/UnitTypes$38 5 mindustry/content/UnitTypes$58 10 mindustry/gen/UnitEntityLegacyGamma 12 mindustry/gen/PayloadUnit 29 mindustry/gen/UnitEntityLegacyMono 52 mindustry/gen/UnitEntityLegacyMono 67 java/lang/String methods 0
ciMethodData mindustry/type/UnitType drawShield (Lmindustry/gen/Unit;)V 2 1995 orig 80 0 0 0 0 0 0 0 0 0 0 0 0 235 124 0 0 0 0 0 0 0 0 0 0 0 0 0 0 0 0 0 0 0 0 0 4 0 0 0 0 0 0 0 0 0 0 0 0 0 0 0 0 0 0 0 0 0 0 0 0 0 0 0 0 0 0 0 0 0 0 0 0 0 0 0 0 0 0 0 0 data 65 0x10005 0x0 0x0 0x2188ea32f60 0x7b6 0x2188ea32d50 0x15 0x60005 0x0 0x0 0x2188ea32f60 0x7b6 0x2188ea32d50 0x19 0x170002 0x7cf 0x260005 0x217 0x0 0x2188ea33170 0xa7 0x2188ea33430 0x511 0x290005 0x0 0x0 0x2188c2ddc80 0x7cf 0x0 0x0 0x300005 0x0 0x0 0x2188ea32f60 0x7b6 0x2188ea32d50 0x19 0x350002 0x7cf 0x380005 0x0 0x0 0x2188c2ddc80 0x7cf 0x0 0x0 0x400005 0x0 0x0 0x2188c2ddc80 0x7cf 0x0 0x0 0x430002 0x7cf 0x800000040006000d 0x2188ea309d0 0x0 0x0 0x0 0x0 0x9 0x2 0x0 0x0 oops 11 3 mindustry/gen/MechUnit 5 mindustry/gen/PayloadUnit 10 mindustry/gen/MechUnit 12 mindustry/gen/PayloadUnit 19 mindustry/content/UnitTypes$2 21 mindustry/content/UnitTypes$3 26 arc/graphics/Color 33 mindustry/gen/MechUnit 35 mindustry/gen/PayloadUnit 42 arc/graphics/Color 49 arc/graphics/Color methods 1 56 mindustry/type/UnitType draw (Lmindustry/gen/Unit;)V
ciMethodData mindustry/gen/UnitEntity item ()Lmindustry/type/Item; 2 1560 orig 80 0 0 0 0 0 0 0 0 0 0 0 0 235 124 0 0 0 0 0 0 0 0 0 0 0 0 0 0 0 0 0 0 0 0 0 0 0 0 0 0 0 0 0 0 0 0 0 0 0 0 0 0 0 0 0 0 0 0 0 0 0 0 0 0 0 0 0 0 0 0 0 0 0 0 0 0 0 0 0 0 data 7 0x0 0x0 0x0 0x0 0x9 0x1 0x0 oops 0 methods 0
ciMethodData mindustry/game/Team core ()Lmindustry/world/blocks/storage/CoreBlock$CoreBuild; 2 41054 orig 80 0 0 0 0 0 0 0 0 0 0 0 0 235 124 0 0 0 0 0 0 0 0 0 0 0 0 0 0 0 0 0 0 0 0 0 0 0 0 0 0 0 0 0 0 0 0 0 0 0 0 0 0 0 0 0 0 0 0 0 0 0 0 0 0 0 0 0 0 0 0 0 0 0 0 0 0 0 0 0 0 data 23 0x10005 0x0 0x0 0x2188ed19c90 0xa029 0x0 0x0 0x40005 0x0 0x0 0x2188f465a90 0xa029 0x0 0x0 0x0 0x0 0x0 0x0 0x0 0x0 0x9 0x1 0x0 oops 2 3 mindustry/game/Team 10 mindustry/game/Teams$TeamData methods 0
ciMethodData mindustry/game/Teams$TeamData core ()Lmindustry/world/blocks/storage/CoreBlock$CoreBuild; 2 41056 orig 80 0 0 0 0 0 0 0 0 0 0 0 0 235 124 0 0 0 0 0 0 0 0 0 0 0 0 0 0 0 0 0 0 0 0 0 0 0 0 0 0 0 0 0 0 0 0 0 0 0 0 0 0 0 0 0 0 0 0 0 0 0 0 0 0 0 0 0 0 0 0 0 0 0 0 0 0 0 0 0 0 data 37 0x40005 0x0 0x0 0x2188ed20470 0xa02b 0x0 0x0 0x70007 0xa02b 0x38 0x0 0xb0003 0x0 0x88 0x120005 0x0 0x0 0x2188ed20470 0xa02b 0x0 0x0 0x150004 0x0 0x0 0x2188c261bd0 0xa02b 0x0 0x0 0x0 0x0 0x0 0x0 0x0 0x0 0x9 0x1 0x0 oops 3 3 arc/struct/Seq 17 arc/struct/Seq 24 mindustry/world/blocks/storage/CoreBlock$CoreBuild methods 0
ciMethodData arc/math/geom/Position within (FFF)Z 2 32280 orig 80 0 0 0 0 0 0 0 0 0 0 0 0 235 124 0 0 0 0 0 0 0 0 0 0 0 0 0 0 0 0 0 0 0 0 0 0 0 0 0 0 0 0 0 0 0 0 0 0 0 0 0 0 0 0 0 0 0 0 0 0 0 0 0 0 0 0 0 0 0 0 0 0 0 0 0 0 0 0 0 0 data 35 0x10005 0x522e 0x0 0x2184b38e2b0 0x4e 0x2184b38e360 0x4e 0x70005 0x522e 0x0 0x2184b38e2b0 0x4e 0x2184b38e360 0x4e 0xe0002 0x7e01 0x150007 0x52e0 0x38 0x2b30 0x190003 0x2b30 0x18 0x0 0x0 0x0 0x0 0x0 0x0 0x9 0x4 0x0 0x0 0x0 0x0 oops 4 3 adapter12 5 adapter11 10 adapter12 12 adapter11 methods 0
ciMethodData arc/math/Mathf dst2 (FFFF)F 2 1050 orig 80 0 0 0 0 0 0 0 0 0 0 0 0 235 124 0 0 0 0 0 0 0 0 0 0 0 0 0 0 0 0 0 0 0 0 0 0 0 0 0 0 0 0 0 0 0 0 0 0 0 0 0 0 0 0 0 0 0 0 0 0 0 0 0 0 0 0 0 0 0 0 0 0 0 0 0 0 0 0 0 0 data 7 0x0 0x9 0x4 0x0 0x0 0x0 0x0 oops 0 methods 0
ciMethodData arc/math/geom/Position within (Larc/math/geom/Position;F)Z 2 12268 orig 80 0 0 0 0 0 0 0 0 0 0 0 0 235 124 0 0 0 0 0 0 0 0 0 0 0 0 0 0 0 0 0 0 0 0 0 0 0 0 0 0 0 0 0 0 0 0 0 0 0 0 0 0 0 0 0 0 0 0 0 0 0 0 0 0 0 0 0 0 0 0 0 0 0 0 0 0 0 0 0 0 data 32 0x20005 0xe27 0x0 0x2184b38e200 0x186 0x2188c2613e0 0xb95 0x80005 0xe27 0x0 0x2184b38e200 0x186 0x2188c2613e0 0xb95 0xe0005 0x2f23 0x0 0x2184b38e2b0 0x4e 0x2184b38e360 0x4e 0x0 0x0 0x0 0x0 0x0 0x0 0x9 0x3 0xffffffffffffffff 0xffffffffffffffff 0x0 oops 6 3 adapter10 5 mindustry/entities/units/BuildPlan 10 adapter10 12 mindustry/entities/units/BuildPlan 17 adapter12 19 adapter11 methods 0
ciMethodData mindustry/entities/units/BuildPlan tile ()Lmindustry/world/Tile; 2 13310 orig 80 0 0 0 0 0 0 0 0 0 0 0 0 235 124 0 0 0 0 0 0 0 0 0 0 0 0 0 0 0 0 0 0 0 0 0 0 0 0 0 0 0 0 0 0 0 0 0 0 0 0 0 0 0 0 0 0 0 0 0 0 0 0 0 0 0 0 0 0 0 0 0 0 0 0 0 0 0 0 0 0 data 16 0xb0005 0x0 0x0 0x21891787fb0 0x33fe 0x0 0x0 0x0 0x0 0x0 0x0 0x0 0x0 0x9 0x1 0x0 oops 1 3 mindustry/core/World methods 0
ciMethodData arc/math/Mathf ceil (F)I 2 1284 orig 80 0 0 0 0 0 0 0 0 0 0 0 0 235 124 0 0 0 0 0 0 0 0 0 0 0 0 0 0 0 0 0 0 0 0 0 0 0 0 0 0 0 0 0 0 0 0 0 0 0 0 0 0 0 0 0 0 0 0 0 0 0 0 0 0 0 0 0 0 0 0 0 0 0 0 0 0 0 0 0 0 data 5 0x0 0x0 0x9 0x1 0x0 oops 0 methods 0
ciMethodData mindustry/gen/PayloadUnit isBuilding ()Z 2 17964 orig 80 0 0 0 0 0 0 0 0 0 0 0 0 235 124 0 0 0 0 0 0 0 0 0 0 0 0 0 0 0 0 0 0 0 0 0 0 0 0 0 0 0 0 0 0 0 0 0 0 0 0 0 0 0 0 0 0 0 0 0 0 0 0 0 0 0 0 0 0 0 0 0 0 0 0 0 0 0 0 0 0 data 14 0x70007 0x308f 0x38 0x149d 0xb0003 0x149d 0x18 0x0 0x0 0x0 0x0 0x9 0x1 0x0 oops 0 methods 0
ciMethodData mindustry/gen/PayloadUnit isLocal ()Z 2 6256 orig 80 1 0 0 0 0 0 0 0 0 0 0 0 235 124 0 0 0 0 0 0 0 0 0 0 0 0 0 0 0 0 0 0 0 0 0 0 0 0 0 1 0 0 0 0 0 0 0 0 0 0 0 0 0 0 0 0 0 0 0 0 0 0 0 0 0 0 0 0 0 0 0 0 0 0 0 0 0 0 0 0 data 45 0x40007 0x0 0x108 0x1770 0xa0004 0x0 0x0 0x2188ea32d50 0x1770 0x0 0x0 0xd0007 0x0 0xc8 0x1770 0x110004 0x0 0x0 0x2188ea32d50 0x80 0x0 0x0 0x160005 0x0 0x0 0x2188ea32d50 0x1770 0x0 0x0 0x80000006001e0007 0xea 0x38 0x1687 0x220003 0x1687 0x18 0x0 0x0 0x0 0x0 0x0 0x0 0x9 0x1 0x0 oops 3 7 mindustry/gen/PayloadUnit 18 mindustry/gen/PayloadUnit 25 mindustry/gen/PayloadUnit methods 0
ciMethodData mindustry/gen/PayloadUnit activelyBuilding ()Z 2 5379 orig 80 0 0 0 0 0 0 0 0 0 0 0 0 235 124 0 0 0 0 0 0 0 0 0 0 0 0 0 0 0 0 0 0 0 0 0 0 0 0 0 0 0 0 0 0 0 0 0 0 0 0 0 0 0 0 0 0 0 0 0 0 0 0 0 0 0 0 0 0 0 0 0 0 0 0 0 0 0 0 0 0 data 78 0x10005 0x0 0x0 0x2188ea32d50 0x1402 0x0 0x0 0x40007 0xd3f 0x160 0x6c3 0x80005 0x0 0x0 0x2188ea32d50 0x6c3 0x0 0x0 0xf0005 0x0 0x0 0x2188c262150 0x6c3 0x0 0x0 0x120007 0x0 0xd0 0x6c3 0x160007 0x0 0xb0 0x6c3 0x240007 0x0 0x38 0x6c3 0x2a0003 0x6c3 0x18 0x340005 0x0 0x0 0x2188ea32d50 0x6c3 0x0 0x0 0x370007 0x6c3 0x20 0x0 0x3d0005 0x0 0x0 0x2188ea32d50 0x1402 0x0 0x0 0x400007 0xd3f 0x58 0x6c3 0x470007 0x0 0x38 0x6c3 0x4b0003 0x6c3 0x18 0x0 0x0 0x0 0x0 0x0 0x0 0x9 0x1 0x0 oops 5 3 mindustry/gen/PayloadUnit 14 mindustry/gen/PayloadUnit 21 mindustry/core/GameState 43 mindustry/gen/PayloadUnit 54 mindustry/gen/PayloadUnit methods 0
ciMethodData mindustry/gen/PayloadUnit buildPlan ()Lmindustry/entities/units/BuildPlan; 2 5633 orig 80 0 0 0 0 0 0 0 0 0 0 0 0 235 124 0 0 0 0 0 0 0 0 0 0 0 0 0 0 0 0 0 0 0 0 0 0 0 0 0 0 0 0 0 0 0 0 0 0 0 0 0 0 0 0 0 0 0 0 0 0 0 0 0 0 0 0 0 0 0 0 0 0 0 0 0 0 0 0 0 0 data 30 0x70007 0x108a 0x38 0x522 0xb0003 0x522 0x88 0x120005 0x0 0x0 0x2188f464990 0x108a 0x0 0x0 0x150004 0x0 0x0 0x2188c2613e0 0x108a 0x0 0x0 0x0 0x0 0x0 0x0 0x0 0x0 0x9 0x1 0x0 oops 2 10 arc/struct/Queue 17 mindustry/entities/units/BuildPlan methods 0
ciMethodData arc/struct/Queue first ()Ljava/lang/Object; 2 4828 orig 80 0 0 0 0 0 0 0 0 0 0 0 0 235 124 0 0 0 0 0 0 0 0 0 0 0 0 0 0 0 0 0 0 0 0 0 0 0 0 0 0 0 0 0 0 0 0 0 0 0 0 0 0 0 0 0 0 0 0 0 0 0 0 0 0 0 0 0 0 0 0 0 0 0 0 0 0 0 0 0 0 data 13 0x40007 0x12dc 0x30 0x0 0xd0002 0x0 0x0 0x0 0x0 0x0 0x9 0x1 0x0 oops 0 methods 0
ciMethodData mindustry/gen/PayloadUnit hasPayload ()Z 2 5632 orig 80 0 0 0 0 0 0 0 0 0 0 0 0 235 124 0 0 0 0 0 0 0 0 0 0 0 0 0 0 0 0 0 0 0 0 0 0 0 0 0 0 0 0 0 0 0 0 0 0 0 0 0 0 0 0 0 0 0 0 0 0 0 0 0 0 0 0 0 0 0 0 0 0 0 0 0 0 0 0 0 0 data 14 0x70007 0x1401 0x38 0x0 0xb0003 0x0 0x18 0x0 0x0 0x0 0x0 0x9 0x1 0x0 oops 0 methods 0
ciMethod mindustry/world/Build validPlace (Lmindustry/world/Block;Lmindustry/game/Team;III)Z 0 0 12986 0 -1
ciMethod java/lang/invoke/LambdaForm$MH+0x000002180b890800 linkToTargetMethod (FFFLjava/lang/Object;)Ljava/lang/Object; 512 0 1743 0 -1
ciMethodData mindustry/entities/units/BuildPlan drawx ()F 2 38371 orig 80 0 0 0 0 0 0 0 0 0 0 0 0 235 124 0 0 0 0 0 0 0 0 0 0 0 0 0 0 0 0 0 0 0 0 0 0 0 0 0 0 0 0 0 0 0 0 0 0 0 0 0 0 0 0 0 0 0 0 0 0 0 0 0 0 0 0 0 0 0 0 0 0 0 0 0 0 0 0 0 0 data 16 0xc0007 0x95aa 0x38 0x0 0x100003 0x0 0x18 0x0 0x0 0x0 0x0 0x0 0x0 0x9 0x1 0x0 oops 0 methods 0
ciMethodData mindustry/entities/units/BuildPlan drawy ()F 2 38452 orig 80 0 0 0 0 0 0 0 0 0 0 0 0 235 124 0 0 0 0 0 0 0 0 0 0 0 0 0 0 0 0 0 0 0 0 0 0 0 0 0 0 0 0 0 0 0 0 0 0 0 0 0 0 0 0 0 0 0 0 0 0 0 0 0 0 0 0 0 0 0 0 0 0 0 0 0 0 0 0 0 0 data 16 0xc0007 0x95fb 0x38 0x0 0x100003 0x0 0x18 0x0 0x0 0x0 0x0 0x0 0x0 0x9 0x1 0x0 oops 0 methods 0
ciMethodData mindustry/entities/units/BuildPlan getX ()F 2 3873 orig 80 0 0 0 0 0 0 0 0 0 0 0 0 235 124 0 0 0 0 0 0 0 0 0 0 0 0 0 0 0 0 0 0 0 0 0 0 0 0 0 0 0 0 0 0 0 0 0 0 0 0 0 0 0 0 0 0 0 0 0 0 0 0 0 0 0 0 0 0 0 0 0 0 0 0 0 0 0 0 0 0 data 16 0x10005 0x0 0x0 0x2188c2613e0 0xe20 0x0 0x0 0x0 0x0 0x0 0x0 0x0 0x0 0x9 0x1 0x0 oops 1 3 mindustry/entities/units/BuildPlan methods 0
ciMethodData mindustry/entities/units/BuildPlan getY ()F 2 3873 orig 80 0 0 0 0 0 0 0 0 0 0 0 0 235 124 0 0 0 0 0 0 0 0 0 0 0 0 0 0 0 0 0 0 0 0 0 0 0 0 0 0 0 0 0 0 0 0 0 0 0 0 0 0 0 0 0 0 0 0 0 0 0 0 0 0 0 0 0 0 0 0 0 0 0 0 0 0 0 0 0 0 data 16 0x10005 0x0 0x0 0x2188c2613e0 0xe20 0x0 0x0 0x0 0x0 0x0 0x0 0x0 0x0 0x9 0x1 0x0 oops 1 3 mindustry/entities/units/BuildPlan methods 0
ciMethodData mindustry/gen/PayloadUnit drawBuilding ()V 2 3464 orig 80 0 0 0 0 0 0 0 0 0 0 0 0 235 124 0 0 0 0 0 0 0 0 0 0 0 0 0 0 0 0 0 0 0 0 0 0 0 0 0 0 0 0 0 0 0 0 0 0 0 0 0 0 0 0 0 0 0 0 0 0 0 0 0 0 0 0 0 0 0 0 0 0 0 0 0 0 0 0 0 0 data 166 0x10005 0x0 0x0 0x2188ea32d50 0xb89 0x0 0x0 0x60007 0xce 0x40 0xabb 0xd0007 0xb5 0x20 0xa06 0x140002 0x183 0x180007 0xb5 0x70 0xce 0x1c0005 0x0 0x0 0x2188ea32d50 0xce 0x0 0x0 0x1f0003 0xce 0x18 0x280005 0x0 0x0 0x2188c2613e0 0x183 0x0 0x0 0x300005 0x0 0x0 0x2188ed19c90 0x183 0x0 0x0 0x360007 0x0 0xb0 0x183 0x440007 0x0 0x38 0x183 0x4a0003 0x183 0x18 0x540005 0x0 0x0 0x2188ea32d50 0x183 0x0 0x0 0x570007 0x183 0x20 0x0 0x5d0007 0x0 0x210 0x183 0x610007 0xb5 0x1f0 0xce 0x650005 0x0 0x0 0x2188ea32d50 0xce 0x0 0x0 0x680007 0xce 0x198 0x0 0x6c0005 0x0 0x0 0x0 0x0 0x0 0x0 0x6f0004 0x0 0x0 0x0 0x0 0x0 0x0 0x720007 0x0 0x108 0x0 0x780005 0x0 0x0 0x0 0x0 0x0 0x0 0x7b0007 0x0 0xb0 0x0 0x810002 0x0 0x890005 0x0 0x0 0x0 0x0 0x0 0x0 0x910005 0x0 0x0 0x0 0x0 0x0 0x0 0x970002 0x0 0xa10007 0x0 0x88 0x183 0xb40002 0x183 0xc40002 0x183 0xd40002 0x183 0xdf0005 0x0 0x0 0x2188ea32d50 0x183 0x0 0x0 0x0 0x0 0x0 0x0 0x0 0x0 0x0 0x0 0x0 0x0 0x0 0x0 0x0 0x9 0x1 0x0 oops 7 3 mindustry/gen/PayloadUnit 24 mindustry/gen/PayloadUnit 34 mindustry/entities/units/BuildPlan 41 mindustry/game/Team 59 mindustry/gen/PayloadUnit 78 mindustry/gen/PayloadUnit 146 mindustry/gen/PayloadUnit methods 0
ciMethodData arc/graphics/g2d/Lines stroke (FLarc/graphics/Color;)V 2 6441 orig 80 0 0 0 0 0 0 0 0 0 0 0 0 235 124 0 0 0 0 0 0 0 0 0 0 0 0 0 0 0 0 0 0 0 0 0 0 0 0 0 0 0 0 0 0 0 0 0 0 0 0 0 0 0 0 0 0 0 0 0 0 0 0 0 0 0 0 0 0 0 0 0 0 0 0 0 0 0 0 0 0 data 12 0x50002 0x1829 0x0 0x0 0x0 0x0 0x0 0x0 0x9 0x2 0x0 0x0 oops 0 methods 0
ciMethodData mindustry/gen/PayloadUnit drawBuildingBeam (FF)V 1 617 orig 80 0 0 0 0 0 0 0 0 0 0 0 0 235 124 0 0 0 0 0 0 0 0 0 0 0 0 0 0 0 0 0 0 0 0 0 0 0 0 0 0 0 0 0 0 0 0 0 0 0 0 0 0 0 0 0 0 0 0 0 0 0 0 0 0 0 0 0 0 0 0 0 0 0 0 0 0 0 0 0 0 data 166 0x10005 0x0 0x0 0x2188ea32d50 0x169 0x0 0x0 0x60007 0xb4 0x40 0xb5 0xd0007 0xb5 0x20 0x0 0x140002 0x169 0x180007 0xb5 0x70 0xb4 0x1c0005 0x0 0x0 0x2188ea32d50 0xb4 0x0 0x0 0x1f0003 0xb4 0x18 0x350005 0x0 0x0 0x21891787fb0 0x169 0x0 0x0 0x3c0007 0x0 0xb0 0x169 0x4b0007 0x0 0x38 0x169 0x510003 0x169 0x18 0x5b0005 0x0 0x0 0x2188ea32d50 0x169 0x0 0x0 0x5e0007 0x169 0x20 0x0 0x670007 0x7c 0xa8 0xed 0x6b0007 0x3c 0x70 0xb1 0x700005 0x0 0x0 0x2188c261870 0xb1 0x0 0x0 0x760003 0xb1 0x30 0x7d0003 0x3c 0x18 0x8c0005 0x0 0x0 0x2188c2613e0 0x169 0x0 0x0 0x930005 0x0 0x0 0x2188c2613e0 0x169 0x0 0x0 0x9e0007 0x7c 0x38 0xed 0xa40003 0xed 0x18 0xaa0002 0x169 0xb00002 0x169 0xb70002 0x169 0xbb0007 0xb4 0xf8 0xb5 0xc30104 0xffffffffffffff87 0x0 0x0 0x0 0x0 0x0 0xc60007 0x0 0xa0 0xb5 0xcb0005 0x0 0x0 0x2188c2613e0 0xb5 0x0 0x0 0xd00005 0x0 0x0 0x2188c2613e0 0xb5 0x0 0x0 0xdb0002 0xb5 0xec0002 0x169 0xfd0002 0x169 0x1090002 0x169 0x10c0002 0x169 0x1120002 0x169 0x0 0x0 0x0 0x0 0x0 0x0 0x0 0x0 0x0 0x0 0x0 0x0 0x9 0x3 0x0 0x0 0x0 oops 9 3 mindustry/gen/PayloadUnit 24 mindustry/gen/PayloadUnit 34 mindustry/core/World 52 mindustry/gen/PayloadUnit 71 mindustry/world/Tile 84 mindustry/entities/units/BuildPlan 91 mindustry/entities/units/BuildPlan 126 mindustry/entities/units/BuildPlan 133 mindustry/entities/units/BuildPlan methods 0
ciMethodData mindustry/gen/MechUnit set (FF)V 2 5833 orig 80 0 0 0 0 0 0 0 0 0 0 0 0 235 124 0 0 0 0 0 0 0 0 0 0 0 0 0 0 0 0 0 0 0 0 0 0 0 0 0 0 0 0 0 0 0 0 0 0 0 0 0 0 0 0 0 0 0 0 0 0 0 0 0 0 0 0 0 0 0 0 0 0 0 0 0 0 0 0 0 0 data 9 0x0 0x0 0x0 0x0 0x9 0x3 0x0 0x0 0x0 oops 0 methods 0
ciMethodData mindustry/gen/MechUnit trns (FF)V 2 5389 orig 80 0 0 0 0 0 0 0 0 0 0 0 0 235 124 0 0 0 0 0 0 0 0 0 0 0 0 0 0 0 0 0 0 0 0 0 0 0 0 0 0 0 0 0 0 0 0 0 0 0 0 0 0 0 0 0 0 0 0 0 0 0 0 0 0 0 0 0 0 0 0 0 0 0 0 0 0 0 0 0 0 data 18 0xd0005 0x0 0x0 0x2188ea32f60 0x140d 0x0 0x0 0x0 0x0 0x0 0x0 0x0 0x0 0x9 0x3 0x0 0x0 0x0 oops 1 3 mindustry/gen/MechUnit methods 0
ciMethodData mindustry/gen/MechUnit isFlying ()Z 2 35367 orig 80 0 0 0 0 0 0 0 0 0 0 0 0 235 124 0 0 0 0 0 0 0 0 0 0 0 0 0 0 0 0 0 0 0 0 0 0 0 0 0 0 0 0 0 0 0 0 0 0 0 0 0 0 0 0 0 0 0 0 0 0 0 0 0 0 0 0 0 0 0 0 0 0 0 0 0 0 0 0 0 0 data 14 0x80007 0x8927 0x38 0x0 0xc0003 0x0 0x18 0x0 0x0 0x0 0x0 0x9 0x1 0x0 oops 0 methods 0
ciMethodData arc/graphics/g2d/Fill light (FFIFFLarc/graphics/Color;Larc/graphics/Color;)V 2 19424 orig 80 0 0 0 0 0 0 0 0 0 0 0 0 235 124 0 0 0 0 0 0 0 0 0 0 0 0 0 0 0 0 0 0 0 0 0 0 0 0 0 0 0 0 0 0 0 0 0 0 0 0 0 0 0 0 0 0 0 0 0 0 0 0 0 0 0 0 0 0 0 0 0 0 0 0 0 0 0 0 0 0 data 52 0x20005 0x0 0x0 0x2188c2ddc80 0x72e 0x0 0x0 0x90005 0x0 0x0 0x2188c2ddc80 0x72e 0x0 0x0 0x120002 0x72e 0x250007 0x72e 0xa8 0x43ae 0x320002 0x43ae 0x410002 0x43ae 0x520002 0x43ae 0x630002 0x43ae 0x740002 0x43ae 0x850002 0x43ae 0xac0002 0x43ae 0xb20003 0x43ae 0xffffffffffffff70 0x0 0x0 0x0 0x0 0x0 0x0 0x9 0x7 0x0 0x0 0x0 0x0 0x0 0x0 0x0 oops 2 3 arc/graphics/Color 10 arc/graphics/Color methods 0
ciMethodData mindustry/type/UnitType shieldColor (Lmindustry/gen/Unit;)Larc/graphics/Color; 2 2588 orig 80 0 0 0 0 0 0 0 0 0 0 0 0 235 124 0 0 0 0 0 0 0 0 0 0 0 0 0 0 0 0 0 0 0 0 0 0 0 0 0 0 0 0 0 0 0 0 0 0 0 0 0 0 0 0 0 0 0 0 0 0 0 0 0 0 0 0 0 0 0 0 0 0 0 0 0 0 0 0 0 0 data 17 0x40007 0x0 0x38 0x965 0xe0003 0x965 0x18 0x0 0x0 0x0 0x0 0x0 0x0 0x9 0x2 0x0 0x0 oops 0 methods 0
ciMethodData mindustry/gen/UnitEntity drawBuilding ()V 1 850 orig 80 0 0 0 0 0 0 0 0 0 0 0 0 235 124 0 0 0 0 0 0 0 0 0 0 0 0 0 0 0 0 0 0 0 0 0 0 0 0 0 0 0 0 0 0 0 0 0 0 0 0 0 0 0 0 0 0 0 0 0 0 0 0 0 0 0 0 0 0 0 0 0 0 0 0 0 0 0 0 0 0 data 166 0x10005 0x0 0x0 0x2188ea32e00 0x24f 0x0 0x0 0x60007 0x0 0x40 0x24f 0xd0007 0x0 0x20 0x24f 0x140002 0x0 0x180007 0x0 0x70 0x0 0x1c0005 0x0 0x0 0x0 0x0 0x0 0x0 0x1f0003 0x0 0x18 0x280005 0x0 0x0 0x0 0x0 0x0 0x0 0x300005 0x0 0x0 0x0 0x0 0x0 0x0 0x360007 0x0 0xb0 0x0 0x440007 0x0 0x38 0x0 0x4a0003 0x0 0x18 0x540005 0x0 0x0 0x0 0x0 0x0 0x0 0x570007 0x0 0x20 0x0 0x5d0007 0x0 0x210 0x0 0x610007 0x0 0x1f0 0x0 0x650005 0x0 0x0 0x0 0x0 0x0 0x0 0x680007 0x0 0x198 0x0 0x6c0005 0x0 0x0 0x0 0x0 0x0 0x0 0x6f0004 0x0 0x0 0x0 0x0 0x0 0x0 0x720007 0x0 0x108 0x0 0x780005 0x0 0x0 0x0 0x0 0x0 0x0 0x7b0007 0x0 0xb0 0x0 0x810002 0x0 0x890005 0x0 0x0 0x0 0x0 0x0 0x0 0x910005 0x0 0x0 0x0 0x0 0x0 0x0 0x970002 0x0 0xa10007 0x0 0x88 0x0 0xb40002 0x0 0xc40002 0x0 0xd40002 0x0 0xdf0005 0x0 0x0 0x0 0x0 0x0 0x0 0x0 0x0 0x0 0x0 0x0 0x0 0x0 0x0 0x0 0x0 0x0 0x0 0x0 0x9 0x1 0x0 oops 1 3 mindustry/gen/UnitEntityLegacyPoly methods 0
compile mindustry/type/UnitType draw (Lmindustry/gen/Unit;)V -1 4 inline 280 0 -1 mindustry/type/UnitType draw (Lmindustry/gen/Unit;)V 1 8 mindustry/gen/Player team ()Lmindustry/game/Team; 1 45 mindustry/gen/PayloadUnit drawBuilding ()V 2 1 mindustry/gen/PayloadUnit activelyBuilding ()Z 3 1 mindustry/gen/PayloadUnit isBuilding ()Z 3 8 mindustry/gen/PayloadUnit buildPlan ()Lmindustry/entities/units/BuildPlan; 4 18 arc/struct/Queue first ()Ljava/lang/Object; 3 15 mindustry/core/GameState isEditor ()Z 3 52 arc/math/geom/Position within (Larc/math/geom/Position;F)Z 4 2 mindustry/entities/units/BuildPlan getX ()F 5 1 mindustry/entities/units/BuildPlan drawx ()F 4 8 mindustry/entities/units/BuildPlan getY ()F 5 1 mindustry/entities/units/BuildPlan drawy ()F 4 14 arc/math/geom/Position within (FFF)Z 5 1 mindustry/gen/PayloadUnit getX ()F 5 7 mindustry/gen/PayloadUnit getY ()F 5 14 arc/math/Mathf dst2 (FFFF)F 3 61 mindustry/gen/PayloadUnit isBuilding ()Z 2 20 arc/graphics/g2d/Draw z (F)V 3 30 arc/graphics/g2d/SpriteBatch z (F)V 2 28 mindustry/gen/PayloadUnit buildPlan ()Lmindustry/entities/units/BuildPlan; 3 18 arc/struct/Queue first ()Ljava/lang/Object; 2 40 mindustry/entities/units/BuildPlan tile ()Lmindustry/world/Tile; 3 11 mindustry/core/World tile (II)Lmindustry/world/Tile; 4 6 mindustry/world/Tiles get (II)Lmindustry/world/Tile; 2 48 mindustry/game/Team core ()Lmindustry/world/blocks/storage/CoreBlock$CoreBuild; 3 4 mindustry/game/Teams$TeamData core ()Lmindustry/world/blocks/storage/CoreBlock$CoreBuild; 4 4 arc/struct/Seq isEmpty ()Z 4 18 arc/struct/Seq first ()Ljava/lang/Object; 2 84 arc/math/geom/Position within (Larc/math/geom/Position;F)Z 3 2 mindustry/entities/units/BuildPlan getX ()F 4 1 mindustry/entities/units/BuildPlan drawx ()F 3 8 mindustry/entities/units/BuildPlan getY ()F 4 1 mindustry/entities/units/BuildPlan drawy ()F 3 14 arc/math/geom/Position within (FFF)Z 4 1 mindustry/gen/PayloadUnit getX ()F 4 7 mindustry/gen/PayloadUnit getY ()F 4 14 arc/math/Mathf dst2 (FFFF)F 2 101 mindustry/gen/PayloadUnit isLocal ()Z 3 22 mindustry/gen/PayloadUnit controller ()Lmindustry/entities/units/UnitController; 2 180 arc/math/Mathf absin (FFF)F 3 5 arc/math/Mathf sin (FFF)F 4 3 arc/math/Mathf sin (F)F 2 196 arc/math/Angles trnsx (FF)F 3 2 arc/math/Mathf cosDeg (F)F 2 212 arc/math/Angles trnsy (FF)F 3 2 arc/math/Mathf sinDeg (F)F 2 223 mindustry/gen/PayloadUnit drawBuildingBeam (FF)V 3 20 arc/graphics/g2d/Draw z (F)V 4 30 arc/graphics/g2d/SpriteBatch z (F)V 3 28 mindustry/gen/PayloadUnit buildPlan ()Lmindustry/entities/units/BuildPlan; 4 18 arc/struct/Queue first ()Ljava/lang/Object; 3 53 mindustry/core/World tile (II)Lmindustry/world/Tile; 4 6 mindustry/world/Tiles get (II)Lmindustry/world/Tile; 3 91 arc/math/geom/Position within (Larc/math/geom/Position;F)Z 4 2 mindustry/entities/units/BuildPlan getX ()F 5 1 mindustry/entities/units/BuildPlan drawx ()F 4 8 mindustry/entities/units/BuildPlan getY ()F 5 1 mindustry/entities/units/BuildPlan drawy ()F 4 14 arc/math/geom/Position within (FFF)Z 5 1 mindustry/gen/PayloadUnit getX ()F 5 7 mindustry/gen/PayloadUnit getY ()F 5 14 arc/math/Mathf dst2 (FFFF)F 3 112 mindustry/world/Tile block ()Lmindustry/world/Block; 3 140 mindustry/entities/units/BuildPlan drawx ()F 3 147 mindustry/entities/units/BuildPlan drawy ()F 3 170 arc/graphics/g2d/Lines stroke (FLarc/graphics/Color;)V 4 5 arc/graphics/g2d/Draw color (Larc/graphics/Color;)V 5 4 arc/graphics/Color toFloatBits ()F 6 46 arc/graphics/Color intToFloatColor (I)F 5 7 arc/graphics/g2d/Batch setPackedColor (F)V 3 176 arc/graphics/g2d/Draw z (F)V 4 30 arc/graphics/g2d/SpriteBatch z (F)V 3 203 mindustry/entities/units/BuildPlan drawx ()F 3 208 mindustry/entities/units/BuildPlan drawy ()F 3 253 arc/math/Mathf absin (FFF)F 4 5 arc/math/Mathf sin (FFF)F 5 3 arc/math/Mathf sin (F)F 3 265 arc/graphics/g2d/Fill square (FFFF)V 4 15 arc/graphics/g2d/Draw rect (Larc/graphics/g2d/TextureRegion;FFFFF)V 5 15 arc/graphics/g2d/Draw rect (Larc/graphics/g2d/TextureRegion;FFFFFFF)V 3 268 arc/graphics/g2d/Draw reset ()V 4 0 arc/graphics/g2d/Draw color ()V 5 6 arc/graphics/g2d/Batch setPackedColor (F)V 4 3 arc/graphics/g2d/Draw mixcol ()V 5 6 arc/graphics/g2d/Batch setPackedMixColor (F)V 4 15 arc/graphics/g2d/Lines stroke (F)V 3 274 arc/graphics/g2d/Draw z (F)V 4 30 arc/graphics/g2d/SpriteBatch z (F)V 1 45 mindustry/gen/UnitEntity drawBuilding ()V 2 108 mindustry/world/Tile block ()Lmindustry/world/Block; 1 61 mindustry/type/UnitType drawMining (Lmindustry/gen/Unit;)V 2 18 arc/math/Mathf absin (FFF)F 3 5 arc/math/Mathf sin (FFF)F 4 3 arc/math/Mathf sin (F)F 2 32 arc/math/Angles trnsx (FF)F 3 2 arc/math/Mathf cosDeg (F)F 2 46 arc/math/Angles trnsy (FF)F 3 2 arc/math/Mathf sinDeg (F)F 1 110 arc/graphics/g2d/Draw z ()F 1 212 arc/math/Mathf clamp (FFF)F 1 223 mindustry/gen/MechUnit isFlying ()Z 1 247 arc/graphics/g2d/Draw z (F)V 2 30 arc/graphics/g2d/SpriteBatch z (F)V 1 261 arc/graphics/g2d/Draw z (F)V 2 30 arc/graphics/g2d/SpriteBatch z (F)V 1 280 mindustry/gen/MechUnit baseRotation ()F 1 289 mindustry/gen/MechUnit walkExtend (Z)F 1 298 arc/math/Mathf sin (FFF)F 2 3 arc/math/Mathf sin (F)F 1 311 arc/math/Mathf lerp (FFF)F 1 314 arc/math/geom/Vec2 trns (FFF)Larc/math/geom/Vec2; 2 3 arc/math/geom/Vec2 set (FF)Larc/math/geom/Vec2; 2 7 arc/math/geom/Vec2 rotate (F)Larc/math/geom/Vec2; 3 5 arc/math/geom/Vec2 rotateRad (F)Larc/math/geom/Vec2; 4 1 arc/math/Mathf cos (F)F 4 6 arc/math/Mathf sin (F)F 1 326 mindustry/gen/MechUnit baseRotation ()F 1 339 mindustry/gen/MechUnit walkExtend (Z)F 1 348 arc/math/Mathf sin (FFF)F 2 3 arc/math/Mathf sin (F)F 1 361 arc/math/Mathf lerp (FFF)F 1 364 arc/math/geom/Vec2 trns (FFF)Larc/math/geom/Vec2; 2 3 arc/math/geom/Vec2 set (FF)Larc/math/geom/Vec2; 2 7 arc/math/geom/Vec2 rotate (F)Larc/math/geom/Vec2; 3 5 arc/math/geom/Vec2 rotateRad (F)Larc/math/geom/Vec2; 4 1 arc/math/Mathf cos (F)F 4 6 arc/math/Mathf sin (F)F 1 367 arc/math/geom/Vec2 add (Larc/math/geom/Vec2;)Larc/math/geom/Vec2; 1 384 mindustry/gen/MechUnit trns (FF)V 2 13 mindustry/gen/MechUnit set (FF)V 1 439 arc/graphics/g2d/Draw z (F)V 2 30 arc/graphics/g2d/SpriteBatch z (F)V 1 457 mindustry/type/UnitType drawPayload (Lmindustry/gen/Unit;)V 2 4 mindustry/gen/PayloadUnit hasPayload ()Z 1 474 arc/graphics/g2d/Draw z (F)V 2 30 arc/graphics/g2d/SpriteBatch z (F)V 1 523 mindustry/type/UnitType drawOutline (Lmindustry/gen/Unit;)V 2 0 arc/graphics/g2d/Draw reset ()V 3 0 arc/graphics/g2d/Draw color ()V 4 6 arc/graphics/g2d/Batch setPackedColor (F)V 3 3 arc/graphics/g2d/Draw mixcol ()V 4 6 arc/graphics/g2d/Batch setPackedMixColor (F)V 3 15 arc/graphics/g2d/Lines stroke (F)V 2 10 arc/graphics/g2d/TextureAtlas isFound (Larc/graphics/g2d/TextureRegion;)Z 1 597 arc/graphics/g2d/Draw z (F)V 2 30 arc/graphics/g2d/SpriteBatch z (F)V 1 609 mindustry/type/UnitType drawBody (Lmindustry/gen/Unit;)V 2 2 mindustry/type/UnitType applyColor (Lmindustry/gen/Unit;)V 3 0 arc/graphics/g2d/Draw color ()V 4 6 arc/graphics/g2d/Batch setPackedColor (F)V 3 16 arc/graphics/Color set (Larc/graphics/Color;)Larc/graphics/Color; 3 32 arc/math/Mathf clamp (F)F 3 35 arc/graphics/Color lerp (Larc/graphics/Color;F)Larc/graphics/Color; 4 81 arc/graphics/Color clamp ()Larc/graphics/Color; 3 61 arc/math/Mathf clamp (F)F 3 67 arc/graphics/g2d/Draw mixcol (Larc/graphics/Color;F)V 4 16 arc/math/Mathf clamp (F)F 4 19 arc/graphics/Color toFloatBits (FFFF)F 5 36 arc/graphics/Color intToFloatColor (I)F 4 22 arc/graphics/g2d/Batch setPackedMixColor (F)V 3 138 mindustry/graphics/OverlayRenderer checkApplySelection (Lmindustry/gen/Unit;)V 2 59 arc/graphics/g2d/Draw rect (Larc/graphics/g2d/TextureRegion;FFF)V 3 9 arc/graphics/g2d/TextureRegion scl ()F 3 23 arc/graphics/g2d/TextureRegion scl ()F 3 32 arc/graphics/g2d/Draw rect (Larc/graphics/g2d/TextureRegion;FFFFF)V 4 15 arc/graphics/g2d/Draw rect (Larc/graphics/g2d/TextureRegion;FFFFFFF)V 2 62 arc/graphics/g2d/Draw reset ()V 3 0 arc/graphics/g2d/Draw color ()V 4 6 arc/graphics/g2d/Batch setPackedColor (F)V 3 3 arc/graphics/g2d/Draw mixcol ()V 4 6 arc/graphics/g2d/Batch setPackedMixColor (F)V 3 15 arc/graphics/g2d/Lines stroke (F)V 1 632 arc/graphics/g2d/Draw scl (F)V 2 2 arc/graphics/g2d/Draw scl (FF)V 1 637 mindustry/type/UnitType drawWeapons (Lmindustry/gen/Unit;)V 2 2 mindustry/type/UnitType applyColor (Lmindustry/gen/Unit;)V 3 0 arc/graphics/g2d/Draw color ()V 4 6 arc/graphics/g2d/Batch setPackedColor (F)V 3 16 arc/graphics/Color set (Larc/graphics/Color;)Larc/graphics/Color; 3 32 arc/math/Mathf clamp (F)F 3 35 arc/graphics/Color lerp (Larc/graphics/Color;F)Larc/graphics/Color; 4 81 arc/graphics/Color clamp ()Larc/graphics/Color; 3 61 arc/math/Mathf clamp (F)F 3 67 arc/graphics/g2d/Draw mixcol (Larc/graphics/Color;F)V 4 16 arc/math/Mathf clamp (F)F 4 19 arc/graphics/Color toFloatBits (FFFF)F 5 36 arc/graphics/Color intToFloatColor (I)F 4 22 arc/graphics/g2d/Batch setPackedMixColor (F)V 3 138 mindustry/graphics/OverlayRenderer checkApplySelection (Lmindustry/gen/Unit;)V 2 45 arc/graphics/g2d/Draw reset ()V 3 0 arc/graphics/g2d/Draw color ()V 4 6 arc/graphics/g2d/Batch setPackedColor (F)V 3 3 arc/graphics/g2d/Draw mixcol ()V 4 6 arc/graphics/g2d/Batch setPackedMixColor (F)V 3 15 arc/graphics/g2d/Lines stroke (F)V 1 649 mindustry/type/UnitType drawItems (Lmindustry/gen/Unit;)V 2 2 mindustry/type/UnitType applyColor (Lmindustry/gen/Unit;)V 3 0 arc/graphics/g2d/Draw color ()V 4 6 arc/graphics/g2d/Batch setPackedColor (F)V 3 16 arc/graphics/Color set (Larc/graphics/Color;)Larc/graphics/Color; 3 32 arc/math/Mathf clamp (F)F 3 35 arc/graphics/Color lerp (Larc/graphics/Color;F)Larc/graphics/Color; 4 81 arc/graphics/Color clamp ()Larc/graphics/Color; 3 61 arc/math/Mathf clamp (F)F 3 67 arc/graphics/g2d/Draw mixcol (Larc/graphics/Color;F)V 4 16 arc/math/Mathf clamp (F)F 4 19 arc/graphics/Color toFloatBits (FFFF)F 5 36 arc/graphics/Color intToFloatColor (I)F 4 22 arc/graphics/g2d/Batch setPackedMixColor (F)V 3 138 mindustry/graphics/OverlayRenderer checkApplySelection (Lmindustry/gen/Unit;)V 2 29 arc/math/Mathf absin (FFF)F 3 5 arc/math/Mathf sin (FFF)F 4 3 arc/math/Mathf sin (F)F 2 51 arc/graphics/g2d/Draw mixcol (Larc/graphics/Color;F)V 3 16 arc/math/Mathf clamp (F)F 3 19 arc/graphics/Color toFloatBits (FFFF)F 4 36 arc/graphics/Color intToFloatColor (I)F 3 22 arc/graphics/g2d/Batch setPackedMixColor (F)V 2 55 mindustry/gen/UnitEntity item ()Lmindustry/type/Item; 2 77 arc/math/Angles trnsx (FF)F 3 2 arc/math/Mathf cosDeg (F)F 2 97 arc/math/Angles trnsy (FF)F 3 2 arc/math/Mathf sinDeg (F)F 2 107 arc/graphics/g2d/Draw rect (Larc/graphics/g2d/TextureRegion;FFFFF)V 3 15 arc/graphics/g2d/Draw rect (Larc/graphics/g2d/TextureRegion;FFFFFFF)V 2 110 arc/graphics/g2d/Draw mixcol ()V 3 6 arc/graphics/g2d/Batch setPackedMixColor (F)V 2 131 arc/graphics/g2d/Draw color (Larc/graphics/Color;)V 3 4 arc/graphics/Color toFloatBits ()F 4 46 arc/graphics/Color intToFloatColor (I)F 3 7 arc/graphics/g2d/Batch setPackedColor (F)V 2 154 arc/math/Angles trnsx (FF)F 3 2 arc/math/Mathf cosDeg (F)F 2 174 arc/math/Angles trnsy (FF)F 3 2 arc/math/Mathf sinDeg (F)F 2 180 arc/graphics/g2d/Draw rect (Larc/graphics/g2d/TextureRegion;FFFF)V 2 278 arc/graphics/g2d/Draw reset ()V 3 0 arc/graphics/g2d/Draw color ()V 4 6 arc/graphics/g2d/Batch setPackedColor (F)V 3 3 arc/graphics/g2d/Draw mixcol ()V 4 6 arc/graphics/g2d/Batch setPackedMixColor (F)V 3 15 arc/graphics/g2d/Lines stroke (F)V 1 658 mindustry/type/UnitType drawLight (Lmindustry/gen/Unit;)V 2 29 mindustry/graphics/Drawf light (FFFLarc/graphics/Color;F)V 3 19 mindustry/graphics/LightRenderer add (FFFLarc/graphics/Color;F)V 4 1 mindustry/graphics/LightRenderer enabled ()Z 1 679 mindustry/type/UnitType drawShield (Lmindustry/gen/Unit;)V 2 1 mindustry/gen/Unit shieldAlpha ()F 2 6 mindustry/gen/MechUnit hitSize ()F 2 6 mindustry/gen/PayloadUnit hitSize ()F 2 23 arc/graphics/g2d/Lines circleVertices (F)I 2 38 mindustry/type/UnitType shieldColor (Lmindustry/gen/Unit;)Larc/graphics/Color; 2 41 arc/graphics/Color set (Larc/graphics/Color;)Larc/graphics/Color; 2 48 mindustry/gen/Unit hitTime ()F 2 53 arc/math/Mathf clamp (F)F 2 56 arc/graphics/Color lerp (Larc/graphics/Color;F)Larc/graphics/Color; 3 81 arc/graphics/Color clamp ()Larc/graphics/Color; 2 64 arc/graphics/Color a (F)Larc/graphics/Color; 2 67 arc/graphics/g2d/Fill light (FFIFLarc/graphics/Color;Larc/graphics/Color;)V 3 9 arc/graphics/g2d/Fill light (FFIFFLarc/graphics/Color;Larc/graphics/Color;)V 4 2 arc/graphics/Color toFloatBits ()F 5 46 arc/graphics/Color intToFloatColor (I)F 4 9 arc/graphics/Color toFloatBits ()F 5 46 arc/graphics/Color intToFloatColor (I)F 4 18 arc/math/Mathf ceil (F)I 4 50 arc/math/Angles trnsx (FF)F 5 2 arc/math/Mathf cosDeg (F)F 4 65 arc/math/Angles trnsy (FF)F 5 2 arc/math/Mathf sinDeg (F)F 4 82 arc/math/Angles trnsx (FF)F 5 2 arc/math/Mathf cosDeg (F)F 4 99 arc/math/Angles trnsy (FF)F 5 2 arc/math/Mathf sinDeg (F)F 4 116 arc/math/Angles trnsx (FF)F 5 2 arc/math/Mathf cosDeg (F)F 4 133 arc/math/Angles trnsy (FF)F 5 2 arc/math/Mathf sinDeg (F)F 4 172 arc/graphics/g2d/Fill quad (FFFFFFFFFFFF)V 5 11 arc/graphics/g2d/Batch getPackedMixColor ()F
